,n,seed,IHT_accuracy,IHT_cv_accuracy,model
0,50,111,0.475,0.475,ising
1,50,112,0.5,0.6,ising
2,100,131,0.725,0.85,ising
3,150,151,0.65,0.85,ising
4,50,113,0.575,0.575,ising
5,200,171,0.825,0.85,ising
6,100,132,0.75,0.85,ising
7,50,114,0.55,0.675,ising
8,150,152,0.8,0.875,ising
9,50,115,0.575,0.575,ising
10,100,133,0.575,0.825,ising
11,50,116,0.625,0.675,ising
12,250,191,0.925,0.9,ising
13,50,117,0.625,0.725,ising
14,150,153,0.775,0.9,ising
15,100,134,0.575,0.575,ising
16,200,172,0.8,0.9,ising
17,50,118,0.575,0.725,ising
18,50,119,0.65,0.7,ising
19,100,135,0.55,0.775,ising
20,150,154,0.825,0.95,ising
21,50,120,0.5,0.65,ising
22,50,121,0.475,0.6,ising
23,100,136,0.75,0.875,ising
24,250,192,0.925,0.925,ising
25,200,173,0.85,0.9,ising
26,50,122,0.75,0.775,ising
27,100,137,0.725,0.875,ising
28,50,123,0.6,0.7,ising
29,150,155,0.875,0.95,ising
30,50,124,0.525,0.725,ising
31,100,138,0.65,0.85,ising
32,200,174,0.675,0.675,ising
33,50,125,0.575,0.675,ising
34,250,193,0.525,0.875,ising
35,100,139,0.65,0.75,ising
36,150,156,0.6,0.6,ising
37,50,126,0.625,0.75,ising
38,50,127,0.525,0.65,ising
39,100,140,0.675,0.95,ising
40,50,128,0.625,0.65,ising
41,150,157,0.625,0.8,ising
42,200,175,0.85,0.85,ising
43,50,129,0.575,0.65,ising
44,100,141,0.675,0.775,ising
45,50,130,0.625,0.75,ising
46,150,158,0.8,0.875,ising
47,250,194,0.8,0.825,ising
48,100,142,0.775,0.875,ising
49,200,176,0.65,0.9,ising
50,100,143,0.75,0.775,ising
51,150,159,0.8,0.9,ising
52,100,144,0.775,0.925,ising
53,200,177,0.875,0.925,ising
54,300,211,0.975,0.975,ising
55,250,195,0.95,0.925,ising
56,150,160,0.7,0.95,ising
57,100,145,0.675,0.875,ising
58,100,146,0.675,0.775,ising
59,200,178,0.925,0.975,ising
60,150,161,0.7,0.925,ising
61,250,196,0.975,0.95,ising
62,100,147,0.7,0.725,ising
63,300,212,0.9,0.9,ising
64,150,162,0.675,0.8,ising
65,200,179,0.8,0.8,ising
66,100,148,0.725,0.9,ising
67,150,163,0.75,0.875,ising
68,100,149,0.625,0.725,ising
69,250,197,0.9,0.875,ising
70,200,180,0.65,0.9,ising
71,100,150,0.575,0.75,ising
72,300,213,0.5,0.5,ising
73,150,164,0.725,0.7,ising
74,200,181,0.825,0.825,ising
75,150,165,0.775,0.85,ising
76,250,198,0.925,0.95,ising
77,200,182,0.7,0.85,ising
78,150,166,0.85,1.0,ising
79,350,231,0.95,0.95,ising
80,150,167,0.75,0.9,ising
81,250,199,0.8,0.875,ising
82,200,183,0.9,0.925,ising
83,300,215,0.9,0.9,ising
84,150,168,0.8,0.85,ising
85,350,232,1.0,0.975,ising
86,250,200,0.875,0.9,ising
87,150,169,0.65,0.725,ising
88,200,184,0.925,0.975,ising
89,300,216,0.95,0.975,ising
90,200,185,0.575,0.575,ising
91,150,170,0.8,0.9,ising
92,250,201,0.925,0.9,ising
93,350,233,0.95,0.95,ising
94,300,217,0.55,0.55,ising
95,200,186,0.85,0.875,ising
96,250,202,0.875,0.875,ising
97,350,234,1.0,1.0,ising
98,200,187,0.85,0.925,ising
99,300,219,0.65,0.65,ising
100,250,203,0.875,0.925,ising
101,200,188,0.85,0.95,ising
102,400,252,0.975,0.975,ising
103,350,235,0.9,0.9,ising
104,300,220,0.775,0.775,ising
105,200,189,0.85,0.875,ising
106,250,204,0.925,0.95,ising
107,350,236,0.875,0.85,ising
108,300,221,0.975,0.975,ising
109,250,205,0.9,0.9,ising
110,200,190,0.85,0.9,ising
111,400,253,1.0,1.0,ising
112,350,237,0.95,0.975,ising
113,250,206,0.825,0.875,ising
114,300,222,0.95,0.95,ising
115,250,207,0.8,0.8,ising
116,350,238,0.875,0.875,ising
117,400,254,0.975,0.925,ising
118,450,271,0.9,1.0,ising
119,300,223,0.925,0.925,ising
120,250,208,0.925,0.975,ising
121,350,239,0.975,0.975,ising
122,300,224,0.75,0.75,ising
123,250,209,0.975,1.0,ising
124,400,255,0.875,0.875,ising
125,450,272,1.0,1.0,ising
126,300,225,0.85,0.85,ising
127,250,210,0.95,0.975,ising
128,400,256,1.0,1.0,ising
129,300,226,1.0,1.0,ising
130,350,241,0.925,0.925,ising
131,450,273,0.975,0.975,ising
132,300,227,0.9,0.95,ising
133,500,291,1.0,1.0,ising
134,400,257,0.9,0.925,ising
135,350,242,0.975,0.975,ising
136,300,228,0.85,0.9,ising
137,450,274,1.0,1.0,ising
138,400,258,0.975,0.975,ising
139,350,243,0.925,0.95,ising
140,500,292,1.0,1.0,ising
141,300,229,0.95,0.95,ising
142,450,275,0.9,0.95,ising
143,350,244,1.0,1.0,ising
144,300,230,0.925,0.925,ising
145,350,245,1.0,1.0,ising
146,400,260,0.925,0.925,ising
147,450,276,0.975,0.975,ising
148,500,293,0.975,0.975,ising
149,400,261,0.925,0.975,ising
150,550,312,0.975,0.975,ising
151,350,247,1.0,1.0,ising
152,450,277,0.5,0.5,ising
153,400,262,0.925,0.95,ising
154,500,294,0.875,0.925,ising
155,350,248,0.95,0.9,ising
156,400,263,0.85,0.85,ising
157,450,278,0.925,1.0,ising
158,550,313,0.8,0.95,ising
159,500,295,1.0,1.0,ising
160,350,249,0.975,0.975,ising
161,400,264,0.975,0.975,ising
162,350,250,0.85,0.85,ising
163,550,314,0.9,1.0,ising
164,450,279,0.975,0.975,ising
165,500,296,1.0,0.975,ising
166,400,265,0.95,0.975,ising
167,450,280,0.95,0.9,ising
168,600,331,0.75,0.975,ising
169,550,315,1.0,1.0,ising
170,400,266,0.975,0.925,ising
171,500,297,1.0,0.975,ising
172,450,281,0.95,0.95,ising
173,550,316,0.675,0.6,ising
174,400,267,0.925,0.925,ising
175,500,298,0.975,0.975,ising
176,450,282,0.975,1.0,ising
177,400,268,0.95,0.95,ising
178,550,317,1.0,1.0,ising
179,500,299,0.725,0.95,ising
180,400,269,0.575,0.575,ising
181,450,283,0.85,0.95,ising
182,600,334,0.725,0.925,ising
183,400,270,0.65,0.9,ising
184,500,300,1.0,1.0,ising
185,550,318,0.75,0.975,ising
186,450,284,0.95,1.0,ising
187,600,335,0.95,0.975,ising
188,450,285,0.825,0.85,ising
189,650,351,0.775,1.0,ising
190,500,301,0.975,1.0,ising
191,550,319,0.775,0.975,ising
192,500,302,0.975,0.975,ising
193,450,286,0.975,0.975,ising
194,600,336,0.825,0.975,ising
195,650,352,0.85,0.975,ising
196,550,320,0.875,0.925,ising
197,500,303,0.975,0.95,ising
198,450,288,1.0,1.0,ising
199,600,337,0.85,0.95,ising
200,650,353,0.95,1.0,ising
201,500,304,0.925,0.925,ising
202,550,321,0.925,1.0,ising
203,450,289,0.975,0.925,ising
204,500,305,0.95,0.975,ising
205,650,354,0.725,0.975,ising
206,550,322,0.925,1.0,ising
207,600,338,0.95,1.0,ising
208,450,290,0.95,0.95,ising
209,500,306,0.85,0.95,ising
210,600,339,1.0,1.0,ising
211,500,307,0.9,0.925,ising
212,650,355,0.675,1.0,ising
213,700,371,0.725,0.95,ising
214,600,340,1.0,0.95,ising
215,500,308,0.825,0.95,ising
216,550,325,1.0,1.0,ising
217,650,356,0.75,1.0,ising
218,500,309,0.95,0.975,ising
219,550,326,0.8,0.9,ising
220,600,341,0.975,1.0,ising
221,700,373,0.75,1.0,ising
222,650,357,0.875,1.0,ising
223,500,310,0.9,0.975,ising
224,550,327,0.975,0.975,ising
225,600,342,0.725,0.975,ising
226,650,358,0.925,1.0,ising
227,750,391,0.75,1.0,ising
228,700,374,0.7,1.0,ising
229,600,343,0.9,1.0,ising
230,550,329,0.875,0.975,ising
231,650,359,0.675,1.0,ising
232,700,375,0.65,1.0,ising
233,600,344,1.0,1.0,ising
234,550,330,0.925,1.0,ising
235,750,393,0.8,1.0,ising
236,650,360,0.775,0.95,ising
237,700,376,1.0,1.0,ising
238,600,345,1.0,1.0,ising
239,800,411,0.675,0.975,ising
240,700,377,0.675,0.975,ising
241,650,362,0.675,0.975,ising
242,750,395,0.675,0.95,ising
243,600,347,0.925,1.0,ising
244,800,412,0.725,1.0,ising
245,700,378,0.575,1.0,ising
246,650,363,0.825,0.925,ising
247,750,396,0.725,1.0,ising
248,800,413,0.625,0.975,ising
249,700,379,0.65,0.975,ising
250,600,350,0.575,0.65,ising
251,650,365,0.65,0.95,ising
252,800,414,0.75,1.0,ising
253,750,397,0.625,1.0,ising
254,700,381,0.775,0.95,ising
255,850,431,0.775,1.0,ising
256,650,366,0.775,1.0,ising
257,800,415,0.75,1.0,ising
258,750,398,0.725,1.0,ising
259,700,382,0.7,1.0,ising
260,650,367,0.8,1.0,ising
261,800,416,0.575,0.975,ising
262,750,399,0.8,1.0,ising
263,650,368,0.8,0.95,ising
264,850,433,0.7,1.0,ising
265,700,383,0.9,1.0,ising
266,800,417,0.625,1.0,ising
267,750,400,0.625,1.0,ising
268,650,369,0.725,0.975,ising
269,700,384,0.725,0.925,ising
270,850,434,0.675,1.0,ising
271,800,418,0.775,0.975,ising
272,750,401,0.75,1.0,ising
273,650,370,0.7,0.925,ising
274,800,419,0.675,0.95,ising
275,750,402,0.825,0.95,ising
276,850,436,0.55,0.95,ising
277,700,387,0.825,0.975,ising
278,750,403,0.7,1.0,ising
279,900,452,0.625,1.0,ising
280,700,388,0.65,0.975,ising
281,800,421,0.8,0.975,ising
282,750,404,0.675,1.0,ising
283,700,389,0.825,0.975,ising
284,800,422,0.575,0.975,ising
285,850,439,0.65,0.95,ising
286,900,454,0.8,1.0,ising
287,750,406,0.7,0.925,ising
288,850,440,0.625,0.925,ising
289,950,471,0.65,1.0,ising
290,900,455,0.75,1.0,ising
291,800,424,0.725,1.0,ising
292,750,408,0.7,0.975,ising
293,950,472,0.65,1.0,ising
294,750,409,0.725,0.975,ising
295,800,426,0.725,1.0,ising
296,900,457,0.7,1.0,ising
297,950,473,0.725,1.0,ising
298,750,410,0.6,0.9,ising
299,850,444,0.6,1.0,ising
300,900,458,0.625,1.0,ising
301,950,474,0.675,1.0,ising
302,1000,491,0.675,1.0,ising
303,800,428,0.675,1.0,ising
304,950,475,0.625,0.825,ising
305,850,446,0.7,1.0,ising
306,900,460,0.7,0.95,ising
307,800,429,0.75,1.0,ising
308,950,476,0.45,0.625,ising
309,850,447,0.725,0.975,ising
310,800,430,0.725,0.975,ising
311,1000,493,0.725,1.0,ising
312,850,448,0.525,1.0,ising
313,900,463,0.625,1.0,ising
314,950,478,0.725,0.975,ising
315,850,449,0.7,1.0,ising
316,1000,495,0.65,1.0,ising
317,900,464,0.7,1.0,ising
318,850,450,0.625,0.95,ising
319,1000,496,0.75,1.0,ising
320,900,466,0.45,0.45,ising
321,950,481,0.7,1.0,ising
322,1000,497,0.6,0.975,ising
323,950,482,0.675,0.975,ising
324,900,468,0.625,0.975,ising
325,950,483,0.7,1.0,ising
326,1000,499,0.625,0.975,ising
327,900,469,0.725,1.0,ising
328,950,484,0.6,0.975,ising
329,900,470,0.6,1.0,ising
330,950,485,0.625,1.0,ising
331,1000,502,0.675,1.0,ising
332,950,486,0.525,0.875,ising
333,50,1110,0.65,0.7,ising
334,100,1190,0.625,0.625,ising
335,50,1111,0.525,0.525,ising
336,50,1112,0.6,0.725,ising
337,150,1270,0.8,0.9,ising
338,200,1350,0.8,0.85,ising
339,100,1191,0.6,0.825,ising
340,50,1113,0.7,0.7,ising
341,250,1430,0.95,0.975,ising
342,50,1114,0.6,0.6,ising
343,100,1192,0.575,0.575,ising
344,150,1271,0.825,0.85,ising
345,50,1115,0.6,0.675,ising
346,200,1351,0.725,0.8,ising
347,50,1116,0.6,0.7,ising
348,100,1193,0.6,0.825,ising
349,50,1117,0.6,0.725,ising
350,250,1431,0.775,0.85,ising
351,50,1118,0.6,0.7,ising
352,150,1272,0.775,0.85,ising
353,200,1352,0.875,0.875,ising
354,100,1194,0.725,0.85,ising
355,50,1119,0.5,0.55,ising
356,100,1195,0.65,0.875,ising
357,50,1120,0.55,0.575,ising
358,150,1273,0.825,0.9,ising
359,50,1121,0.55,0.65,ising
360,100,1196,0.675,0.775,ising
361,50,1122,0.45,0.6,ising
362,250,1432,0.9,0.875,ising
363,50,1123,0.575,0.65,ising
364,100,1197,0.825,0.9,ising
365,150,1274,0.85,0.9,ising
366,200,1353,0.875,0.975,ising
367,50,1124,0.625,0.725,ising
368,50,1125,0.575,0.625,ising
369,100,1198,0.725,0.85,ising
370,50,1126,0.525,0.525,ising
371,150,1275,0.7,0.8,ising
372,50,1127,0.6,0.6,ising
373,100,1199,0.65,0.75,ising
374,150,1276,0.525,0.525,ising
375,50,1128,0.625,0.7,ising
376,250,1433,0.95,0.975,ising
377,100,1200,0.65,0.925,ising
378,50,1129,0.5,0.675,ising
379,200,1355,0.85,0.875,ising
380,50,1130,0.75,0.75,ising
381,100,1201,0.6,0.825,ising
382,150,1277,0.725,0.975,ising
383,50,1131,0.475,0.525,ising
384,50,1132,0.575,0.75,ising
385,100,1202,0.675,0.825,ising
386,50,1133,0.6,0.675,ising
387,250,1434,0.95,1.0,ising
388,150,1278,0.7,0.825,ising
389,200,1356,0.525,0.85,ising
390,50,1134,0.675,0.675,ising
391,100,1203,0.675,0.8,ising
392,50,1135,0.75,0.8,ising
393,150,1279,0.725,0.8,ising
394,100,1204,0.725,0.825,ising
395,50,1136,0.625,0.725,ising
396,200,1357,0.85,0.9,ising
397,250,1435,0.9,0.95,ising
398,50,1137,0.575,0.7,ising
399,100,1205,0.625,0.625,ising
400,150,1280,0.675,0.675,ising
401,50,1138,0.6,0.675,ising
402,100,1206,0.625,0.8,ising
403,50,1139,0.525,0.65,ising
404,200,1358,0.875,0.9,ising
405,50,1140,0.65,0.675,ising
406,100,1207,0.625,0.775,ising
407,50,1141,0.55,0.65,ising
408,150,1281,0.775,0.9,ising
409,250,1436,0.95,0.95,ising
410,50,1142,0.525,0.675,ising
411,100,1208,0.65,0.85,ising
412,200,1359,0.925,0.925,ising
413,50,1143,0.5,0.7,ising
414,150,1282,0.75,0.85,ising
415,50,1144,0.625,0.7,ising
416,100,1209,0.55,0.75,ising
417,50,1145,0.575,0.6,ising
418,250,1437,0.9,0.9,ising
419,50,1146,0.6,0.65,ising
420,100,1210,0.55,0.8,ising
421,200,1360,0.85,0.875,ising
422,50,1147,0.725,0.75,ising
423,150,1283,0.8,0.875,ising
424,100,1211,0.7,0.8,ising
425,50,1148,0.575,0.65,ising
426,50,1149,0.575,0.575,ising
427,50,1150,0.575,0.625,ising
428,150,1284,0.8,0.875,ising
429,100,1212,0.55,0.55,ising
430,200,1361,0.85,0.925,ising
431,50,1151,0.625,0.725,ising
432,100,1213,0.55,0.725,ising
433,50,1152,0.65,0.7,ising
434,250,1438,1.0,1.0,ising
435,150,1285,0.7,0.875,ising
436,50,1153,0.55,0.675,ising
437,50,1154,0.7,0.725,ising
438,100,1214,0.675,0.775,ising
439,50,1155,0.575,0.725,ising
440,200,1362,0.85,0.85,ising
441,150,1286,0.625,0.625,ising
442,50,1156,0.7,0.75,ising
443,100,1215,0.65,0.75,ising
444,50,1157,0.6,0.675,ising
445,50,1158,0.625,0.625,ising
446,150,1287,0.7,0.85,ising
447,100,1216,0.725,0.85,ising
448,200,1363,0.8,0.825,ising
449,50,1159,0.6,0.675,ising
450,50,1160,0.625,0.725,ising
451,100,1217,0.6,0.625,ising
452,150,1288,0.8,0.875,ising
453,50,1161,0.55,0.575,ising
454,50,1162,0.575,0.65,ising
455,100,1218,0.7,0.825,ising
456,250,1440,0.825,0.825,ising
457,200,1364,0.85,0.9,ising
458,50,1163,0.5,0.625,ising
459,50,1164,0.55,0.575,ising
460,100,1219,0.575,0.65,ising
461,150,1289,0.825,0.875,ising
462,50,1165,0.55,0.575,ising
463,200,1365,0.8,0.8,ising
464,100,1220,0.6,0.725,ising
465,50,1166,0.625,0.65,ising
466,250,1441,0.925,0.95,ising
467,50,1167,0.65,0.775,ising
468,150,1290,0.9,0.925,ising
469,100,1221,0.7,0.725,ising
470,50,1168,0.55,0.725,ising
471,50,1169,0.475,0.55,ising
472,200,1366,0.875,0.9,ising
473,150,1291,0.85,0.925,ising
474,50,1170,0.525,0.65,ising
475,100,1222,0.675,0.85,ising
476,50,1171,0.6,0.75,ising
477,250,1442,0.9,0.95,ising
478,50,1172,0.5,0.6,ising
479,100,1223,0.725,0.725,ising
480,50,1173,0.65,0.725,ising
481,200,1367,0.875,0.95,ising
482,150,1292,0.825,0.85,ising
483,50,1174,0.575,0.675,ising
484,100,1224,0.675,0.7,ising
485,50,1175,0.475,0.65,ising
486,200,1368,0.9,0.925,ising
487,250,1443,0.9,0.925,ising
488,50,1176,0.675,0.8,ising
489,100,1225,0.7,0.7,ising
490,150,1293,0.9,0.95,ising
491,50,1177,0.675,0.775,ising
492,100,1226,0.75,0.875,ising
493,50,1178,0.7,0.775,ising
494,150,1294,0.75,0.9,ising
495,200,1369,0.825,0.825,ising
496,50,1179,0.625,0.675,ising
497,100,1227,0.8,0.825,ising
498,50,1180,0.475,0.65,ising
499,250,1444,0.925,0.95,ising
500,50,1181,0.6,0.7,ising
501,150,1295,0.8,0.875,ising
502,100,1228,0.725,0.9,ising
503,50,1182,0.5,0.675,ising
504,200,1370,0.85,0.9,ising
505,50,1183,0.45,0.475,ising
506,100,1229,0.7,0.825,ising
507,150,1296,0.75,0.925,ising
508,50,1184,0.675,0.675,ising
509,50,1185,0.625,0.7,ising
510,100,1230,0.7,0.85,ising
511,250,1445,0.925,0.925,ising
512,200,1371,0.8,0.9,ising
513,50,1186,0.55,0.55,ising
514,150,1297,0.675,0.75,ising
515,100,1231,0.575,0.725,ising
516,50,1187,0.65,0.65,ising
517,50,1188,0.525,0.525,ising
518,200,1372,0.75,0.75,ising
519,100,1232,0.625,0.625,ising
520,50,1189,0.5,0.625,ising
521,250,1446,0.9,0.95,ising
522,150,1298,0.8,0.875,ising
523,100,1233,0.7,0.775,ising
524,100,1234,0.65,0.775,ising
525,150,1299,0.75,0.75,ising
526,200,1373,0.925,0.95,ising
527,100,1235,0.75,0.85,ising
528,250,1447,0.9,0.875,ising
529,150,1300,0.85,0.925,ising
530,100,1236,0.55,0.55,ising
531,200,1374,0.875,0.9,ising
532,100,1237,0.6,0.825,ising
533,150,1301,0.8,0.825,ising
534,300,1511,0.95,0.95,ising
535,250,1448,0.925,0.975,ising
536,100,1238,0.625,0.75,ising
537,200,1375,0.85,0.925,ising
538,150,1302,0.65,0.775,ising
539,100,1239,0.775,0.875,ising
540,150,1303,0.775,0.825,ising
541,100,1240,0.6,0.775,ising
542,250,1449,0.9,0.9,ising
543,200,1376,0.825,0.875,ising
544,300,1512,1.0,1.0,ising
545,100,1241,0.675,0.85,ising
546,150,1304,0.775,0.875,ising
547,200,1377,0.8,0.825,ising
548,100,1242,0.675,0.8,ising
549,250,1450,0.95,1.0,ising
550,300,1513,0.85,0.85,ising
551,150,1305,0.6,0.6,ising
552,100,1243,0.65,0.775,ising
553,200,1378,0.85,0.8,ising
554,100,1244,0.525,0.725,ising
555,150,1306,0.725,0.925,ising
556,250,1451,0.875,0.925,ising
557,100,1245,0.725,0.85,ising
558,300,1514,0.95,0.95,ising
559,200,1379,0.875,0.925,ising
560,100,1246,0.725,0.825,ising
561,150,1307,0.675,0.9,ising
562,100,1247,0.75,0.875,ising
563,250,1452,0.825,0.825,ising
564,200,1380,0.9,0.9,ising
565,150,1308,0.575,0.775,ising
566,100,1248,0.7,0.825,ising
567,150,1309,0.7,0.875,ising
568,250,1453,0.975,0.975,ising
569,100,1249,0.75,0.875,ising
570,200,1381,0.6,0.6,ising
571,100,1250,0.85,0.85,ising
572,300,1515,0.9,0.9,ising
573,150,1310,0.85,0.95,ising
574,200,1382,0.8,0.9,ising
575,250,1454,0.925,0.95,ising
576,100,1251,0.675,0.8,ising
577,150,1311,0.825,0.875,ising
578,100,1252,0.675,0.8,ising
579,200,1383,0.875,0.9,ising
580,150,1312,0.75,0.875,ising
581,300,1516,0.975,0.975,ising
582,100,1253,0.65,0.8,ising
583,250,1455,0.925,0.975,ising
584,200,1384,0.775,0.85,ising
585,100,1254,0.65,0.725,ising
586,150,1313,0.85,0.85,ising
587,100,1255,0.575,0.725,ising
588,300,1517,0.825,0.75,ising
589,200,1385,0.725,0.75,ising
590,250,1456,0.85,0.9,ising
591,100,1256,0.7,0.725,ising
592,150,1314,0.825,0.925,ising
593,100,1257,0.75,0.825,ising
594,200,1386,0.675,0.875,ising
595,100,1258,0.65,0.85,ising
596,150,1315,0.825,0.925,ising
597,300,1518,0.975,0.975,ising
598,100,1259,0.65,0.75,ising
599,150,1316,0.85,0.875,ising
600,250,1458,0.85,0.85,ising
601,200,1387,0.9,0.925,ising
602,100,1260,0.6,0.7,ising
603,300,1519,0.6,0.825,ising
604,150,1317,0.85,0.85,ising
605,100,1261,0.675,0.825,ising
606,250,1459,0.9,0.95,ising
607,100,1262,0.75,0.8,ising
608,200,1388,0.825,0.925,ising
609,150,1318,0.775,0.875,ising
610,150,1319,0.55,0.55,ising
611,300,1520,0.925,0.95,ising
612,250,1460,0.9,0.9,ising
613,100,1263,0.675,0.825,ising
614,200,1389,0.775,0.775,ising
615,150,1320,0.875,0.925,ising
616,100,1264,0.775,0.85,ising
617,200,1390,0.85,0.95,ising
618,250,1461,0.95,0.975,ising
619,300,1521,0.875,0.9,ising
620,150,1321,0.8,0.9,ising
621,100,1265,0.7,0.825,ising
622,100,1266,0.7,0.8,ising
623,200,1391,0.825,0.95,ising
624,150,1322,0.775,0.825,ising
625,250,1462,0.875,0.85,ising
626,300,1522,0.95,0.95,ising
627,100,1267,0.65,0.75,ising
628,150,1323,0.8,0.825,ising
629,200,1392,0.825,0.85,ising
630,100,1268,0.7,0.825,ising
631,100,1269,0.65,0.825,ising
632,200,1393,0.875,0.925,ising
633,300,1523,0.975,0.975,ising
634,150,1324,0.75,0.825,ising
635,250,1463,0.8,0.875,ising
636,150,1325,0.725,0.925,ising
637,200,1394,0.925,0.975,ising
638,150,1326,0.825,0.925,ising
639,300,1524,0.925,0.925,ising
640,350,1590,0.95,0.95,ising
641,250,1464,0.85,0.85,ising
642,200,1395,0.875,0.95,ising
643,150,1327,0.8,0.85,ising
644,300,1525,0.85,0.875,ising
645,250,1465,0.875,0.925,ising
646,200,1396,0.825,0.925,ising
647,150,1328,0.825,0.85,ising
648,350,1591,0.975,1.0,ising
649,150,1329,0.775,0.8,ising
650,200,1397,0.825,0.825,ising
651,300,1526,0.975,0.975,ising
652,250,1466,0.65,0.65,ising
653,150,1330,0.7,0.775,ising
654,350,1592,0.925,0.95,ising
655,200,1398,0.925,0.975,ising
656,150,1331,0.85,0.95,ising
657,250,1467,0.975,0.975,ising
658,300,1527,0.925,0.925,ising
659,150,1332,0.725,0.9,ising
660,200,1399,0.85,0.9,ising
661,250,1468,0.875,0.85,ising
662,150,1333,0.825,0.875,ising
663,350,1593,0.95,0.95,ising
664,200,1400,0.825,0.95,ising
665,300,1528,0.95,0.925,ising
666,150,1334,0.725,0.8,ising
667,250,1469,0.9,0.95,ising
668,200,1401,0.675,0.925,ising
669,150,1335,0.7,0.875,ising
670,350,1594,0.975,0.975,ising
671,200,1402,0.85,0.925,ising
672,250,1470,0.925,1.0,ising
673,150,1336,0.825,0.9,ising
674,300,1529,0.875,0.9,ising
675,200,1403,0.825,0.85,ising
676,150,1337,0.725,0.9,ising
677,250,1471,0.95,0.95,ising
678,350,1595,0.925,0.925,ising
679,200,1404,0.925,1.0,ising
680,150,1338,0.7,0.775,ising
681,300,1530,0.975,0.975,ising
682,250,1472,0.65,0.9,ising
683,200,1405,0.85,0.875,ising
684,150,1339,0.725,0.875,ising
685,350,1596,0.925,0.925,ising
686,300,1531,0.975,1.0,ising
687,200,1406,0.9,0.9,ising
688,250,1473,0.825,0.925,ising
689,150,1340,0.9,0.975,ising
690,200,1407,0.6,0.6,ising
691,150,1341,0.8,0.85,ising
692,300,1532,0.95,0.95,ising
693,250,1474,0.9,1.0,ising
694,350,1597,0.95,0.975,ising
695,200,1408,0.95,0.95,ising
696,150,1342,0.825,0.95,ising
697,300,1533,0.725,0.725,ising
698,200,1409,0.9,0.9,ising
699,150,1343,0.75,0.825,ising
700,250,1475,0.95,0.975,ising
701,350,1598,0.9,0.9,ising
702,150,1344,0.8,0.9,ising
703,200,1410,0.85,0.95,ising
704,300,1534,0.975,0.975,ising
705,150,1345,0.825,0.875,ising
706,250,1476,0.925,1.0,ising
707,150,1346,0.775,0.85,ising
708,200,1411,0.95,0.975,ising
709,350,1599,0.875,0.85,ising
710,250,1477,0.875,0.925,ising
711,300,1535,0.95,0.95,ising
712,150,1347,0.775,0.875,ising
713,200,1412,0.8,0.8,ising
714,150,1348,0.725,0.8,ising
715,250,1478,0.95,0.925,ising
716,300,1536,0.825,0.85,ising
717,150,1349,0.825,0.9,ising
718,200,1413,0.875,0.9,ising
719,250,1479,0.925,0.925,ising
720,350,1601,0.925,0.925,ising
721,200,1414,0.85,0.9,ising
722,400,1670,1.0,1.0,ising
723,250,1480,0.925,0.975,ising
724,300,1538,1.0,1.0,ising
725,200,1415,0.875,0.9,ising
726,350,1602,0.975,0.975,ising
727,250,1481,0.95,0.975,ising
728,200,1416,0.85,0.875,ising
729,400,1671,0.925,0.975,ising
730,250,1482,0.9,0.9,ising
731,200,1417,0.85,0.85,ising
732,300,1539,0.975,0.975,ising
733,350,1603,0.95,0.925,ising
734,200,1418,0.875,0.9,ising
735,250,1483,0.925,0.925,ising
736,300,1540,1.0,0.975,ising
737,350,1604,1.0,1.0,ising
738,400,1672,0.975,1.0,ising
739,200,1419,0.75,0.85,ising
740,250,1484,0.95,0.95,ising
741,300,1541,0.925,0.925,ising
742,200,1420,0.875,0.925,ising
743,250,1485,0.9,1.0,ising
744,400,1673,0.975,0.975,ising
745,200,1421,0.875,0.975,ising
746,300,1542,0.975,0.95,ising
747,350,1605,0.975,0.95,ising
748,250,1486,0.825,0.85,ising
749,200,1422,0.9,0.95,ising
750,300,1543,1.0,1.0,ising
751,350,1606,1.0,1.0,ising
752,200,1423,0.9,0.9,ising
753,250,1487,0.825,0.825,ising
754,400,1674,0.95,0.925,ising
755,300,1544,0.95,0.925,ising
756,200,1424,0.875,0.925,ising
757,350,1607,1.0,1.0,ising
758,250,1488,0.925,0.95,ising
759,200,1425,0.425,0.425,ising
760,300,1545,0.95,0.95,ising
761,400,1675,1.0,1.0,ising
762,200,1426,0.8,0.825,ising
763,250,1489,0.95,0.95,ising
764,350,1608,1.0,1.0,ising
765,300,1546,0.95,0.925,ising
766,200,1427,0.9,0.925,ising
767,250,1490,0.625,0.625,ising
768,200,1428,0.875,0.95,ising
769,350,1609,1.0,1.0,ising
770,300,1547,0.95,0.95,ising
771,250,1491,0.825,0.925,ising
772,200,1429,0.9,0.975,ising
773,400,1677,1.0,1.0,ising
774,300,1548,0.9,0.9,ising
775,350,1610,0.95,0.95,ising
776,250,1492,0.925,0.925,ising
777,300,1549,0.95,0.95,ising
778,250,1493,0.85,0.875,ising
779,400,1678,0.925,0.925,ising
780,350,1611,0.9,0.9,ising
781,450,1750,0.825,0.85,ising
782,250,1494,0.9,0.925,ising
783,300,1550,0.95,0.95,ising
784,400,1679,0.975,1.0,ising
785,350,1612,0.975,1.0,ising
786,250,1495,0.975,0.975,ising
787,450,1751,0.85,0.95,ising
788,300,1551,0.95,0.95,ising
789,250,1496,0.85,0.85,ising
790,300,1552,0.95,0.95,ising
791,400,1680,0.975,0.975,ising
792,350,1613,0.875,0.875,ising
793,450,1752,1.0,1.0,ising
794,300,1553,0.95,0.975,ising
795,350,1614,0.975,0.95,ising
796,250,1497,0.85,0.85,ising
797,300,1554,0.85,0.9,ising
798,450,1753,0.875,1.0,ising
799,400,1681,0.925,0.95,ising
800,250,1498,0.7,0.9,ising
801,300,1555,0.8,0.85,ising
802,250,1499,0.9,0.9,ising
803,350,1616,1.0,0.95,ising
804,400,1682,0.95,0.95,ising
805,450,1754,0.95,0.9,ising
806,250,1500,0.9,0.9,ising
807,300,1556,0.9,0.925,ising
808,350,1617,0.975,0.975,ising
809,250,1501,0.9,0.9,ising
810,400,1683,0.9,0.9,ising
811,300,1557,0.975,0.975,ising
812,450,1755,0.925,0.95,ising
813,250,1502,0.9,0.9,ising
814,300,1558,0.95,0.975,ising
815,450,1756,0.5,0.5,ising
816,400,1684,0.925,0.925,ising
817,250,1503,0.95,1.0,ising
818,300,1559,0.975,0.975,ising
819,250,1504,0.525,0.7,ising
820,350,1618,0.875,0.875,ising
821,300,1560,0.925,0.925,ising
822,400,1685,1.0,0.95,ising
823,450,1757,0.9,0.9,ising
824,250,1505,0.825,0.85,ising
825,350,1619,0.975,0.9,ising
826,250,1506,0.95,1.0,ising
827,300,1561,0.875,0.875,ising
828,250,1507,0.9,1.0,ising
829,450,1758,1.0,0.975,ising
830,350,1620,0.975,0.975,ising
831,300,1562,0.875,0.925,ising
832,250,1508,0.925,0.95,ising
833,400,1687,0.95,0.925,ising
834,350,1621,0.975,0.95,ising
835,250,1509,0.475,0.475,ising
836,400,1688,0.95,0.9,ising
837,450,1760,1.0,1.0,ising
838,350,1622,1.0,1.0,ising
839,300,1564,0.975,1.0,ising
840,500,1830,1.0,1.0,ising
841,350,1623,0.975,0.975,ising
842,400,1689,1.0,1.0,ising
843,450,1761,0.875,0.9,ising
844,300,1566,0.825,0.8,ising
845,350,1624,0.85,0.9,ising
846,400,1690,1.0,1.0,ising
847,500,1831,0.95,0.925,ising
848,300,1567,0.875,0.9,ising
849,450,1762,0.95,0.9,ising
850,350,1625,0.95,0.925,ising
851,400,1691,0.925,0.875,ising
852,300,1568,0.95,0.925,ising
853,300,1569,0.975,0.975,ising
854,350,1626,0.875,0.875,ising
855,500,1832,0.975,0.925,ising
856,400,1692,1.0,0.925,ising
857,300,1570,0.95,0.95,ising
858,350,1627,0.975,1.0,ising
859,450,1764,0.875,0.875,ising
860,300,1571,1.0,1.0,ising
861,400,1693,1.0,1.0,ising
862,500,1833,1.0,1.0,ising
863,350,1628,0.775,0.775,ising
864,300,1572,0.8,0.825,ising
865,450,1765,0.95,0.95,ising
866,400,1694,0.95,0.95,ising
867,350,1629,0.675,0.7,ising
868,300,1573,0.95,0.975,ising
869,500,1834,0.8,0.9,ising
870,300,1574,0.9,0.975,ising
871,350,1630,0.975,0.95,ising
872,450,1766,1.0,1.0,ising
873,400,1695,0.875,0.925,ising
874,300,1575,0.925,0.95,ising
875,350,1631,1.0,1.0,ising
876,500,1835,1.0,1.0,ising
877,450,1767,1.0,1.0,ising
878,400,1696,0.975,0.975,ising
879,300,1576,0.75,0.75,ising
880,350,1632,1.0,1.0,ising
881,300,1577,0.9,0.975,ising
882,450,1768,0.975,0.975,ising
883,400,1697,0.925,0.925,ising
884,500,1836,0.925,0.9,ising
885,350,1633,0.95,0.95,ising
886,300,1578,0.9,0.925,ising
887,400,1698,0.9,0.9,ising
888,450,1769,0.925,0.925,ising
889,350,1634,0.9,0.9,ising
890,400,1699,0.95,0.875,ising
891,300,1580,0.875,0.9,ising
892,450,1770,0.925,0.975,ising
893,500,1838,0.9,0.975,ising
894,350,1635,0.55,0.55,ising
895,300,1581,0.975,0.975,ising
896,400,1700,1.0,1.0,ising
897,300,1582,1.0,1.0,ising
898,450,1771,0.975,0.95,ising
899,500,1839,0.95,1.0,ising
900,350,1636,0.975,0.975,ising
901,400,1701,0.95,0.975,ising
902,300,1583,0.95,0.925,ising
903,450,1772,0.9,0.95,ising
904,400,1702,0.925,0.975,ising
905,300,1584,0.975,0.975,ising
906,350,1637,0.95,0.975,ising
907,500,1840,1.0,1.0,ising
908,450,1773,0.95,0.95,ising
909,300,1585,0.95,1.0,ising
910,400,1703,0.925,0.95,ising
911,350,1638,0.875,0.9,ising
912,300,1586,1.0,1.0,ising
913,500,1841,0.775,0.9,ising
914,400,1704,0.575,0.575,ising
915,350,1639,1.0,0.975,ising
916,450,1774,1.0,1.0,ising
917,300,1587,0.925,0.875,ising
918,350,1640,0.975,0.975,ising
919,500,1842,1.0,1.0,ising
920,300,1588,1.0,1.0,ising
921,400,1706,0.95,0.975,ising
922,300,1589,0.875,0.875,ising
923,350,1641,0.925,0.9,ising
924,450,1776,0.975,0.975,ising
925,500,1843,0.925,0.9,ising
926,400,1707,0.825,0.825,ising
927,350,1642,0.975,1.0,ising
928,350,1643,0.925,0.925,ising
929,500,1844,0.975,0.975,ising
930,450,1778,0.975,0.95,ising
931,400,1709,0.95,0.95,ising
932,550,1911,0.65,0.975,ising
933,350,1645,0.975,0.975,ising
934,450,1779,1.0,1.0,ising
935,400,1710,0.95,0.925,ising
936,350,1646,0.95,0.95,ising
937,450,1780,0.5,0.5,ising
938,500,1846,0.9,0.975,ising
939,550,1912,0.975,0.975,ising
940,350,1647,0.9,0.9,ising
941,450,1781,0.775,0.95,ising
942,400,1712,0.975,0.975,ising
943,550,1913,0.925,1.0,ising
944,350,1648,0.95,0.95,ising
945,500,1847,1.0,0.975,ising
946,450,1782,1.0,1.0,ising
947,400,1713,0.975,0.975,ising
948,500,1848,0.9,0.975,ising
949,450,1783,1.0,1.0,ising
950,400,1714,0.95,0.95,ising
951,550,1914,1.0,1.0,ising
952,350,1650,0.875,0.9,ising
953,350,1651,0.825,0.85,ising
954,400,1715,1.0,1.0,ising
955,450,1784,1.0,1.0,ising
956,500,1849,0.85,0.925,ising
957,550,1915,0.8,0.925,ising
958,350,1652,0.875,0.875,ising
959,400,1716,0.975,1.0,ising
960,450,1785,0.85,0.925,ising
961,500,1850,0.95,0.95,ising
962,350,1653,0.9,0.925,ising
963,550,1916,1.0,1.0,ising
964,400,1717,1.0,0.95,ising
965,450,1786,0.925,0.975,ising
966,500,1851,0.975,0.925,ising
967,400,1718,0.85,0.925,ising
968,350,1655,0.925,0.925,ising
969,550,1917,0.725,0.975,ising
970,450,1787,0.9,0.95,ising
971,500,1852,0.8,0.925,ising
972,400,1719,1.0,1.0,ising
973,350,1656,0.95,0.975,ising
974,550,1918,0.925,1.0,ising
975,450,1788,0.975,1.0,ising
976,400,1720,0.9,0.925,ising
977,350,1657,0.9,0.9,ising
978,500,1853,0.975,0.975,ising
979,350,1658,0.975,0.975,ising
980,450,1789,0.775,0.875,ising
981,400,1722,1.0,1.0,ising
982,550,1919,0.95,1.0,ising
983,500,1854,0.7,0.95,ising
984,350,1659,0.975,0.975,ising
985,450,1790,1.0,0.975,ising
986,400,1723,1.0,1.0,ising
987,350,1660,0.975,0.975,ising
988,550,1920,0.825,0.95,ising
989,450,1791,1.0,1.0,ising
990,350,1661,0.925,0.975,ising
991,400,1724,1.0,1.0,ising
992,500,1856,0.925,0.925,ising
993,350,1662,0.975,0.975,ising
994,450,1792,0.9,0.95,ising
995,550,1921,0.85,0.95,ising
996,400,1726,0.55,0.85,ising
997,350,1663,1.0,1.0,ising
998,500,1857,0.975,1.0,ising
999,550,1922,0.775,0.875,ising
1000,400,1727,0.95,0.95,ising
1001,350,1664,0.9,0.9,ising
1002,450,1794,1.0,1.0,ising
1003,500,1858,0.8,0.95,ising
1004,350,1665,0.95,0.95,ising
1005,550,1923,0.875,1.0,ising
1006,450,1795,0.8,0.925,ising
1007,400,1729,0.925,0.925,ising
1008,500,1859,0.95,0.95,ising
1009,450,1796,0.5,0.525,ising
1010,350,1666,0.95,0.95,ising
1011,400,1730,0.925,0.925,ising
1012,350,1667,0.975,0.975,ising
1013,550,1924,0.9,1.0,ising
1014,500,1860,1.0,0.975,ising
1015,400,1731,0.95,1.0,ising
1016,450,1798,0.975,0.925,ising
1017,350,1668,0.95,0.95,ising
1018,500,1861,1.0,1.0,ising
1019,550,1925,0.9,0.975,ising
1020,450,1799,0.875,0.9,ising
1021,350,1669,0.975,0.975,ising
1022,400,1733,0.85,0.875,ising
1023,550,1926,0.825,0.975,ising
1024,500,1863,0.95,1.0,ising
1025,600,1990,0.825,0.9,ising
1026,400,1734,1.0,1.0,ising
1027,550,1927,0.85,1.0,ising
1028,500,1864,0.95,1.0,ising
1029,450,1802,0.9,0.975,ising
1030,550,1928,0.825,0.95,ising
1031,500,1865,0.875,0.975,ising
1032,450,1803,0.975,0.975,ising
1033,600,1992,0.65,0.9,ising
1034,450,1804,0.9,0.95,ising
1035,400,1738,0.95,0.95,ising
1036,600,1993,0.975,0.925,ising
1037,550,1930,1.0,1.0,ising
1038,400,1739,1.0,1.0,ising
1039,450,1806,0.95,0.9,ising
1040,550,1931,1.0,1.0,ising
1041,600,1994,0.95,0.95,ising
1042,500,1869,1.0,0.975,ising
1043,400,1741,1.0,1.0,ising
1044,450,1807,0.975,0.975,ising
1045,600,1995,0.95,1.0,ising
1046,500,1870,0.8,0.95,ising
1047,400,1742,0.925,0.95,ising
1048,450,1808,1.0,1.0,ising
1049,500,1871,1.0,1.0,ising
1050,550,1934,0.75,0.925,ising
1051,400,1743,1.0,1.0,ising
1052,600,1996,0.825,1.0,ising
1053,450,1809,0.85,0.95,ising
1054,400,1744,0.825,0.9,ising
1055,500,1872,0.875,0.875,ising
1056,450,1810,0.975,0.975,ising
1057,600,1997,0.775,0.95,ising
1058,400,1745,0.975,0.95,ising
1059,500,1873,0.95,1.0,ising
1060,450,1811,0.9,0.95,ising
1061,400,1746,0.975,0.975,ising
1062,550,1937,0.85,0.925,ising
1063,500,1874,1.0,1.0,ising
1064,600,1998,1.0,0.85,ising
1065,400,1747,1.0,1.0,ising
1066,450,1812,0.975,1.0,ising
1067,500,1875,1.0,1.0,ising
1068,550,1938,1.0,1.0,ising
1069,600,1999,0.8,0.95,ising
1070,400,1748,0.9,0.9,ising
1071,450,1813,0.975,0.925,ising
1072,500,1876,0.975,0.975,ising
1073,550,1939,1.0,1.0,ising
1074,400,1749,1.0,1.0,ising
1075,600,2000,0.875,1.0,ising
1076,450,1814,0.925,0.975,ising
1077,500,1877,0.9,0.9,ising
1078,450,1815,0.975,0.975,ising
1079,650,2070,0.65,0.875,ising
1080,550,1941,0.95,0.95,ising
1081,500,1878,0.925,0.95,ising
1082,450,1816,0.975,0.9,ising
1083,600,2002,0.975,1.0,ising
1084,500,1879,0.55,0.55,ising
1085,650,2071,0.975,1.0,ising
1086,550,1942,0.85,0.975,ising
1087,500,1880,0.875,0.95,ising
1088,550,1943,1.0,1.0,ising
1089,650,2072,0.825,1.0,ising
1090,600,2004,0.575,0.85,ising
1091,500,1881,0.9,0.95,ising
1092,550,1944,0.825,0.875,ising
1093,450,1820,0.975,0.975,ising
1094,650,2073,1.0,1.0,ising
1095,600,2005,0.8,0.975,ising
1096,500,1882,0.9,0.9,ising
1097,450,1821,0.95,0.95,ising
1098,550,1945,0.95,0.95,ising
1099,500,1883,0.925,0.95,ising
1100,600,2006,0.8,0.975,ising
1101,550,1946,0.7,0.925,ising
1102,450,1823,0.975,0.975,ising
1103,650,2074,0.725,1.0,ising
1104,500,1884,0.975,1.0,ising
1105,550,1947,0.875,0.975,ising
1106,450,1824,0.95,0.925,ising
1107,650,2075,0.675,0.95,ising
1108,600,2007,0.725,0.95,ising
1109,550,1948,0.925,1.0,ising
1110,450,1825,1.0,1.0,ising
1111,500,1886,0.85,0.95,ising
1112,450,1826,0.975,0.925,ising
1113,600,2009,0.725,0.975,ising
1114,500,1887,0.95,0.95,ising
1115,450,1827,0.95,0.875,ising
1116,650,2077,0.8,1.0,ising
1117,550,1950,0.95,0.95,ising
1118,500,1888,0.675,0.675,ising
1119,450,1828,0.975,0.975,ising
1120,600,2010,0.525,0.9,ising
1121,550,1951,0.975,1.0,ising
1122,650,2078,0.9,0.95,ising
1123,500,1889,0.775,0.95,ising
1124,450,1829,0.825,0.775,ising
1125,550,1952,0.9,0.9,ising
1126,600,2011,0.825,1.0,ising
1127,500,1890,0.925,0.95,ising
1128,650,2079,0.9,1.0,ising
1129,550,1953,1.0,1.0,ising
1130,650,2080,0.925,1.0,ising
1131,500,1892,0.975,0.975,ising
1132,550,1954,0.9,1.0,ising
1133,700,2151,0.775,1.0,ising
1134,600,2013,0.925,1.0,ising
1135,500,1893,0.9,0.975,ising
1136,550,1955,0.8,0.95,ising
1137,600,2014,0.75,0.925,ising
1138,600,2015,0.55,0.875,ising
1139,550,1957,0.8,0.9,ising
1140,500,1895,1.0,0.95,ising
1141,650,2083,0.825,0.975,ising
1142,600,2016,0.875,1.0,ising
1143,500,1896,0.975,0.925,ising
1144,700,2154,0.75,0.975,ising
1145,650,2084,0.625,0.975,ising
1146,550,1959,0.925,1.0,ising
1147,500,1897,1.0,0.975,ising
1148,650,2085,0.9,1.0,ising
1149,500,1898,0.825,0.925,ising
1150,550,1960,0.9,0.95,ising
1151,600,2018,0.9,1.0,ising
1152,700,2155,0.825,1.0,ising
1153,500,1899,0.975,0.975,ising
1154,550,1961,0.975,0.95,ising
1155,650,2086,0.85,0.975,ising
1156,600,2019,0.7,0.825,ising
1157,700,2156,0.65,1.0,ising
1158,500,1900,0.975,0.9,ising
1159,650,2087,0.85,1.0,ising
1160,550,1962,0.825,0.95,ising
1161,500,1901,0.875,0.9,ising
1162,600,2020,0.8,0.975,ising
1163,700,2157,0.75,0.925,ising
1164,500,1902,0.975,1.0,ising
1165,550,1963,0.775,0.925,ising
1166,600,2021,0.8,0.9,ising
1167,650,2089,0.55,0.95,ising
1168,700,2158,0.775,0.975,ising
1169,500,1903,0.75,0.875,ising
1170,550,1965,0.7,0.925,ising
1171,650,2090,0.875,1.0,ising
1172,700,2159,0.625,0.975,ising
1173,600,2023,0.75,0.925,ising
1174,500,1905,0.95,0.95,ising
1175,550,1966,0.875,0.9,ising
1176,600,2024,0.8,1.0,ising
1177,650,2091,0.875,0.975,ising
1178,700,2160,1.0,1.0,ising
1179,500,1906,0.925,1.0,ising
1180,550,1967,1.0,1.0,ising
1181,650,2092,0.525,0.525,ising
1182,600,2025,0.925,0.925,ising
1183,500,1907,1.0,1.0,ising
1184,550,1968,0.925,1.0,ising
1185,500,1908,0.675,0.925,ising
1186,600,2026,0.95,1.0,ising
1187,650,2093,1.0,1.0,ising
1188,550,1969,0.85,0.925,ising
1189,700,2163,0.725,0.975,ising
1190,500,1909,0.825,0.975,ising
1191,600,2027,0.6,0.975,ising
1192,700,2164,0.65,1.0,ising
1193,550,1971,0.85,0.975,ising
1194,650,2095,0.825,1.0,ising
1195,600,2028,0.925,0.975,ising
1196,750,2230,0.775,1.0,ising
1197,700,2165,0.875,1.0,ising
1198,750,2231,0.7,0.975,ising
1199,650,2096,0.7,0.95,ising
1200,600,2029,0.85,0.975,ising
1201,550,1973,0.8,0.875,ising
1202,550,1974,0.875,0.975,ising
1203,600,2030,0.725,1.0,ising
1204,750,2232,0.75,0.925,ising
1205,700,2167,0.725,0.95,ising
1206,650,2098,0.85,1.0,ising
1207,550,1975,1.0,1.0,ising
1208,600,2031,0.65,1.0,ising
1209,550,1976,0.75,0.975,ising
1210,700,2168,0.725,0.95,ising
1211,600,2032,0.85,0.975,ising
1212,550,1977,0.85,0.975,ising
1213,650,2100,0.725,0.9,ising
1214,750,2234,0.75,0.975,ising
1215,600,2033,0.675,1.0,ising
1216,550,1978,0.775,0.925,ising
1217,650,2101,0.8,0.975,ising
1218,600,2034,0.925,1.0,ising
1219,750,2235,0.8,1.0,ising
1220,550,1979,0.925,1.0,ising
1221,650,2102,0.875,0.975,ising
1222,600,2035,0.8,0.975,ising
1223,550,1980,1.0,1.0,ising
1224,750,2236,0.6,1.0,ising
1225,650,2103,0.725,1.0,ising
1226,600,2036,0.9,0.975,ising
1227,550,1981,0.775,0.95,ising
1228,700,2173,0.75,0.925,ising
1229,600,2037,0.8,1.0,ising
1230,550,1983,0.9,0.975,ising
1231,750,2238,0.75,1.0,ising
1232,700,2174,0.725,1.0,ising
1233,650,2105,0.85,1.0,ising
1234,600,2038,0.675,0.925,ising
1235,550,1984,0.875,0.925,ising
1236,650,2106,0.875,0.95,ising
1237,600,2039,1.0,0.975,ising
1238,750,2239,0.7,1.0,ising
1239,550,1985,1.0,1.0,ising
1240,700,2175,0.75,1.0,ising
1241,650,2107,0.75,0.975,ising
1242,550,1986,0.8,1.0,ising
1243,750,2240,0.725,0.975,ising
1244,700,2176,0.675,1.0,ising
1245,600,2041,0.625,0.925,ising
1246,550,1987,0.9,1.0,ising
1247,600,2042,1.0,1.0,ising
1248,650,2109,0.65,0.875,ising
1249,750,2241,0.775,1.0,ising
1250,550,1988,0.75,0.9,ising
1251,650,2110,1.0,1.0,ising
1252,550,1989,0.925,1.0,ising
1253,600,2044,0.8,0.975,ising
1254,750,2242,0.7,0.9,ising
1255,700,2179,0.675,0.975,ising
1256,650,2111,1.0,1.0,ising
1257,600,2045,0.725,1.0,ising
1258,750,2243,0.8,1.0,ising
1259,650,2112,0.675,0.85,ising
1260,800,2311,0.575,0.85,ising
1261,700,2180,0.775,1.0,ising
1262,650,2113,1.0,1.0,ising
1263,600,2047,0.75,0.95,ising
1264,750,2244,0.725,0.975,ising
1265,700,2181,0.75,1.0,ising
1266,650,2114,0.825,1.0,ising
1267,750,2245,0.725,0.95,ising
1268,650,2115,0.9,0.95,ising
1269,800,2314,0.675,0.975,ising
1270,700,2183,0.8,1.0,ising
1271,600,2050,0.85,0.975,ising
1272,750,2246,0.6,0.975,ising
1273,650,2116,0.675,0.95,ising
1274,800,2315,0.65,0.925,ising
1275,600,2051,1.0,1.0,ising
1276,700,2184,0.725,1.0,ising
1277,650,2117,0.8,0.975,ising
1278,750,2247,0.75,0.975,ising
1279,800,2316,0.675,0.95,ising
1280,700,2185,0.65,0.95,ising
1281,600,2054,1.0,1.0,ising
1282,650,2121,0.825,0.975,ising
1283,600,2055,0.8,0.975,ising
1284,700,2186,0.65,0.925,ising
1285,800,2318,0.7,0.95,ising
1286,750,2251,0.675,0.95,ising
1287,600,2056,0.85,0.975,ising
1288,650,2122,0.775,1.0,ising
1289,800,2319,0.725,1.0,ising
1290,750,2252,0.825,1.0,ising
1291,650,2123,0.825,0.925,ising
1292,600,2057,0.825,0.875,ising
1293,700,2188,0.8,1.0,ising
1294,800,2320,0.75,0.95,ising
1295,600,2058,0.7,0.975,ising
1296,750,2253,0.775,1.0,ising
1297,600,2059,0.9,1.0,ising
1298,650,2125,0.7,0.925,ising
1299,800,2321,0.775,1.0,ising
1300,750,2254,0.8,1.0,ising
1301,600,2060,1.0,1.0,ising
1302,700,2191,0.85,1.0,ising
1303,650,2126,0.9,1.0,ising
1304,600,2061,0.75,0.975,ising
1305,750,2255,0.65,0.975,ising
1306,700,2192,0.75,1.0,ising
1307,800,2323,1.0,1.0,ising
1308,600,2062,1.0,1.0,ising
1309,650,2129,0.95,0.95,ising
1310,700,2193,0.775,1.0,ising
1311,600,2063,0.7,0.95,ising
1312,750,2257,0.825,1.0,ising
1313,650,2130,0.625,0.625,ising
1314,600,2064,0.875,1.0,ising
1315,800,2325,0.675,0.975,ising
1316,650,2131,0.85,0.975,ising
1317,600,2065,0.8,0.925,ising
1318,750,2259,0.75,1.0,ising
1319,800,2326,0.725,1.0,ising
1320,700,2196,0.925,1.0,ising
1321,600,2066,0.7,0.975,ising
1322,650,2133,0.675,0.975,ising
1323,750,2260,0.625,1.0,ising
1324,600,2067,0.775,1.0,ising
1325,700,2198,1.0,1.0,ising
1326,750,2261,0.675,0.975,ising
1327,600,2068,0.475,0.475,ising
1328,650,2135,0.65,0.95,ising
1329,800,2329,0.675,1.0,ising
1330,600,2069,0.625,0.975,ising
1331,750,2262,0.75,1.0,ising
1332,650,2136,0.8,1.0,ising
1333,800,2330,0.65,1.0,ising
1334,700,2200,0.75,0.975,ising
1335,850,2390,0.775,1.0,ising
1336,650,2137,0.725,1.0,ising
1337,700,2201,0.675,0.975,ising
1338,750,2264,0.625,0.925,ising
1339,800,2331,0.75,1.0,ising
1340,850,2391,0.725,0.975,ising
1341,800,2332,0.575,0.95,ising
1342,750,2265,0.75,0.975,ising
1343,650,2140,0.925,1.0,ising
1344,700,2202,0.625,0.9,ising
1345,800,2333,0.65,0.975,ising
1346,750,2266,0.65,0.925,ising
1347,650,2142,0.825,1.0,ising
1348,850,2394,0.725,0.975,ising
1349,650,2143,0.8,1.0,ising
1350,750,2268,0.775,1.0,ising
1351,800,2335,0.725,0.975,ising
1352,700,2206,0.675,0.95,ising
1353,650,2144,0.7,1.0,ising
1354,800,2336,0.55,0.95,ising
1355,700,2207,0.725,1.0,ising
1356,650,2145,0.825,0.975,ising
1357,800,2337,0.675,0.975,ising
1358,650,2147,0.775,1.0,ising
1359,750,2272,0.775,1.0,ising
1360,700,2209,0.75,0.95,ising
1361,800,2338,0.725,1.0,ising
1362,650,2148,0.8,0.975,ising
1363,750,2273,0.675,0.95,ising
1364,850,2399,0.775,1.0,ising
1365,800,2339,0.725,1.0,ising
1366,650,2149,0.7,0.95,ising
1367,750,2274,0.625,1.0,ising
1368,700,2211,0.65,1.0,ising
1369,800,2340,0.75,1.0,ising
1370,700,2212,0.875,1.0,ising
1371,750,2275,0.675,0.925,ising
1372,850,2401,0.75,0.95,ising
1373,900,2471,0.65,1.0,ising
1374,800,2342,0.425,0.5,ising
1375,750,2276,1.0,1.0,ising
1376,700,2214,0.825,1.0,ising
1377,750,2277,0.775,1.0,ising
1378,850,2403,0.575,1.0,ising
1379,900,2473,0.625,0.975,ising
1380,800,2343,0.75,1.0,ising
1381,700,2215,0.675,0.975,ising
1382,700,2216,0.775,0.9,ising
1383,850,2405,0.7,1.0,ising
1384,800,2344,0.725,1.0,ising
1385,750,2280,0.575,0.975,ising
1386,700,2217,0.625,0.95,ising
1387,850,2406,0.675,0.925,ising
1388,800,2345,0.675,1.0,ising
1389,900,2475,0.675,1.0,ising
1390,850,2407,0.55,0.975,ising
1391,800,2347,0.775,1.0,ising
1392,900,2477,0.65,0.975,ising
1393,700,2220,0.65,0.975,ising
1394,750,2283,0.725,1.0,ising
1395,700,2221,0.625,1.0,ising
1396,900,2478,0.7,0.95,ising
1397,750,2284,0.775,1.0,ising
1398,700,2222,0.85,1.0,ising
1399,750,2285,0.675,0.975,ising
1400,800,2349,0.725,1.0,ising
1401,850,2411,0.725,0.975,ising
1402,700,2223,0.725,1.0,ising
1403,750,2286,0.775,1.0,ising
1404,800,2350,0.725,1.0,ising
1405,700,2224,0.575,0.975,ising
1406,750,2287,0.7,1.0,ising
1407,800,2351,0.675,0.975,ising
1408,700,2225,0.825,1.0,ising
1409,750,2288,0.7,1.0,ising
1410,900,2482,0.75,1.0,ising
1411,850,2413,0.675,0.925,ising
1412,700,2226,0.8,0.975,ising
1413,800,2352,0.625,0.975,ising
1414,750,2289,0.8,1.0,ising
1415,700,2227,0.875,1.0,ising
1416,800,2353,0.575,0.925,ising
1417,750,2290,0.725,1.0,ising
1418,850,2415,0.5,0.95,ising
1419,900,2484,0.675,1.0,ising
1420,700,2228,0.625,0.975,ising
1421,850,2416,0.725,1.0,ising
1422,800,2354,0.675,1.0,ising
1423,700,2229,0.8,1.0,ising
1424,750,2292,0.75,0.95,ising
1425,900,2485,0.55,0.925,ising
1426,750,2293,0.8,1.0,ising
1427,850,2418,0.675,0.975,ising
1428,900,2486,0.675,1.0,ising
1429,800,2357,0.775,1.0,ising
1430,900,2487,0.675,1.0,ising
1431,850,2419,0.725,1.0,ising
1432,950,2553,0.65,1.0,ising
1433,750,2296,0.7,0.975,ising
1434,800,2359,0.775,0.975,ising
1435,950,2554,0.7,1.0,ising
1436,900,2489,0.775,0.975,ising
1437,750,2297,0.7,1.0,ising
1438,850,2421,0.65,0.9,ising
1439,800,2360,0.7,1.0,ising
1440,750,2298,0.625,0.925,ising
1441,950,2555,0.55,1.0,ising
1442,850,2422,0.725,0.9,ising
1443,800,2362,0.8,1.0,ising
1444,850,2423,0.75,1.0,ising
1445,750,2300,0.825,1.0,ising
1446,800,2363,0.775,1.0,ising
1447,850,2424,0.775,1.0,ising
1448,900,2492,0.6,0.925,ising
1449,750,2301,0.775,1.0,ising
1450,950,2559,0.675,1.0,ising
1451,850,2427,0.75,1.0,ising
1452,950,2560,0.775,1.0,ising
1453,750,2304,0.8,1.0,ising
1454,900,2497,0.7,1.0,ising
1455,750,2305,0.725,1.0,ising
1456,850,2428,0.575,0.95,ising
1457,900,2498,0.7,1.0,ising
1458,750,2306,0.675,1.0,ising
1459,800,2369,0.675,0.925,ising
1460,950,2562,0.675,1.0,ising
1461,850,2429,0.675,1.0,ising
1462,800,2370,0.7,1.0,ising
1463,750,2307,0.825,1.0,ising
1464,900,2500,0.5,1.0,ising
1465,950,2563,0.675,1.0,ising
1466,850,2430,0.625,0.9,ising
1467,800,2371,0.75,0.975,ising
1468,750,2308,0.65,0.925,ising
1469,900,2501,0.8,1.0,ising
1470,850,2431,0.675,1.0,ising
1471,950,2564,0.65,0.925,ising
1472,750,2309,0.775,0.95,ising
1473,850,2432,0.675,0.925,ising
1474,900,2502,0.725,0.975,ising
1475,800,2373,1.0,1.0,ising
1476,950,2566,0.75,1.0,ising
1477,800,2374,0.7,0.975,ising
1478,850,2434,0.65,0.95,ising
1479,950,2567,0.725,1.0,ising
1480,850,2435,0.725,0.975,ising
1481,950,2568,0.725,1.0,ising
1482,800,2376,0.775,0.975,ising
1483,1000,2633,0.675,0.975,ising
1484,900,2506,0.7,0.95,ising
1485,850,11148,0.6,0.975,ising
1486,850,11101,0.575,0.95,ising
1487,850,11126,0.55,1.0,ising
1488,850,11150,0.675,1.0,ising
1489,850,11103,0.75,1.0,ising
1490,850,11127,0.675,0.975,ising
1491,850,11151,0.725,0.975,ising
1492,850,11106,0.625,0.975,ising
1493,850,11130,0.625,1.0,ising
1494,850,11107,0.675,1.0,ising
1495,850,11131,0.6,0.975,ising
1496,850,11108,0.725,1.0,ising
1497,850,11156,0.625,1.0,ising
1498,850,11132,0.55,0.95,ising
1499,850,11109,0.775,1.0,ising
1500,850,11157,0.75,1.0,ising
1501,850,11133,0.7,1.0,ising
1502,850,11158,0.775,1.0,ising
1503,850,11110,1.0,1.0,ising
1504,850,11135,0.65,0.9,ising
1505,850,11159,0.7,0.95,ising
1506,850,11136,0.625,1.0,ising
1507,850,11112,0.7,0.925,ising
1508,850,11160,0.75,0.975,ising
1509,850,11137,0.65,1.0,ising
1510,850,11113,0.725,0.975,ising
1511,850,11162,0.7,1.0,ising
1512,850,11138,0.625,0.9,ising
1513,850,11115,0.675,1.0,ising
1514,850,11139,0.675,0.95,ising
1515,850,11163,0.625,0.975,ising
1516,850,11141,0.775,0.9,ising
1517,850,11118,0.625,1.0,ising
1518,850,11165,0.725,0.95,ising
1519,850,11142,0.575,0.95,ising
1520,850,11119,0.725,1.0,ising
1521,850,11166,0.675,1.0,ising
1522,850,11143,0.675,1.0,ising
1523,850,11121,0.625,0.95,ising
1524,850,11144,0.55,0.9,ising
1525,850,11122,0.6,1.0,ising
1526,850,11147,0.65,1.0,ising
1527,900,11171,0.725,1.0,ising
1528,900,11172,0.6,0.975,ising
1529,900,11196,0.575,0.925,ising
1530,900,11173,0.75,0.95,ising
1531,900,11220,0.675,1.0,ising
1532,900,11221,0.675,0.975,ising
1533,900,11175,0.55,0.975,ising
1534,900,11199,0.675,1.0,ising
1535,900,11176,0.7,0.975,ising
1536,900,11200,0.525,0.525,ising
1537,900,11224,0.625,1.0,ising
1538,900,11201,0.65,1.0,ising
1539,900,11178,0.7,1.0,ising
1540,900,11225,0.7,1.0,ising
1541,900,11202,0.675,1.0,ising
1542,900,11179,0.75,0.95,ising
1543,900,11226,0.775,0.975,ising
1544,900,11180,0.6,0.95,ising
1545,900,11204,0.75,1.0,ising
1546,900,11227,0.75,1.0,ising
1547,900,11181,0.65,0.95,ising
1548,900,11229,1.0,1.0,ising
1549,900,11182,0.725,0.95,ising
1550,900,11206,0.675,0.975,ising
1551,900,11183,0.675,1.0,ising
1552,900,11231,0.725,0.9,ising
1553,900,11184,0.75,1.0,ising
1554,900,11208,0.675,1.0,ising
1555,900,11185,0.7,1.0,ising
1556,900,11209,0.725,1.0,ising
1557,900,11234,0.725,1.0,ising
1558,900,11210,0.65,1.0,ising
1559,900,11235,0.575,0.95,ising
1560,900,11187,0.7,1.0,ising
1561,900,11188,0.625,0.9,ising
1562,900,11237,0.725,1.0,ising
1563,900,11214,0.7,1.0,ising
1564,900,11239,0.7,1.0,ising
1565,900,11190,0.7,0.975,ising
1566,900,11216,0.7,1.0,ising
1567,950,11242,0.6,1.0,ising
1568,900,11218,0.625,1.0,ising
1569,950,11268,0.675,1.0,ising
1570,950,11245,0.7,0.975,ising
1571,950,11294,0.75,1.0,ising
1572,950,11246,0.75,1.0,ising
1573,950,11295,0.75,1.0,ising
1574,950,11270,0.625,0.925,ising
1575,950,11247,0.575,0.975,ising
1576,950,11296,0.675,0.975,ising
1577,950,11248,0.55,0.975,ising
1578,950,11297,0.65,1.0,ising
1579,950,11273,0.675,0.95,ising
1580,950,11298,0.675,0.95,ising
1581,950,11274,0.625,1.0,ising
1582,950,11299,0.55,0.875,ising
1583,950,11251,0.725,1.0,ising
1584,950,11300,0.75,1.0,ising
1585,950,11252,0.775,1.0,ising
1586,950,11276,0.725,1.0,ising
1587,950,11253,0.6,0.975,ising
1588,950,11301,0.625,1.0,ising
1589,950,11277,0.75,1.0,ising
1590,950,11254,0.625,0.975,ising
1591,950,11302,0.65,0.975,ising
1592,950,11255,0.575,1.0,ising
1593,950,11303,0.625,1.0,ising
1594,950,11256,0.675,0.875,ising
1595,950,11304,0.7,0.95,ising
1596,950,11257,0.675,0.975,ising
1597,950,11283,0.7,1.0,ising
1598,950,11305,0.725,1.0,ising
1599,950,11258,0.7,0.95,ising
1600,950,11285,0.65,1.0,ising
1601,950,11307,0.425,0.975,ising
1602,950,11286,0.625,1.0,ising
1603,950,11261,0.675,1.0,ising
1604,950,11289,0.775,1.0,ising
1605,950,11309,0.725,0.95,ising
1606,950,11262,0.7,1.0,ising
1607,950,11290,0.65,1.0,ising
1608,1000,11310,0.75,1.0,ising
1609,950,11291,0.7,1.0,ising
1610,1000,11311,0.775,1.0,ising
1611,1000,11316,0.675,0.925,ising
1612,950,11266,0.65,0.975,ising
1613,1000,11313,0.675,1.0,ising
1614,950,11267,0.65,1.0,ising
1615,1000,11340,0.725,1.0,ising
1616,1000,11319,0.6,1.0,ising
1617,1000,11315,0.7,0.975,ising
1618,1000,11364,0.65,1.0,ising
1619,1000,11343,0.775,1.0,ising
1620,1000,11365,0.7,1.0,ising
1621,1000,11323,0.6,0.925,ising
1622,1000,11367,0.7,1.0,ising
1623,1000,11324,0.625,1.0,ising
1624,1000,11347,0.625,0.95,ising
1625,1000,11368,0.7,1.0,ising
1626,1000,11348,0.75,1.0,ising
1627,1000,11327,0.75,1.0,ising
1628,1000,11349,0.5,0.95,ising
1629,1000,11371,0.7,1.0,ising
1630,1000,11350,0.7,1.0,ising
1631,1000,11328,0.7,1.0,ising
1632,1000,11372,0.75,1.0,ising
1633,1000,11351,0.6,1.0,ising
1634,1000,11329,0.65,1.0,ising
1635,1000,11373,0.75,1.0,ising
1636,1000,11352,0.625,1.0,ising
1637,1000,11374,0.7,1.0,ising
1638,1000,11375,0.65,1.0,ising
1639,1000,11354,0.725,1.0,ising
1640,1000,11333,0.725,1.0,ising
1641,1000,11334,0.475,1.0,ising
1642,1000,11377,0.8,1.0,ising
1643,1000,11357,0.675,0.875,ising
1644,1000,11335,0.6,1.0,ising
1645,1000,11358,0.6,1.0,ising
1646,1000,11336,0.625,0.95,ising
1647,1000,11359,0.675,1.0,ising
1648,1000,11337,0.7,1.0,ising
1649,1000,11338,0.6,1.0,ising
1650,200,20000,0.8,0.825,ising
1651,350,20036,0.9,0.875,ising
1652,200,20001,0.85,0.875,ising
1653,200,20002,0.75,0.925,ising
1654,550,20072,0.975,1.0,ising
1655,350,20037,0.875,0.875,ising
1656,200,20003,0.825,0.95,ising
1657,200,20004,0.725,0.725,ising
1658,550,20073,0.8,0.95,ising
1659,200,20005,0.875,0.9,ising
1660,200,20006,0.775,0.9,ising
1661,400,20040,1.0,0.925,ising
1662,550,20074,0.975,1.0,ising
1663,200,20008,0.95,0.95,ising
1664,200,20009,0.525,0.525,ising
1665,400,20041,0.975,0.975,ising
1666,250,20010,0.875,0.9,ising
1667,250,20011,0.925,0.9,ising
1668,400,20042,0.95,0.95,ising
1669,250,20012,0.95,1.0,ising
1670,250,20013,0.675,0.675,ising
1671,400,20043,0.825,0.575,ising
1672,550,20077,0.925,0.975,ising
1673,250,20014,0.975,1.0,ising
1674,250,20015,0.85,0.925,ising
1675,400,20044,1.0,0.975,ising
1676,250,20016,0.95,0.95,ising
1677,550,20078,1.0,1.0,ising
1678,400,20045,0.95,0.925,ising
1679,250,20017,0.9,0.925,ising
1680,250,20018,0.9,0.9,ising
1681,250,20019,0.9,0.975,ising
1682,400,20046,0.95,1.0,ising
1683,550,20079,0.875,1.0,ising
1684,300,20020,0.975,0.975,ising
1685,400,20047,0.975,0.975,ising
1686,300,20021,0.95,0.975,ising
1687,400,20048,0.825,0.975,ising
1688,300,20022,0.975,1.0,ising
1689,300,20023,0.95,1.0,ising
1690,400,20049,0.975,0.975,ising
1691,600,20081,0.75,0.975,ising
1692,300,20024,0.975,0.975,ising
1693,300,20025,0.9,0.9,ising
1694,450,20050,1.0,1.0,ising
1695,600,20082,0.775,0.975,ising
1696,300,20026,0.875,0.875,ising
1697,450,20051,1.0,1.0,ising
1698,300,20027,0.925,0.925,ising
1699,450,20052,0.925,0.925,ising
1700,300,20028,0.975,1.0,ising
1701,600,20084,0.975,1.0,ising
1702,450,20053,0.95,0.9,ising
1703,350,20030,0.925,1.0,ising
1704,600,20085,0.85,1.0,ising
1705,450,20054,0.95,0.95,ising
1706,350,20032,0.975,0.975,ising
1707,350,20033,0.95,0.95,ising
1708,450,20055,0.975,0.975,ising
1709,600,20086,0.85,1.0,ising
1710,450,20056,0.95,0.95,ising
1711,350,20035,0.975,0.975,ising
1712,600,20087,0.825,0.975,ising
1713,400,20108,0.95,0.95,ising
1714,450,20058,1.0,1.0,ising
1715,600,20088,0.9,0.975,ising
1716,450,20059,1.0,1.0,ising
1717,450,20110,0.975,0.975,ising
1718,600,20089,0.925,1.0,ising
1719,450,20111,0.95,0.95,ising
1720,450,20112,0.975,0.9,ising
1721,450,20113,0.85,0.95,ising
1722,500,20062,0.75,0.875,ising
1723,500,20063,0.7,0.825,ising
1724,450,20114,0.975,0.975,ising
1725,850,20091,0.75,1.0,ising
1726,450,20115,0.95,1.0,ising
1727,500,20064,0.775,0.9,ising
1728,450,20116,0.925,1.0,ising
1729,500,20065,1.0,0.975,ising
1730,850,20092,0.675,1.0,ising
1731,450,20117,1.0,1.0,ising
1732,500,20066,0.95,0.975,ising
1733,450,20118,0.85,0.95,ising
1734,500,20067,0.75,0.925,ising
1735,850,20093,0.75,0.95,ising
1736,450,20119,0.925,0.925,ising
1737,500,20120,0.5,0.5,ising
1738,500,20069,0.975,1.0,ising
1739,850,20094,0.575,0.95,ising
1740,500,20121,1.0,1.0,ising
1741,500,20122,0.85,0.925,ising
1742,550,20070,1.0,1.0,ising
1743,500,20123,0.875,0.9,ising
1744,550,20071,0.85,0.975,ising
1745,500,20124,0.9,0.95,ising
1746,500,20125,0.875,0.975,ising
1747,850,20097,0.675,0.95,ising
1748,500,20126,0.975,0.95,ising
1749,600,20145,0.8,0.95,ising
1750,600,20146,0.825,0.975,ising
1751,500,20128,0.85,0.975,ising
1752,600,20147,0.65,1.0,ising
1753,400,20100,0.95,0.975,ising
1754,550,20130,0.925,0.9,ising
1755,600,20148,0.9,1.0,ising
1756,400,20101,0.925,0.95,ising
1757,550,20131,0.8,1.0,ising
1758,600,20149,0.975,0.975,ising
1759,400,20102,0.875,0.95,ising
1760,400,20103,0.95,0.975,ising
1761,550,20133,1.0,1.0,ising
1762,400,20104,1.0,1.0,ising
1763,850,20150,0.65,1.0,ising
1764,550,20134,0.925,0.975,ising
1765,400,20105,0.875,0.95,ising
1766,400,20106,0.975,0.975,ising
1767,550,20135,0.975,1.0,ising
1768,850,20151,0.675,1.0,ising
1769,400,20107,0.975,0.975,ising
1770,550,20136,0.95,0.95,ising
1771,850,20152,0.775,1.0,ising
1772,900,20180,0.825,1.0,ising
1773,550,20138,1.0,1.0,ising
1774,850,20153,0.625,0.975,ising
1775,550,20139,0.85,1.0,ising
1776,900,20181,0.775,1.0,ising
1777,600,20140,0.9,1.0,ising
1778,850,20154,0.65,1.0,ising
1779,850,20155,0.7,1.0,ising
1780,600,20142,1.0,1.0,ising
1781,600,20143,0.75,0.975,ising
1782,850,20156,0.75,1.0,ising
1783,900,20185,0.7,1.0,ising
1784,850,20158,0.575,0.875,ising
1785,900,20217,0.675,1.0,ising
1786,850,20159,0.625,0.975,ising
1787,900,20218,0.725,0.975,ising
1788,650,20160,0.675,0.975,ising
1789,900,20219,0.7,1.0,ising
1790,900,20188,0.775,1.0,ising
1791,650,20161,1.0,1.0,ising
1792,650,20220,0.675,0.95,ising
1793,650,20221,0.725,0.95,ising
1794,650,20163,0.75,1.0,ising
1795,650,20190,0.825,1.0,ising
1796,650,20222,0.65,1.0,ising
1797,650,20164,0.775,1.0,ising
1798,650,20191,0.875,1.0,ising
1799,650,20223,0.9,1.0,ising
1800,650,20165,0.65,0.95,ising
1801,650,20192,0.775,1.0,ising
1802,650,20224,0.575,1.0,ising
1803,650,20193,0.825,1.0,ising
1804,650,20167,0.85,0.95,ising
1805,650,20194,0.8,1.0,ising
1806,650,20225,0.675,1.0,ising
1807,650,20168,0.725,1.0,ising
1808,650,20196,0.7,0.9,ising
1809,650,20227,0.675,0.95,ising
1810,650,20228,0.85,1.0,ising
1811,650,20198,0.85,1.0,ising
1812,750,20172,0.7,1.0,ising
1813,650,20229,0.825,1.0,ising
1814,650,20199,0.725,0.975,ising
1815,750,20173,0.75,0.95,ising
1816,750,20200,0.675,0.95,ising
1817,750,20232,0.825,1.0,ising
1818,750,20201,0.7,0.925,ising
1819,750,20176,0.75,0.925,ising
1820,750,20202,0.8,1.0,ising
1821,750,20177,0.725,1.0,ising
1822,750,20203,0.725,1.0,ising
1823,750,20235,0.625,0.95,ising
1824,750,20178,0.625,0.875,ising
1825,700,20252,0.725,1.0,ising
1826,750,20238,0.65,1.0,ising
1827,750,20239,0.625,0.975,ising
1828,700,20254,0.675,0.975,ising
1829,750,20208,0.725,1.0,ising
1830,700,20255,0.725,0.975,ising
1831,750,20209,0.8,1.0,ising
1832,700,20256,0.775,1.0,ising
1833,900,20242,0.525,1.0,ising
1834,700,20257,1.0,1.0,ising
1835,900,20211,0.8,1.0,ising
1836,900,20212,0.7,1.0,ising
1837,700,20259,0.675,0.95,ising
1838,900,20244,0.575,0.95,ising
1839,900,20245,0.6,0.975,ising
1840,800,20261,0.625,1.0,ising
1841,900,20214,0.65,0.975,ising
1842,900,20246,0.675,0.95,ising
1843,900,20215,0.525,1.0,ising
1844,900,20247,0.675,1.0,ising
1845,900,20248,0.75,1.0,ising
1846,800,20266,0.7,1.0,ising
1847,800,20292,1.0,1.0,ising
1848,700,20251,0.8,1.0,ising
1849,800,20293,0.775,1.0,ising
1850,800,20324,0.725,0.95,ising
1851,800,20269,0.625,0.925,ising
1852,800,20294,0.7,0.925,ising
1853,800,20325,0.65,1.0,ising
1854,800,20295,0.725,0.975,ising
1855,800,20326,0.625,1.0,ising
1856,950,20271,0.75,1.0,ising
1857,800,20327,0.7,1.0,ising
1858,800,20297,0.7,1.0,ising
1859,800,20328,0.725,1.0,ising
1860,950,20273,0.775,1.0,ising
1861,800,20329,0.75,1.0,ising
1862,800,20299,0.725,1.0,ising
1863,950,20274,0.675,0.975,ising
1864,950,20300,0.6,0.975,ising
1865,950,20275,0.625,0.975,ising
1866,950,20331,0.65,1.0,ising
1867,950,20276,0.725,1.0,ising
1868,950,20301,0.65,0.975,ising
1869,950,20277,0.7,1.0,ising
1870,950,20333,0.725,1.0,ising
1871,950,20303,0.675,0.975,ising
1872,950,20334,0.625,0.975,ising
1873,950,20279,0.575,0.975,ising
1874,950,20305,0.625,1.0,ising
1875,950,20335,0.675,1.0,ising
1876,700,20282,0.725,0.975,ising
1877,950,20336,0.6,1.0,ising
1878,950,20307,0.675,1.0,ising
1879,700,20284,0.725,1.0,ising
1880,950,20337,0.65,1.0,ising
1881,700,20285,0.6,1.0,ising
1882,700,20286,1.0,1.0,ising
1883,700,20311,0.75,1.0,ising
1884,950,20339,0.75,1.0,ising
1885,700,20287,0.95,1.0,ising
1886,700,20340,0.6,0.85,ising
1887,700,20313,0.725,0.925,ising
1888,700,20341,0.65,0.975,ising
1889,700,20314,1.0,1.0,ising
1890,950,20361,0.625,1.0,ising
1891,700,20315,0.5,0.9,ising
1892,700,20343,0.75,0.975,ising
1893,950,20362,0.725,0.975,ising
1894,700,20316,0.675,1.0,ising
1895,700,20344,0.75,1.0,ising
1896,700,20317,0.85,1.0,ising
1897,950,20363,0.675,1.0,ising
1898,700,20346,0.775,1.0,ising
1899,700,20318,0.75,0.95,ising
1900,950,20364,0.65,1.0,ising
1901,700,20319,0.525,0.775,ising
1902,700,20347,0.775,0.95,ising
1903,700,20348,0.75,1.0,ising
1904,950,20366,0.775,1.0,ising
1905,800,20321,0.775,1.0,ising
1906,700,20349,0.775,0.975,ising
1907,800,20350,0.725,0.975,ising
1908,800,20322,0.65,0.95,ising
1909,800,20351,0.65,0.975,ising
1910,950,20368,0.55,1.0,ising
1911,1000,20396,0.625,0.925,ising
1912,800,20353,0.75,1.0,ising
1913,1000,20370,0.675,0.975,ising
1914,1000,20397,0.55,0.975,ising
1915,1000,20371,0.625,1.0,ising
1916,1000,20399,0.65,0.975,ising
1917,1000,20373,0.725,1.0,ising
1918,1000,20400,0.75,1.0,ising
1919,1000,20401,0.675,1.0,ising
1920,1000,20374,0.725,1.0,ising
1921,800,20358,0.675,0.975,ising
1922,1000,20402,0.75,1.0,ising
1923,1000,20375,0.7,1.0,ising
1924,1000,20405,0.725,1.0,ising
1925,1000,20377,0.65,0.95,ising
1926,1000,20406,0.55,0.975,ising
1927,1000,20408,0.625,0.975,ising
1928,1000,20410,0.6,1.0,ising
1929,1000,20382,0.55,0.975,ising
1930,1000,20416,0.725,0.975,ising
1931,1000,20418,0.7,1.0,ising
1932,1000,20383,0.575,1.0,ising
1933,1000,20419,0.625,0.95,ising
1934,1000,20384,0.725,1.0,ising
1935,1000,20385,0.675,1.0,ising
1936,1000,20421,0.6,0.875,ising
1937,1000,20422,0.675,0.975,ising
1938,1000,20388,0.65,1.0,ising
1939,1000,20424,0.575,0.65,ising
1940,1000,20389,0.625,1.0,ising
1941,1000,20390,0.65,0.975,ising
1942,1000,20426,0.7,1.0,ising
1943,1000,20391,0.675,1.0,ising
1944,1000,20428,0.65,1.0,ising
1945,1000,20392,0.625,1.0,ising
1946,1000,20393,0.65,0.975,ising
1947,1000,20394,0.65,0.975,ising
1948,1000,20395,0.725,1.0,ising
1949,350,21000,0.975,0.975,ising
1950,550,21015,0.675,0.95,ising
1951,700,21030,0.7,1.0,ising
1952,350,21001,0.925,0.975,ising
1953,550,21016,1.0,1.0,ising
1954,350,21002,0.9,0.975,ising
1955,350,21003,0.975,0.975,ising
1956,550,21017,0.775,0.85,ising
1957,350,21004,0.95,0.95,ising
1958,700,21032,0.6,0.85,ising
1959,350,21005,0.85,0.875,ising
1960,350,21006,0.975,0.975,ising
1961,550,21019,0.825,0.975,ising
1962,700,21033,0.8,0.975,ising
1963,350,21007,0.875,0.9,ising
1964,350,21008,0.95,0.95,ising
1965,350,21009,0.95,1.0,ising
1966,700,21034,0.675,0.975,ising
1967,600,21021,0.675,0.925,ising
1968,550,21010,0.7,0.925,ising
1969,600,21022,0.6,0.6,ising
1970,550,21011,0.95,0.975,ising
1971,700,21036,0.65,0.95,ising
1972,550,21012,0.875,0.9,ising
1973,700,21037,0.7,0.975,ising
1974,600,21025,0.75,0.975,ising
1975,550,21013,0.925,0.95,ising
1976,700,21038,0.575,0.875,ising
1977,600,21026,0.7,0.95,ising
1978,700,21039,0.775,1.0,ising
1979,600,21028,1.0,1.0,ising
1980,600,21029,1.0,0.975,ising
1981,850,21040,0.675,0.95,ising
1982,800,21060,0.775,1.0,ising
1983,850,21048,0.7,0.975,ising
1984,850,21042,0.775,1.0,ising
1985,850,21049,0.55,0.9,ising
1986,850,21043,0.55,1.0,ising
1987,800,21063,0.775,1.0,ising
1988,750,21050,0.45,0.875,ising
1989,800,21064,0.625,1.0,ising
1990,750,21051,0.725,1.0,ising
1991,800,21065,0.775,1.0,ising
1992,900,21077,0.725,1.0,ising
1993,750,21053,0.625,1.0,ising
1994,800,21068,0.625,1.0,ising
1995,750,21055,0.7,0.975,ising
1996,750,21056,0.625,0.95,ising
1997,950,21080,0.7,0.975,ising
1998,900,21070,0.775,1.0,ising
1999,750,21057,0.7,0.9,ising
2000,950,21081,0.675,1.0,ising
2001,750,21059,0.725,1.0,ising
2002,950,21082,0.65,0.975,ising
2003,900,21073,0.6,1.0,ising
2004,1000,21090,0.7,0.95,ising
2005,900,21074,0.7,1.0,ising
2006,950,21084,0.7,0.975,ising
2007,1000,21091,0.7,0.975,ising
2008,750,21105,0.625,0.9,ising
2009,950,21085,0.525,0.975,ising
2010,1000,21092,0.625,0.95,ising
2011,750,21106,0.6,1.0,ising
2012,750,21107,0.8,1.0,ising
2013,1000,21094,0.6,0.825,ising
2014,750,21109,0.875,1.0,ising
2015,950,21088,0.575,0.9,ising
2016,1000,21095,0.575,0.925,ising
2017,800,21111,0.7,1.0,ising
2018,950,21089,0.725,0.975,ising
2019,1000,21096,1.0,1.0,ising
2020,800,21112,0.675,0.95,ising
2021,900,21120,0.7,1.0,ising
2022,900,21121,0.65,1.0,ising
2023,800,21115,0.75,1.0,ising
2024,900,21122,0.65,1.0,ising
2025,900,21123,0.575,1.0,ising
2026,800,21117,0.8,1.0,ising
2027,750,21101,0.675,1.0,ising
2028,900,21124,0.675,1.0,ising
2029,800,21118,0.625,0.95,ising
2030,750,21103,0.7,1.0,ising
2031,900,21125,0.45,1.0,ising
2032,800,21119,0.725,1.0,ising
2033,750,21104,0.7,0.9,ising
2034,900,21127,0.675,1.0,ising
2035,950,21136,0.7,0.975,ising
2036,900,21128,0.7,0.975,ising
2037,950,21137,0.75,0.975,ising
2038,800,21152,0.675,0.95,ising
2039,950,21139,0.775,1.0,ising
2040,1000,21140,0.575,0.975,ising
2041,950,21132,0.675,1.0,ising
2042,950,21133,0.725,1.0,ising
2043,1000,21141,0.675,0.975,ising
2044,950,21134,0.65,1.0,ising
2045,1000,21160,0.725,1.0,ising
2046,1000,21142,0.725,1.0,ising
2047,1000,21143,0.65,1.0,ising
2048,1000,21161,0.65,0.975,ising
2049,1000,21167,0.6,0.975,ising
2050,1000,21162,0.6,1.0,ising
2051,1000,21168,0.75,1.0,ising
2052,1000,21163,0.525,0.9,ising
2053,1000,21169,0.575,0.95,ising
2054,1000,21147,0.675,1.0,ising
2055,1000,21164,0.625,0.975,ising
2056,800,31000,0.775,1.0,ising
2057,800,31002,0.75,0.975,ising
2058,800,31001,0.625,1.0,ising
2059,800,31003,0.7,1.0,ising
2060,800,31004,0.725,1.0,ising
2061,800,31005,0.675,0.975,ising
2062,800,31006,0.75,1.0,ising
2063,800,31008,0.625,0.95,ising
2064,800,31009,0.65,0.925,ising
