,model,n,p,k,seed,method,time,accurary
0,ising,100,190,40,300,SCOPE,11.338103487156332,0.575
1,ising,100,190,40,300,SCOPE_jit,0.7577215579804033,0.575
2,ising,100,190,40,300,GraSP,74.8543943578843,0.7
3,ising,100,190,40,300,GraSP_jit,1.7512668541166931,0.7
4,ising,100,190,40,300,IHT_jit,0.1926772699225694,0.875
5,ising,100,190,40,300,IHT,0.5016273600049317,0.875
6,ising,100,190,40,300,HTP_jit,0.20807631919160485,0.875
7,ising,100,190,40,300,HTP,1.2277201861143112,0.875
8,ising,100,190,40,300,CVXPY,0.18141848896630108,0.825
9,ising,100,190,40,301,SCOPE,6.14795262995176,0.7
10,ising,100,190,40,301,SCOPE_jit,0.7887905240058899,0.825
11,ising,100,190,40,301,GraSP,72.29704254399985,0.8
12,ising,100,190,40,301,GraSP_jit,1.6580050468910486,0.8
13,ising,100,190,40,301,IHT_jit,0.20464056194759905,0.875
14,ising,100,190,40,301,IHT,0.6729049009736627,0.875
15,ising,100,190,40,301,HTP_jit,0.24767279298976064,0.925
16,ising,100,190,40,301,HTP,2.950840163975954,0.925
17,ising,100,190,40,301,CVXPY,0.20388635387644172,0.9
18,ising,100,190,40,302,SCOPE,18.915110633941367,0.725
19,ising,100,190,40,302,SCOPE_jit,1.1644055938813835,0.725
20,ising,100,190,40,302,GraSP,69.58447578293271,0.7
21,ising,100,190,40,302,GraSP_jit,1.5743934959173203,0.7
22,ising,100,190,40,302,IHT_jit,0.1943417291622609,0.625
23,ising,100,190,40,302,IHT,0.4909218579996377,0.625
24,ising,100,190,40,302,HTP_jit,0.2098026149906218,0.75
25,ising,100,190,40,302,HTP,0.7839378679636866,0.75
26,ising,100,190,40,302,CVXPY,0.19965319288894534,0.8
27,ising,100,190,40,303,SCOPE,11.346322396071628,0.825
28,ising,100,190,40,303,SCOPE_jit,0.9013649260159582,0.75
29,ising,100,190,40,303,GraSP,4.528389516985044,0.75
30,ising,100,190,40,303,GraSP_jit,0.27985751209780574,0.75
31,ising,100,190,40,303,IHT_jit,0.19617704395204782,0.8
32,ising,100,190,40,303,IHT,0.5825838451273739,0.8
33,ising,100,190,40,303,HTP_jit,0.206365475198254,0.825
34,ising,100,190,40,303,HTP,1.1440309979952872,0.825
35,ising,100,190,40,303,CVXPY,0.18361154710873961,0.825
36,ising,100,190,40,304,SCOPE,18.105198608944193,0.775
37,ising,100,190,40,304,SCOPE_jit,1.1772913720924407,0.775
38,ising,100,190,40,304,GraSP,71.96562330401503,0.7
39,ising,100,190,40,304,GraSP_jit,1.7630339628085494,0.7
40,ising,100,190,40,304,IHT_jit,0.2250864440575242,0.8
41,ising,100,190,40,304,IHT,1.847332064062357,0.8
42,ising,100,190,40,304,HTP_jit,0.24419009615667164,0.875
43,ising,100,190,40,304,HTP,3.3215379340108484,0.875
44,ising,100,190,40,304,CVXPY,0.1949034440331161,0.75
45,ising,100,190,40,305,SCOPE,15.432856113184243,0.75
46,ising,100,190,40,305,SCOPE_jit,1.1107797380536795,0.75
47,ising,100,190,40,305,GraSP,78.12482928507961,0.7
48,ising,100,190,40,305,GraSP_jit,1.6985690069850534,0.7
49,ising,100,190,40,305,IHT_jit,0.19494687509723008,0.775
50,ising,100,190,40,305,IHT,0.5244311429560184,0.775
51,ising,100,190,40,305,HTP_jit,0.24493514304049313,0.825
52,ising,100,190,40,305,HTP,3.3775266360025853,0.825
53,ising,100,190,40,305,CVXPY,0.21149947890080512,0.75
54,ising,100,190,40,306,SCOPE,26.31843227893114,0.75
55,ising,100,190,40,306,SCOPE_jit,1.500829366967082,0.75
56,ising,100,190,40,306,GraSP,85.38645704998635,0.625
57,ising,100,190,40,306,GraSP_jit,1.936964871129021,0.625
58,ising,100,190,40,306,IHT_jit,0.19775542593561113,0.725
59,ising,100,190,40,306,IHT,0.6398558490909636,0.725
60,ising,100,190,40,306,HTP_jit,0.23164457408711314,0.725
61,ising,100,190,40,306,HTP,2.4679317141417414,0.725
62,ising,100,190,40,306,CVXPY,0.19448668998666108,0.75
63,ising,100,190,40,307,SCOPE,4.295442714123055,0.4
64,ising,100,190,40,307,SCOPE_jit,0.573296369984746,0.4
65,ising,100,190,40,307,GraSP,82.80446574091911,0.6
66,ising,100,190,40,307,GraSP_jit,1.87580358190462,0.6
67,ising,100,190,40,307,IHT_jit,0.205159991979599,0.85
68,ising,100,190,40,307,IHT,0.9430057529825717,0.85
69,ising,100,190,40,307,HTP_jit,0.22928548394702375,0.8
70,ising,100,190,40,307,HTP,2.180002528009936,0.8
71,ising,100,190,40,307,CVXPY,0.1909606910776347,0.8
72,ising,100,190,40,308,SCOPE,10.854420257965103,0.725
73,ising,100,190,40,308,SCOPE_jit,0.8614775408059359,0.725
74,ising,100,190,40,308,GraSP,69.38381514791399,0.75
75,ising,100,190,40,308,GraSP_jit,1.6642895780969411,0.75
76,ising,100,190,40,308,IHT_jit,0.20083193108439445,0.75
77,ising,100,190,40,308,IHT,0.4969813150819391,0.75
78,ising,100,190,40,308,HTP_jit,0.2953598340973258,0.775
79,ising,100,190,40,308,HTP,5.219794275937602,0.775
80,ising,100,190,40,308,CVXPY,0.180219910107553,0.775
81,ising,100,190,40,309,SCOPE,13.412916466826573,0.85
82,ising,100,190,40,309,SCOPE_jit,1.0267409197986126,0.85
83,ising,100,190,40,309,GraSP,68.14848179416731,0.8
84,ising,100,190,40,309,GraSP_jit,1.5787737520877272,0.8
85,ising,100,190,40,309,IHT_jit,0.19110241904854774,0.75
86,ising,100,190,40,309,IHT,0.5534692120272666,0.75
87,ising,100,190,40,309,HTP_jit,0.20330529403872788,0.85
88,ising,100,190,40,309,HTP,1.2062681820243597,0.85
89,ising,100,190,40,309,CVXPY,0.19453001394867897,0.775
90,ising,100,190,40,310,SCOPE,8.05409144400619,0.425
91,ising,100,190,40,310,SCOPE_jit,0.8416648048441857,0.425
92,ising,100,190,40,310,GraSP,85.69145690300502,0.475
93,ising,100,190,40,310,GraSP_jit,1.9001895859837532,0.475
94,ising,100,190,40,310,IHT_jit,0.19491125200875103,0.75
95,ising,100,190,40,310,IHT,0.7629353690426797,0.75
96,ising,100,190,40,310,HTP_jit,0.27551667392253876,0.675
97,ising,100,190,40,310,HTP,5.76961945113726,0.675
98,ising,100,190,40,310,CVXPY,0.2025312059558928,0.7
99,ising,100,190,40,311,,,
100,ising,100,190,40,312,SCOPE,8.830332427984104,0.725
101,ising,100,190,40,312,SCOPE_jit,0.8016320681199431,0.725
102,ising,100,190,40,312,GraSP,82.71469975681975,0.675
103,ising,100,190,40,312,GraSP_jit,1.8603071719408035,0.675
104,ising,100,190,40,312,IHT_jit,0.19014491513371468,0.825
105,ising,100,190,40,312,IHT,0.4627028580289334,0.825
106,ising,100,190,40,312,HTP_jit,0.22648460301570594,0.825
107,ising,100,190,40,312,HTP,2.3206053129397333,0.825
108,ising,100,190,40,312,CVXPY,0.19487657095305622,0.775
109,ising,100,190,40,313,SCOPE,17.560183019842952,0.75
110,ising,100,190,40,313,SCOPE_jit,1.1137971018906683,0.75
111,ising,100,190,40,313,GraSP,66.97766076400876,0.675
112,ising,100,190,40,313,GraSP_jit,1.5087646509055048,0.675
113,ising,100,190,40,313,IHT_jit,0.1978388288989663,0.775
114,ising,100,190,40,313,IHT,0.7607240967918187,0.775
115,ising,100,190,40,313,HTP_jit,0.2174412349704653,0.75
116,ising,100,190,40,313,HTP,1.6718756419140846,0.75
117,ising,100,190,40,313,CVXPY,0.19123028591275215,0.75
118,ising,100,190,40,314,SCOPE,9.591909563168883,0.775
119,ising,100,190,40,314,SCOPE_jit,0.8483852040953934,0.775
120,ising,100,190,40,314,GraSP,59.9440256790258,0.8
121,ising,100,190,40,314,GraSP_jit,1.4327248090412468,0.8
122,ising,100,190,40,314,IHT_jit,0.18851804779842496,0.8
123,ising,100,190,40,314,IHT,0.4727989840321243,0.8
124,ising,100,190,40,314,HTP_jit,0.21786731714382768,0.8
125,ising,100,190,40,314,HTP,2.0581571019720286,0.8
126,ising,100,190,40,314,CVXPY,0.20669145020656288,0.8
127,ising,100,190,40,315,SCOPE,8.736463797977194,0.75
128,ising,100,190,40,315,SCOPE_jit,0.7379512938205153,0.75
129,ising,100,190,40,315,GraSP,75.29688001284376,0.725
130,ising,100,190,40,315,GraSP_jit,1.8293836379889399,0.725
131,ising,100,190,40,315,IHT_jit,0.21637182496488094,0.85
132,ising,100,190,40,315,IHT,1.718427567044273,0.85
133,ising,100,190,40,315,HTP_jit,0.22580556198954582,0.8
134,ising,100,190,40,315,HTP,2.5070780280511826,0.8
135,ising,100,190,40,315,CVXPY,0.18664158694446087,0.825
136,ising,100,190,40,316,SCOPE,11.097234491957352,0.325
137,ising,100,190,40,316,SCOPE_jit,0.9304403599817306,0.325
138,ising,100,190,40,316,GraSP,91.8729846549686,0.55
139,ising,100,190,40,316,GraSP_jit,2.1038089070934802,0.55
140,ising,100,190,40,316,IHT_jit,0.19109945907257497,0.7
141,ising,100,190,40,316,IHT,0.6230569561012089,0.7
142,ising,100,190,40,316,HTP_jit,0.22874722094275057,0.7
143,ising,100,190,40,316,HTP,2.7187408660538495,0.7
144,ising,100,190,40,316,CVXPY,0.19557379907928407,0.65
145,ising,100,190,40,317,SCOPE,9.815974266035482,0.8
146,ising,100,190,40,317,SCOPE_jit,0.8847823340911418,0.8
147,ising,100,190,40,317,GraSP,71.03502890118398,0.7
148,ising,100,190,40,317,GraSP_jit,1.6890794890932739,0.7
149,ising,100,190,40,317,IHT_jit,0.21816219994798303,0.775
150,ising,100,190,40,317,IHT,1.7770770960487425,0.775
151,ising,100,190,40,317,HTP_jit,0.24029106204397976,0.825
152,ising,100,190,40,317,HTP,2.8898503580130637,0.825
153,ising,100,190,40,317,CVXPY,0.186104373075068,0.775
154,ising,100,190,40,318,SCOPE,7.622036317130551,0.625
155,ising,100,190,40,318,SCOPE_jit,0.673364148940891,0.625
156,ising,100,190,40,318,GraSP,71.66465952806175,0.7
157,ising,100,190,40,318,GraSP_jit,1.6276588521432132,0.7
158,ising,100,190,40,318,IHT_jit,0.18952080514281988,0.8
159,ising,100,190,40,318,IHT,0.5794541300274432,0.8
160,ising,100,190,40,318,HTP_jit,0.20953596802428365,0.8
161,ising,100,190,40,318,HTP,1.5880532748997211,0.8
162,ising,100,190,40,318,CVXPY,0.189714026870206,0.75
163,ising,100,190,40,319,SCOPE,11.628031721105799,0.65
164,ising,100,190,40,319,SCOPE_jit,0.8400907770264894,0.65
165,ising,100,190,40,319,GraSP,64.99533205293119,0.85
166,ising,100,190,40,319,GraSP_jit,1.5611234281677753,0.85
167,ising,100,190,40,319,IHT_jit,0.20229461882263422,0.875
168,ising,100,190,40,319,IHT,1.0720886390190572,0.875
169,ising,100,190,40,319,HTP_jit,0.23333698394708335,0.875
170,ising,100,190,40,319,HTP,2.6319870979059488,0.875
171,ising,100,190,40,319,CVXPY,0.19304130296222866,0.8
172,ising,200,190,40,320,SCOPE,10.039528497029096,0.825
173,ising,200,190,40,320,SCOPE_jit,0.9811780550517142,0.825
174,ising,200,190,40,320,GraSP,7.115321384975687,0.775
175,ising,200,190,40,320,GraSP_jit,0.3836714250501245,0.775
176,ising,200,190,40,320,IHT_jit,0.23322573583573103,0.8
177,ising,200,190,40,320,IHT,1.6539233920630068,0.8
178,ising,200,190,40,320,HTP_jit,0.2960433040279895,0.9
179,ising,200,190,40,320,HTP,3.760123193031177,0.9
180,ising,200,190,40,320,CVXPY,0.376505188876763,0.875
181,ising,200,190,40,321,SCOPE,11.617619469994679,0.825
182,ising,200,190,40,321,SCOPE_jit,1.1709805519785732,0.825
183,ising,200,190,40,321,GraSP,67.1735833499115,0.9
184,ising,200,190,40,321,GraSP_jit,2.141250540036708,0.9
185,ising,200,190,40,321,IHT_jit,0.20182795985601842,0.875
186,ising,200,190,40,321,IHT,0.6458152511622757,0.875
187,ising,200,190,40,321,HTP_jit,0.24360454198904335,0.95
188,ising,200,190,40,321,HTP,2.21195488399826,0.95
189,ising,200,190,40,321,CVXPY,0.4162445990368724,0.9
190,ising,200,190,40,322,SCOPE,9.640562237938866,0.825
191,ising,200,190,40,322,SCOPE_jit,0.9972372711636126,0.875
192,ising,200,190,40,322,GraSP,62.23173884488642,0.95
193,ising,200,190,40,322,GraSP_jit,2.0313412290997803,0.95
194,ising,200,190,40,322,IHT_jit,0.20643657306209207,0.825
195,ising,200,190,40,322,IHT,0.7535659288987517,0.825
196,ising,200,190,40,322,HTP_jit,0.24410299002192914,0.925
197,ising,200,190,40,322,HTP,2.1277921930886805,0.925
198,ising,200,190,40,322,CVXPY,0.41139017208479345,0.9
199,ising,200,190,40,323,SCOPE,11.863531035836786,0.8
200,ising,200,190,40,323,SCOPE_jit,1.266868781996891,0.8
201,ising,200,190,40,323,GraSP,68.23027154011652,0.8
202,ising,200,190,40,323,GraSP_jit,2.1739830640144646,0.8
203,ising,200,190,40,323,IHT_jit,0.20057088905014098,0.85
204,ising,200,190,40,323,IHT,0.6004023880232126,0.85
205,ising,200,190,40,323,HTP_jit,0.2724484149366617,0.775
206,ising,200,190,40,323,HTP,3.3068196529056877,0.775
207,ising,200,190,40,323,CVXPY,0.474867976969108,0.8
208,ising,200,190,40,324,SCOPE,15.908276356989518,0.9
209,ising,200,190,40,324,SCOPE_jit,1.4896334081422538,0.9
210,ising,200,190,40,324,GraSP,65.35062198806554,0.875
211,ising,200,190,40,324,GraSP_jit,2.1573186689056456,0.875
212,ising,200,190,40,324,IHT_jit,0.2501503140665591,0.875
213,ising,200,190,40,324,IHT,1.8572584330104291,0.875
214,ising,200,190,40,324,HTP_jit,0.24394632107578218,0.925
215,ising,200,190,40,324,HTP,1.4193058698438108,0.925
216,ising,200,190,40,324,CVXPY,0.4396633799187839,0.875
217,ising,200,190,40,325,SCOPE,12.353804238140583,0.9
218,ising,200,190,40,325,SCOPE_jit,1.1620362310204655,0.9
219,ising,200,190,40,325,GraSP,64.25329118897207,0.875
220,ising,200,190,40,325,GraSP_jit,2.077743067871779,0.875
221,ising,200,190,40,325,IHT_jit,0.24647806491702795,0.95
222,ising,200,190,40,325,IHT,1.944182404782623,0.95
223,ising,200,190,40,325,HTP_jit,0.2734078399371356,0.975
224,ising,200,190,40,325,HTP,2.780756796943024,0.975
225,ising,200,190,40,325,CVXPY,0.41496798885054886,0.95
226,ising,200,190,40,326,SCOPE,3.7299866371322423,0.425
227,ising,200,190,40,326,SCOPE_jit,0.5793875819072127,0.425
228,ising,200,190,40,326,GraSP,85.49897825182416,0.8
229,ising,200,190,40,326,GraSP_jit,2.48636134294793,0.8
230,ising,200,190,40,326,IHT_jit,0.2128892089240253,0.825
231,ising,200,190,40,326,IHT,0.7533814599737525,0.825
232,ising,200,190,40,326,HTP_jit,0.2865507050883025,0.825
233,ising,200,190,40,326,HTP,2.8633368448354304,0.825
234,ising,200,190,40,326,CVXPY,0.4328440451063216,0.85
235,ising,200,190,40,327,SCOPE,10.175682886969298,0.925
236,ising,200,190,40,327,SCOPE_jit,1.0420282611157745,0.925
237,ising,200,190,40,327,GraSP,7.001610060920939,0.875
238,ising,200,190,40,327,GraSP_jit,0.4682044100482017,0.875
239,ising,200,190,40,327,IHT_jit,0.23934877407737076,0.975
240,ising,200,190,40,327,IHT,1.8114876109175384,0.975
241,ising,200,190,40,327,HTP_jit,0.2634271939750761,0.9
242,ising,200,190,40,327,HTP,2.6478299451991916,0.9
243,ising,200,190,40,327,CVXPY,0.3925983118824661,0.825
244,ising,200,190,40,328,SCOPE,12.268788303947076,0.675
245,ising,200,190,40,328,SCOPE_jit,1.4108451600186527,0.475
246,ising,200,190,40,328,GraSP,78.51789576699957,0.8
247,ising,200,190,40,328,GraSP_jit,2.4096258389763534,0.8
248,ising,200,190,40,328,IHT_jit,0.2032404220663011,0.825
249,ising,200,190,40,328,IHT,0.6142199961468577,0.825
250,ising,200,190,40,328,HTP_jit,0.2751199759077281,0.85
251,ising,200,190,40,328,HTP,3.3318861010484397,0.85
252,ising,200,190,40,328,CVXPY,0.41006729286164045,0.8
253,ising,200,190,40,329,SCOPE,16.67579288687557,0.9
254,ising,200,190,40,329,SCOPE_jit,1.4843424600549042,0.9
255,ising,200,190,40,329,GraSP,78.29989881091751,0.85
256,ising,200,190,40,329,GraSP_jit,2.3848982648923993,0.85
257,ising,200,190,40,329,IHT_jit,0.20881110290065408,0.875
258,ising,200,190,40,329,IHT,0.5702016889117658,0.875
259,ising,200,190,40,329,HTP_jit,0.25653819320723414,0.9
260,ising,200,190,40,329,HTP,2.90165622998029,0.9
261,ising,200,190,40,329,CVXPY,0.4519382771104574,0.925
262,ising,200,190,40,330,SCOPE,7.597151617985219,0.85
263,ising,200,190,40,330,SCOPE_jit,0.9065144010819495,0.85
264,ising,200,190,40,330,GraSP,68.80435843789019,0.9
265,ising,200,190,40,330,GraSP_jit,2.1694137109443545,0.9
266,ising,200,190,40,330,IHT_jit,0.20881823101080954,0.925
267,ising,200,190,40,330,IHT,0.7716610210482031,0.925
268,ising,200,190,40,330,HTP_jit,0.2324432961177081,0.975
269,ising,200,190,40,330,HTP,1.5839677979238331,0.975
270,ising,200,190,40,330,CVXPY,0.399249424925074,0.9
271,ising,200,190,40,331,SCOPE,16.55738147906959,0.775
272,ising,200,190,40,331,SCOPE_jit,1.5069627920165658,0.775
273,ising,200,190,40,331,GraSP,73.96317500178702,0.8
274,ising,200,190,40,331,GraSP_jit,2.206929349107668,0.8
275,ising,200,190,40,331,IHT_jit,0.2009119619615376,0.9
276,ising,200,190,40,331,IHT,0.5620587689336389,0.9
277,ising,200,190,40,331,HTP_jit,0.25787380104884505,0.925
278,ising,200,190,40,331,HTP,2.5977052617818117,0.925
279,ising,200,190,40,331,CVXPY,0.40259403199888766,0.825
280,ising,200,190,40,332,SCOPE,12.340293206973001,0.625
281,ising,200,190,40,332,SCOPE_jit,1.270500194048509,0.625
282,ising,200,190,40,332,GraSP,68.43775669694878,0.9
283,ising,200,190,40,332,GraSP_jit,2.1557061919011176,0.9
284,ising,200,190,40,332,IHT_jit,0.2178869170602411,0.9
285,ising,200,190,40,332,IHT,0.957579388981685,0.9
286,ising,200,190,40,332,HTP_jit,0.24970728601329029,0.95
287,ising,200,190,40,332,HTP,2.405907086795196,0.95
288,ising,200,190,40,332,CVXPY,0.4546207038220018,0.85
289,ising,200,190,40,333,SCOPE,9.427228162996471,0.5
290,ising,200,190,40,333,SCOPE_jit,0.9150205431506038,0.5
291,ising,200,190,40,333,GraSP,78.36245864699595,0.825
292,ising,200,190,40,333,GraSP_jit,2.305569268995896,0.825
293,ising,200,190,40,333,IHT_jit,0.21172171598300338,0.825
294,ising,200,190,40,333,IHT,0.6464715651236475,0.825
295,ising,200,190,40,333,HTP_jit,0.23940667300485075,0.85
296,ising,200,190,40,333,HTP,1.5612726609688252,0.85
297,ising,200,190,40,333,CVXPY,0.5049854409880936,0.775
298,ising,200,190,40,334,SCOPE,11.127454414963722,0.425
299,ising,200,190,40,334,SCOPE_jit,1.8988183829933405,0.875
300,ising,200,190,40,334,GraSP,77.46858145389706,0.9
301,ising,200,190,40,334,GraSP_jit,2.4175050971098244,0.9
302,ising,200,190,40,334,IHT_jit,0.2512762590777129,0.775
303,ising,200,190,40,334,IHT,2.2159208999946713,0.775
304,ising,200,190,40,334,HTP_jit,0.2347867120988667,0.875
305,ising,200,190,40,334,HTP,1.6437129541300237,0.875
306,ising,200,190,40,334,CVXPY,0.43200608086772263,0.775
307,ising,200,190,40,335,SCOPE,11.927934171864763,0.95
308,ising,200,190,40,335,SCOPE_jit,1.2732689830008894,0.95
309,ising,200,190,40,335,GraSP,3.2275951688643545,0.95
310,ising,200,190,40,335,GraSP_jit,0.2727379580028355,0.95
311,ising,200,190,40,335,IHT_jit,0.23307434492744505,0.925
312,ising,200,190,40,335,IHT,1.6167182379867882,0.925
313,ising,200,190,40,335,HTP_jit,0.2561783429700881,0.95
314,ising,200,190,40,335,HTP,2.5132971331477165,0.95
315,ising,200,190,40,335,CVXPY,0.40495189605280757,0.9
316,ising,200,190,40,336,SCOPE,8.200029315892607,0.875
317,ising,200,190,40,336,SCOPE_jit,0.9259900220204145,0.875
318,ising,200,190,40,336,GraSP,64.54327434091829,0.875
319,ising,200,190,40,336,GraSP_jit,2.0868338579311967,0.875
320,ising,200,190,40,336,IHT_jit,0.2381098261103034,0.9
321,ising,200,190,40,336,IHT,1.780992974061519,0.9
322,ising,200,190,40,336,HTP_jit,0.25102711003273726,0.875
323,ising,200,190,40,336,HTP,2.331486909883097,0.875
324,ising,200,190,40,336,CVXPY,0.4475200460292399,0.85
325,ising,200,190,40,337,SCOPE,6.25870379502885,0.475
326,ising,200,190,40,337,SCOPE_jit,0.8444652089383453,0.475
327,ising,200,190,40,337,GraSP,3.238812229130417,0.875
328,ising,200,190,40,337,GraSP_jit,0.27806718787178397,0.875
329,ising,200,190,40,337,IHT_jit,0.2454744118731469,0.875
330,ising,200,190,40,337,IHT,2.0280285051558167,0.875
331,ising,200,190,40,337,HTP_jit,0.23026326694525778,0.9
332,ising,200,190,40,337,HTP,1.6008989410474896,0.9
333,ising,200,190,40,337,CVXPY,0.4271425358019769,0.825
334,ising,200,190,40,338,SCOPE,13.776337392861024,0.95
335,ising,200,190,40,338,SCOPE_jit,1.4352281938772649,0.95
336,ising,200,190,40,338,GraSP,4.356362852966413,0.975
337,ising,200,190,40,338,GraSP_jit,0.3221427691169083,0.975
338,ising,200,190,40,338,IHT_jit,0.20883628795854747,1.0
339,ising,200,190,40,338,IHT,0.5426133510190994,1.0
340,ising,200,190,40,338,HTP_jit,0.23946082685142756,1.0
341,ising,200,190,40,338,HTP,1.8185116660315543,1.0
342,ising,200,190,40,338,CVXPY,0.4042741749435663,0.9
343,ising,200,190,40,339,SCOPE,15.137617980130017,0.925
344,ising,200,190,40,339,SCOPE_jit,1.5714129379484802,0.925
345,ising,200,190,40,339,GraSP,59.96827773889527,0.925
346,ising,200,190,40,339,GraSP_jit,1.946528339991346,0.925
347,ising,200,190,40,339,IHT_jit,0.20361404493451118,0.95
348,ising,200,190,40,339,IHT,0.6552274129353464,0.95
349,ising,200,190,40,339,HTP_jit,0.2184031791985035,0.925
350,ising,200,190,40,339,HTP,0.795477150939405,0.925
351,ising,200,190,40,339,CVXPY,0.412307261954993,0.875
352,ising,300,190,40,340,SCOPE,8.54251962294802,0.875
353,ising,300,190,40,340,SCOPE_jit,1.129943439969793,0.875
354,ising,300,190,40,340,GraSP,4.7948751479852945,1.0
355,ising,300,190,40,340,GraSP_jit,0.37332524987868965,1.0
356,ising,300,190,40,340,IHT_jit,0.20453667407855392,0.825
357,ising,300,190,40,340,IHT,0.4741707278881222,0.825
358,ising,300,190,40,340,HTP_jit,0.3132335019763559,0.975
359,ising,300,190,40,340,HTP,3.433021684875712,0.975
360,ising,300,190,40,340,CVXPY,0.6843164348974824,0.925
361,ising,300,190,40,341,SCOPE,4.088141035055742,0.625
362,ising,300,190,40,341,SCOPE_jit,0.6138357778545469,0.625
363,ising,300,190,40,341,GraSP,2.4796127369627357,0.975
364,ising,300,190,40,341,GraSP_jit,0.2860887600108981,0.975
365,ising,300,190,40,341,IHT_jit,0.20661322586238384,0.975
366,ising,300,190,40,341,IHT,0.5226786739658564,0.975
367,ising,300,190,40,341,HTP_jit,0.3108788011595607,0.975
368,ising,300,190,40,341,HTP,3.2668333631008863,0.975
369,ising,300,190,40,341,CVXPY,0.6723843831568956,0.925
370,ising,300,190,40,342,SCOPE,7.040571101941168,0.475
371,ising,300,190,40,342,SCOPE_jit,0.9159969638567418,0.475
372,ising,300,190,40,342,GraSP,23.01178585900925,1.0
373,ising,300,190,40,342,GraSP_jit,1.0097280980553478,1.0
374,ising,300,190,40,342,IHT_jit,0.22022292483597994,0.95
375,ising,300,190,40,342,IHT,0.9026634781621397,0.95
376,ising,300,190,40,342,HTP_jit,0.2581686701159924,1.0
377,ising,300,190,40,342,HTP,1.9556544329971075,1.0
378,ising,300,190,40,342,CVXPY,0.6438821770716459,0.95
379,ising,300,190,40,343,SCOPE,8.690151729155332,0.625
380,ising,300,190,40,343,SCOPE_jit,1.0274674128741026,0.625
381,ising,300,190,40,343,GraSP,2.9927655099891126,0.975
382,ising,300,190,40,343,GraSP_jit,0.2960057989694178,0.975
383,ising,300,190,40,343,IHT_jit,0.20805238303728402,0.925
384,ising,300,190,40,343,IHT,0.5528288139030337,0.925
385,ising,300,190,40,343,HTP_jit,0.23833216610364616,0.975
386,ising,300,190,40,343,HTP,1.5298154270276427,0.975
387,ising,300,190,40,343,CVXPY,0.6938382559455931,0.9
388,ising,300,190,40,344,SCOPE,15.834207521053031,0.95
389,ising,300,190,40,344,SCOPE_jit,1.9358226819895208,0.95
390,ising,300,190,40,344,GraSP,3.9051726509351283,0.975
391,ising,300,190,40,344,GraSP_jit,0.3618283518590033,0.975
392,ising,300,190,40,344,IHT_jit,0.20954441209323704,0.95
393,ising,300,190,40,344,IHT,0.5298381028696895,0.95
394,ising,300,190,40,344,HTP_jit,0.2766332479659468,0.95
395,ising,300,190,40,344,HTP,2.140590683091432,0.95
396,ising,300,190,40,344,CVXPY,0.6464934709947556,0.95
397,ising,300,190,40,345,SCOPE,12.623224816983566,0.95
398,ising,300,190,40,345,SCOPE_jit,1.5160976969636977,0.95
399,ising,300,190,40,345,GraSP,60.49853922589682,0.975
400,ising,300,190,40,345,GraSP_jit,2.469204420922324,0.975
401,ising,300,190,40,345,IHT_jit,0.2168192327953875,0.95
402,ising,300,190,40,345,IHT,0.497028331970796,0.95
403,ising,300,190,40,345,HTP_jit,0.24039453989826143,0.975
404,ising,300,190,40,345,HTP,1.15271425107494,0.975
405,ising,300,190,40,345,CVXPY,0.6913105191197246,0.95
406,ising,300,190,40,346,SCOPE,9.452849354129285,0.925
407,ising,300,190,40,346,SCOPE_jit,1.1994253247976303,0.925
408,ising,300,190,40,346,GraSP,5.0919211090076715,1.0
409,ising,300,190,40,346,GraSP_jit,0.3800834729336202,1.0
410,ising,300,190,40,346,IHT_jit,0.21679075295105577,1.0
411,ising,300,190,40,346,IHT,0.5290591630619019,1.0
412,ising,300,190,40,346,HTP_jit,0.2802786650136113,1.0
413,ising,300,190,40,346,HTP,2.45397308585234,1.0
414,ising,300,190,40,346,CVXPY,0.7225538331549615,0.95
415,ising,300,190,40,347,SCOPE,13.786540769040585,0.625
416,ising,300,190,40,347,SCOPE_jit,1.5715519371442497,0.625
417,ising,300,190,40,347,GraSP,4.847899903077632,0.875
418,ising,300,190,40,347,GraSP_jit,0.3747622419614345,0.875
419,ising,300,190,40,347,IHT_jit,0.2174077690578997,0.925
420,ising,300,190,40,347,IHT,0.643326697172597,0.925
421,ising,300,190,40,347,HTP_jit,0.29562474694103,0.95
422,ising,300,190,40,347,HTP,2.9575125630944967,0.95
423,ising,300,190,40,347,CVXPY,0.8324154948350042,0.9
424,ising,300,190,40,348,SCOPE,16.095327649032697,0.9
425,ising,300,190,40,348,SCOPE_jit,1.693508509080857,0.9
426,ising,300,190,40,348,GraSP,63.95973003888503,0.95
427,ising,300,190,40,348,GraSP_jit,2.6414836710318923,0.95
428,ising,300,190,40,348,IHT_jit,0.2244384449440986,0.925
429,ising,300,190,40,348,IHT,0.7226277638692409,0.925
430,ising,300,190,40,348,HTP_jit,0.3178940599318594,0.975
431,ising,300,190,40,348,HTP,3.7507367599755526,0.975
432,ising,300,190,40,348,CVXPY,0.789877968840301,0.9
433,ising,300,190,40,349,SCOPE,14.411097067873925,0.85
434,ising,300,190,40,349,SCOPE_jit,1.5803314649965614,0.85
435,ising,300,190,40,349,GraSP,72.81762761296704,0.95
436,ising,300,190,40,349,GraSP_jit,2.783273627050221,0.95
437,ising,300,190,40,349,IHT_jit,0.20771754602901638,0.6
438,ising,300,190,40,349,IHT,0.4902798240073025,0.6
439,ising,300,190,40,349,HTP_jit,0.323666384909302,0.9
440,ising,300,190,40,349,HTP,3.8075288510881364,0.9
441,ising,300,190,40,349,CVXPY,0.7479140060022473,0.75
442,ising,300,190,40,350,SCOPE,7.21556672709994,0.2
443,ising,300,190,40,350,SCOPE_jit,1.2775381160899997,0.25
444,ising,300,190,40,350,GraSP,122.66817576484755,0.625
445,ising,300,190,40,350,GraSP_jit,4.394102415069938,0.625
446,ising,300,190,40,350,IHT_jit,0.22757170884869993,0.675
447,ising,300,190,40,350,IHT,1.1457561401184648,0.675
448,ising,300,190,40,350,HTP_jit,0.28470208612270653,0.7
449,ising,300,190,40,350,HTP,2.839914372190833,0.7
450,ising,300,190,40,350,CVXPY,0.6766992730554193,0.7
451,ising,300,190,40,351,SCOPE,19.660919594112784,1.0
452,ising,300,190,40,351,SCOPE_jit,2.2493547261692584,1.0
453,ising,300,190,40,351,GraSP,3.5641044748481363,0.975
454,ising,300,190,40,351,GraSP_jit,0.3275236450135708,0.975
455,ising,300,190,40,351,IHT_jit,0.24670064495876431,0.975
456,ising,300,190,40,351,IHT,0.5212880140170455,0.975
457,ising,300,190,40,351,HTP_jit,0.229294452117756,0.975
458,ising,300,190,40,351,HTP,1.037651542108506,0.975
459,ising,300,190,40,351,CVXPY,0.7045579610858113,0.95
460,ising,300,190,40,352,SCOPE,8.473045433871448,0.875
461,ising,300,190,40,352,SCOPE_jit,1.0532561431173235,0.875
462,ising,300,190,40,352,GraSP,74.39462155895308,0.95
463,ising,300,190,40,352,GraSP_jit,2.979773759143427,0.95
464,ising,300,190,40,352,IHT_jit,0.22135482192970812,0.95
465,ising,300,190,40,352,IHT,0.7813561679795384,0.95
466,ising,300,190,40,352,HTP_jit,0.3002912770025432,0.975
467,ising,300,190,40,352,HTP,3.0131319048814476,0.975
468,ising,300,190,40,352,CVXPY,0.7120873739477247,0.95
469,ising,300,190,40,353,SCOPE,8.432149952976033,1.0
470,ising,300,190,40,353,SCOPE_jit,1.1096945209428668,1.0
471,ising,300,190,40,353,GraSP,2.9826728040352464,0.975
472,ising,300,190,40,353,GraSP_jit,0.30200395709834993,0.975
473,ising,300,190,40,353,IHT_jit,0.21357998601160944,1.0
474,ising,300,190,40,353,IHT,0.6643239378463477,1.0
475,ising,300,190,40,353,HTP_jit,0.2576100130099803,1.0
476,ising,300,190,40,353,HTP,1.7172281101811677,1.0
477,ising,300,190,40,353,CVXPY,0.6632206370122731,0.95
478,ising,300,190,40,354,SCOPE,13.054566174047068,0.4
479,ising,300,190,40,354,SCOPE_jit,1.754804169991985,0.875
480,ising,300,190,40,354,GraSP,73.62158190598711,0.9
481,ising,300,190,40,354,GraSP_jit,2.8334087871480733,0.9
482,ising,300,190,40,354,IHT_jit,0.21036597504280508,0.9
483,ising,300,190,40,354,IHT,0.6405355650931597,0.9
484,ising,300,190,40,354,HTP_jit,0.2544771870598197,0.925
485,ising,300,190,40,354,HTP,1.9052166540641338,0.925
486,ising,300,190,40,354,CVXPY,0.7124175489880145,0.925
487,ising,300,190,40,355,SCOPE,15.532738427864388,0.925
488,ising,300,190,40,355,SCOPE_jit,1.8202935829758644,0.925
489,ising,300,190,40,355,GraSP,69.95133510185406,1.0
490,ising,300,190,40,355,GraSP_jit,2.7399890408851206,1.0
491,ising,300,190,40,355,IHT_jit,0.21614924585446715,1.0
492,ising,300,190,40,355,IHT,0.6127388679888099,1.0
493,ising,300,190,40,355,HTP_jit,0.268080601003021,1.0
494,ising,300,190,40,355,HTP,2.1102588230278343,1.0
495,ising,300,190,40,355,CVXPY,0.6741089751012623,0.925
496,ising,300,190,40,356,SCOPE,13.038660109974444,0.95
497,ising,300,190,40,356,SCOPE_jit,1.539288696134463,0.95
498,ising,300,190,40,356,GraSP,2.9469782060477883,0.975
499,ising,300,190,40,356,GraSP_jit,0.30851524882018566,0.975
500,ising,300,190,40,356,IHT_jit,0.20448584808036685,0.95
501,ising,300,190,40,356,IHT,0.5142710970249027,0.95
502,ising,300,190,40,356,HTP_jit,0.26584331411868334,0.95
503,ising,300,190,40,356,HTP,1.9943834899459034,0.95
504,ising,300,190,40,356,CVXPY,0.6619701418094337,0.9
505,ising,300,190,40,357,SCOPE,9.258810828905553,0.775
506,ising,300,190,40,357,SCOPE_jit,1.2087632468901575,0.775
507,ising,300,190,40,357,GraSP,3.981220091925934,0.95
508,ising,300,190,40,357,GraSP_jit,0.33298274804838,0.95
509,ising,300,190,40,357,IHT_jit,0.21586990216746926,0.975
510,ising,300,190,40,357,IHT,0.7416887190192938,0.975
511,ising,300,190,40,357,HTP_jit,0.2606379820499569,1.0
512,ising,300,190,40,357,HTP,2.0105072238948196,1.0
513,ising,300,190,40,357,CVXPY,0.6767948269844055,0.875
514,ising,300,190,40,358,SCOPE,16.36748495604843,0.875
515,ising,300,190,40,358,SCOPE_jit,1.877826392184943,0.875
516,ising,300,190,40,358,GraSP,67.25078494404443,0.95
517,ising,300,190,40,358,GraSP_jit,2.7053771121427417,0.95
518,ising,300,190,40,358,IHT_jit,0.21696537709794939,0.925
519,ising,300,190,40,358,IHT,0.7406922620721161,0.925
520,ising,300,190,40,358,HTP_jit,0.2676158861722797,0.975
521,ising,300,190,40,358,HTP,1.858670684043318,0.975
522,ising,300,190,40,358,CVXPY,0.7174904339481145,0.9
523,ising,300,190,40,359,SCOPE,12.100289987865835,0.525
524,ising,300,190,40,359,SCOPE_jit,1.6510327358264476,0.8
525,ising,300,190,40,359,GraSP,75.80069790803827,0.9
526,ising,300,190,40,359,GraSP_jit,2.8794564600102603,0.9
527,ising,300,190,40,359,IHT_jit,0.21518870792351663,0.95
528,ising,300,190,40,359,IHT,0.620735133998096,0.95
529,ising,300,190,40,359,HTP_jit,0.25628000195138156,0.975
530,ising,300,190,40,359,HTP,1.73340011597611,0.975
531,ising,300,190,40,359,CVXPY,0.7584180489648134,0.925
532,ising,400,190,40,360,SCOPE,20.200291413115337,0.975
533,ising,400,190,40,360,SCOPE_jit,2.543325818842277,0.975
534,ising,400,190,40,360,GraSP,74.53241285984404,0.975
535,ising,400,190,40,360,GraSP_jit,3.7833885939326137,0.975
536,ising,400,190,40,360,IHT_jit,0.2691798049490899,1.0
537,ising,400,190,40,360,IHT,1.0207352919969708,1.0
538,ising,400,190,40,360,HTP_jit,0.3407798199914396,1.0
539,ising,400,190,40,360,HTP,2.6407897968310863,1.0
540,ising,400,190,40,360,CVXPY,1.1000873560551554,0.9
541,ising,400,190,40,361,,,
542,ising,400,190,40,362,SCOPE,16.052119008032605,0.5
543,ising,400,190,40,362,SCOPE_jit,1.9954709820449352,0.5
544,ising,400,190,40,362,GraSP,87.91276574716903,1.0
545,ising,400,190,40,362,GraSP_jit,3.9731513450387865,1.0
546,ising,400,190,40,362,IHT_jit,0.23917976999655366,0.875
547,ising,400,190,40,362,IHT,0.6627591419965029,0.875
548,ising,400,190,40,362,HTP_jit,0.6305641790386289,0.975
549,ising,400,190,40,362,HTP,9.171808303100988,0.975
550,ising,400,190,40,362,CVXPY,0.9504483269993216,0.9
551,ising,400,190,40,363,SCOPE,8.853517475072294,0.7
552,ising,400,190,40,363,SCOPE_jit,1.3114951390307397,0.7
553,ising,400,190,40,363,GraSP,71.44098104396835,1.0
554,ising,400,190,40,363,GraSP_jit,3.543790833093226,1.0
555,ising,400,190,40,363,IHT_jit,0.22783033805899322,0.975
556,ising,400,190,40,363,IHT,0.5709078109357506,0.975
557,ising,400,190,40,363,HTP_jit,0.34170247591100633,0.975
558,ising,400,190,40,363,HTP,3.0330795210320503,0.975
559,ising,400,190,40,363,CVXPY,1.1893323368858546,0.925
560,ising,400,190,40,364,,,
561,ising,400,190,40,365,SCOPE,32.08381389500573,0.95
562,ising,400,190,40,365,SCOPE_jit,3.640937662916258,0.95
563,ising,400,190,40,365,GraSP,91.72525446815416,0.925
564,ising,400,190,40,365,GraSP_jit,4.40835998300463,0.925
565,ising,400,190,40,365,IHT_jit,0.2567601199261844,0.9
566,ising,400,190,40,365,IHT,1.117540932027623,0.9
567,ising,400,190,40,365,HTP_jit,0.298430505907163,0.9
568,ising,400,190,40,365,HTP,2.04716271487996,0.9
569,ising,400,190,40,365,CVXPY,1.0833972820546478,0.925
570,ising,400,190,40,366,SCOPE,10.887145871063694,1.0
571,ising,400,190,40,366,SCOPE_jit,1.4057099809870124,1.0
572,ising,400,190,40,366,GraSP,79.50513451290317,0.95
573,ising,400,190,40,366,GraSP_jit,3.928796298801899,0.95
574,ising,400,190,40,366,IHT_jit,0.23545859404839575,0.975
575,ising,400,190,40,366,IHT,0.5437917029485106,0.975
576,ising,400,190,40,366,HTP_jit,0.2933210670016706,0.95
577,ising,400,190,40,366,HTP,1.888750522164628,0.95
578,ising,400,190,40,366,CVXPY,1.2501681428402662,0.925
579,ising,400,190,40,367,SCOPE,14.323142647044733,0.875
580,ising,400,190,40,367,SCOPE_jit,1.942290629958734,0.875
581,ising,400,190,40,367,GraSP,3.2242417470552027,0.975
582,ising,400,190,40,367,GraSP_jit,0.36902253795415163,0.975
583,ising,400,190,40,367,IHT_jit,0.2535235700197518,1.0
584,ising,400,190,40,367,IHT,0.6644941777922213,1.0
585,ising,400,190,40,367,HTP_jit,0.30091579793952405,0.95
586,ising,400,190,40,367,HTP,1.7108742478303611,0.95
587,ising,400,190,40,367,CVXPY,1.2244420610368252,0.95
588,ising,400,190,40,368,SCOPE,20.29413577518426,1.0
589,ising,400,190,40,368,SCOPE_jit,2.4009928128216416,1.0
590,ising,400,190,40,368,GraSP,74.39988667401485,1.0
591,ising,400,190,40,368,GraSP_jit,3.488310170127079,1.0
592,ising,400,190,40,368,IHT_jit,0.25012487010098994,1.0
593,ising,400,190,40,368,IHT,0.8687585580628365,1.0
594,ising,400,190,40,368,HTP_jit,0.3388440359849483,1.0
595,ising,400,190,40,368,HTP,2.8829781631939113,1.0
596,ising,400,190,40,368,CVXPY,1.1421733440365642,0.95
597,ising,400,190,40,369,SCOPE,15.098976178094745,0.8
598,ising,400,190,40,369,SCOPE_jit,1.822337243007496,0.8
599,ising,400,190,40,369,GraSP,6.62200042209588,0.975
600,ising,400,190,40,369,GraSP_jit,0.56683264602907,0.975
601,ising,400,190,40,369,IHT_jit,0.28116902988404036,0.95
602,ising,400,190,40,369,IHT,0.8326573190279305,0.95
603,ising,400,190,40,369,HTP_jit,0.31636762782000005,0.95
604,ising,400,190,40,369,HTP,2.244966165162623,0.95
605,ising,400,190,40,369,CVXPY,1.1229736630339175,0.875
606,ising,400,190,40,370,SCOPE,15.319881625007838,0.425
607,ising,400,190,40,370,SCOPE_jit,1.5146353559102863,0.425
608,ising,400,190,40,370,GraSP,82.1402012151666,0.975
609,ising,400,190,40,370,GraSP_jit,3.88325411407277,0.975
610,ising,400,190,40,370,IHT_jit,0.2437338619492948,0.925
611,ising,400,190,40,370,IHT,0.9070598450489342,0.925
612,ising,400,190,40,370,HTP_jit,0.42137184902094305,0.975
613,ising,400,190,40,370,HTP,5.013523990986869,0.975
614,ising,400,190,40,370,CVXPY,1.0280287279747427,0.8
615,ising,400,190,40,371,SCOPE,11.449908695882186,0.925
616,ising,400,190,40,371,SCOPE_jit,1.5910735470242798,0.925
617,ising,400,190,40,371,GraSP,7.891451574163511,0.975
618,ising,400,190,40,371,GraSP_jit,0.5971758631058037,0.975
619,ising,400,190,40,371,IHT_jit,0.24823867809027433,0.975
620,ising,400,190,40,371,IHT,0.8638744601048529,0.975
621,ising,400,190,40,371,HTP_jit,0.33375128195621073,0.975
622,ising,400,190,40,371,HTP,2.7387387978378683,0.975
623,ising,400,190,40,371,CVXPY,1.1073288701009005,0.95
624,ising,400,190,40,372,SCOPE,9.576941499020904,0.7
625,ising,400,190,40,372,SCOPE_jit,1.299407331040129,0.7
626,ising,400,190,40,372,GraSP,85.80337781389244,0.9
627,ising,400,190,40,372,GraSP_jit,3.954740582033992,0.9
628,ising,400,190,40,372,IHT_jit,0.2440162820275873,0.75
629,ising,400,190,40,372,IHT,0.7218999590259045,0.75
630,ising,400,190,40,372,HTP_jit,0.39987341687083244,0.85
631,ising,400,190,40,372,HTP,4.6139725600369275,0.85
632,ising,400,190,40,372,CVXPY,1.101705419830978,0.775
633,ising,400,190,40,373,SCOPE,21.716825561132282,0.95
634,ising,400,190,40,373,SCOPE_jit,2.735586029011756,0.95
635,ising,400,190,40,373,GraSP,80.04873025603592,0.975
636,ising,400,190,40,373,GraSP_jit,3.8209618381224573,0.975
637,ising,400,190,40,373,IHT_jit,0.30743535002693534,0.925
638,ising,400,190,40,373,IHT,2.150579937035218,0.925
639,ising,400,190,40,373,HTP_jit,0.3391567450016737,1.0
640,ising,400,190,40,373,HTP,2.924408024875447,1.0
641,ising,400,190,40,373,CVXPY,1.1499788099899888,0.875
642,ising,400,190,40,374,SCOPE,18.461995577905327,0.95
643,ising,400,190,40,374,SCOPE_jit,2.204698023153469,0.95
644,ising,400,190,40,374,GraSP,75.25575133017264,1.0
645,ising,400,190,40,374,GraSP_jit,3.634568750858307,1.0
646,ising,400,190,40,374,IHT_jit,0.2482349779456854,0.975
647,ising,400,190,40,374,IHT,0.7094487950671464,0.975
648,ising,400,190,40,374,HTP_jit,0.4294900440145284,0.95
649,ising,400,190,40,374,HTP,5.258822425967082,0.95
650,ising,400,190,40,374,CVXPY,1.002926921006292,0.875
651,ising,400,190,40,375,SCOPE,24.879633062053472,0.975
652,ising,400,190,40,375,SCOPE_jit,3.148216106928885,0.975
653,ising,400,190,40,375,GraSP,78.35644739493728,0.975
654,ising,400,190,40,375,GraSP_jit,3.6652820389717817,0.975
655,ising,400,190,40,375,IHT_jit,0.3204226507805288,0.925
656,ising,400,190,40,375,IHT,2.3419020799919963,0.925
657,ising,400,190,40,375,HTP_jit,0.29780819290317595,0.975
658,ising,400,190,40,375,HTP,1.8792293439619243,0.975
659,ising,400,190,40,375,CVXPY,1.1631763589102775,0.925
660,ising,400,190,40,376,SCOPE,17.555348034016788,1.0
661,ising,400,190,40,376,SCOPE_jit,2.2561111690010875,1.0
662,ising,400,190,40,376,GraSP,3.2941970941610634,1.0
663,ising,400,190,40,376,GraSP_jit,0.39006746700033545,1.0
664,ising,400,190,40,376,IHT_jit,0.25414179894141853,1.0
665,ising,400,190,40,376,IHT,0.8039864201564342,1.0
666,ising,400,190,40,376,HTP_jit,0.3304177860263735,1.0
667,ising,400,190,40,376,HTP,2.3026110529899597,1.0
668,ising,400,190,40,376,CVXPY,1.040531673002988,0.95
669,ising,400,190,40,377,SCOPE,9.952836756128818,0.275
670,ising,400,190,40,377,SCOPE_jit,1.4744897629134357,0.275
671,ising,400,190,40,377,GraSP,76.39570954092778,0.975
672,ising,400,190,40,377,GraSP_jit,3.5867291181348264,0.975
673,ising,400,190,40,377,IHT_jit,0.29746704804711044,0.875
674,ising,400,190,40,377,IHT,2.0832604381721467,0.875
675,ising,400,190,40,377,HTP_jit,0.3202051541302353,0.95
676,ising,400,190,40,377,HTP,2.7750914639327675,0.95
677,ising,400,190,40,377,CVXPY,1.1320771989412606,0.875
678,ising,400,190,40,378,SCOPE,8.996193203143775,0.525
679,ising,400,190,40,378,SCOPE_jit,1.2479110369458795,0.525
680,ising,400,190,40,378,GraSP,87.95881787803955,0.9
681,ising,400,190,40,378,GraSP_jit,4.054574694950134,0.9
682,ising,400,190,40,378,IHT_jit,0.23951990599744022,0.95
683,ising,400,190,40,378,IHT,0.8511200051289052,0.95
684,ising,400,190,40,378,HTP_jit,0.44683242309838533,0.925
685,ising,400,190,40,378,HTP,5.509984267875552,0.925
686,ising,400,190,40,378,CVXPY,1.1535830148495734,0.875
687,ising,400,190,40,379,SCOPE,19.41526293894276,0.925
688,ising,400,190,40,379,SCOPE_jit,2.3794203069992363,0.925
689,ising,400,190,40,379,GraSP,68.43365766410716,1.0
690,ising,400,190,40,379,GraSP_jit,3.4451656059827656,1.0
691,ising,400,190,40,379,IHT_jit,0.24329285300336778,0.95
692,ising,400,190,40,379,IHT,1.0449050238821656,0.95
693,ising,400,190,40,379,HTP_jit,0.31381366215646267,0.975
694,ising,400,190,40,379,HTP,2.4240480770822614,0.975
695,ising,400,190,40,379,CVXPY,1.1077336240559816,0.875
696,ising,500,190,40,380,SCOPE,10.102487012045458,0.525
697,ising,500,190,40,380,SCOPE_jit,1.564504963112995,0.525
698,ising,500,190,40,380,GraSP,75.84530789614655,1.0
699,ising,500,190,40,380,GraSP_jit,4.028502030996606,1.0
700,ising,500,190,40,380,IHT_jit,0.33976822020485997,0.875
701,ising,500,190,40,380,IHT,2.6516588928643614,0.875
702,ising,500,190,40,380,HTP_jit,0.3075926071032882,1.0
703,ising,500,190,40,380,HTP,2.075046422891319,1.0
704,ising,500,190,40,380,CVXPY,1.5828415311407298,0.875
705,ising,500,190,40,381,SCOPE,15.174021487124264,1.0
706,ising,500,190,40,381,SCOPE_jit,2.3565869049634784,1.0
707,ising,500,190,40,381,GraSP,81.1315262990538,1.0
708,ising,500,190,40,381,GraSP_jit,4.044768696883693,1.0
709,ising,500,190,40,381,IHT_jit,0.2523502560798079,0.925
710,ising,500,190,40,381,IHT,0.6257114231120795,0.925
711,ising,500,190,40,381,HTP_jit,0.3521655020304024,1.0
712,ising,500,190,40,381,HTP,2.231925651896745,1.0
713,ising,500,190,40,381,CVXPY,1.4062557499855757,0.925
714,ising,500,190,40,382,,,
715,ising,500,190,40,383,SCOPE,10.32687806384638,1.0
716,ising,500,190,40,383,SCOPE_jit,1.6004982700105757,1.0
717,ising,500,190,40,383,GraSP,71.00399333494715,1.0
718,ising,500,190,40,383,GraSP_jit,4.045815541176125,1.0
719,ising,500,190,40,383,IHT_jit,0.24890194018371403,1.0
720,ising,500,190,40,383,IHT,0.6267802221700549,1.0
721,ising,500,190,40,383,HTP_jit,0.337474622996524,1.0
722,ising,500,190,40,383,HTP,2.610283690970391,1.0
723,ising,500,190,40,383,CVXPY,1.3124910239130259,0.95
724,ising,500,190,40,384,SCOPE,11.609594431007281,0.575
725,ising,500,190,40,384,SCOPE_jit,1.878335694083944,0.575
726,ising,500,190,40,384,GraSP,76.93241411098279,1.0
727,ising,500,190,40,384,GraSP_jit,4.019943925784901,1.0
728,ising,500,190,40,384,IHT_jit,0.24799308786168694,0.9
729,ising,500,190,40,384,IHT,0.8063403340056539,0.9
730,ising,500,190,40,384,HTP_jit,0.33243619091808796,0.95
731,ising,500,190,40,384,HTP,2.3722879549022764,0.95
732,ising,500,190,40,384,CVXPY,1.5247318160254508,0.85
733,ising,500,190,40,385,,,
734,ising,500,190,40,386,,,
735,ising,500,190,40,387,SCOPE,15.884924985934049,1.0
736,ising,500,190,40,387,SCOPE_jit,2.394347368972376,1.0
737,ising,500,190,40,387,GraSP,5.557637248886749,1.0
738,ising,500,190,40,387,GraSP_jit,0.49101135204546154,1.0
739,ising,500,190,40,387,IHT_jit,0.24541186122223735,0.95
740,ising,500,190,40,387,IHT,0.7638509280513972,0.95
741,ising,500,190,40,387,HTP_jit,0.28960134694352746,1.0
742,ising,500,190,40,387,HTP,1.5231885279063135,1.0
743,ising,500,190,40,387,CVXPY,1.558315773960203,0.95
744,ising,500,190,40,388,SCOPE,14.584644065005705,0.65
745,ising,500,190,40,388,SCOPE_jit,2.051054815063253,0.65
746,ising,500,190,40,388,GraSP,8.301839933963493,0.975
747,ising,500,190,40,388,GraSP_jit,0.659827115945518,0.975
748,ising,500,190,40,388,IHT_jit,0.2684721080586314,0.9
749,ising,500,190,40,388,IHT,0.8991873718332499,0.9
750,ising,500,190,40,388,HTP_jit,0.36475505004636943,1.0
751,ising,500,190,40,388,HTP,2.3373278439976275,1.0
752,ising,500,190,40,388,CVXPY,1.7444986491464078,0.925
753,ising,500,190,40,389,SCOPE,10.948068866040558,0.625
754,ising,500,190,40,389,SCOPE_jit,1.6667602849192917,0.625
755,ising,500,190,40,389,GraSP,4.716025547124445,1.0
756,ising,500,190,40,389,GraSP_jit,0.45479381713084877,1.0
757,ising,500,190,40,389,IHT_jit,0.23897929792292416,1.0
758,ising,500,190,40,389,IHT,0.6114705060608685,1.0
759,ising,500,190,40,389,HTP_jit,0.32329416810534894,1.0
760,ising,500,190,40,389,HTP,2.1184957860969007,1.0
761,ising,500,190,40,389,CVXPY,1.7260730299167335,0.925
762,ising,500,190,40,390,SCOPE,22.269942888990045,0.9
763,ising,500,190,40,390,SCOPE_jit,2.842330323997885,0.9
764,ising,500,190,40,390,GraSP,94.04712464683689,0.975
765,ising,500,190,40,390,GraSP_jit,4.6858894128818065,0.975
766,ising,500,190,40,390,IHT_jit,0.24920852715149522,0.9
767,ising,500,190,40,390,IHT,0.7982849648687989,0.9
768,ising,500,190,40,390,HTP_jit,0.38932143221609294,0.95
769,ising,500,190,40,390,HTP,4.054173124022782,0.95
770,ising,500,190,40,390,CVXPY,1.4408298670314252,0.9
771,ising,500,190,40,391,SCOPE,8.610376209951937,0.575
772,ising,500,190,40,391,SCOPE_jit,1.4284709540661424,0.575
773,ising,500,190,40,391,GraSP,4.564282346051186,0.975
774,ising,500,190,40,391,GraSP_jit,0.43221097183413804,0.975
775,ising,500,190,40,391,IHT_jit,0.23597676493227482,1.0
776,ising,500,190,40,391,IHT,0.6592369638383389,1.0
777,ising,500,190,40,391,HTP_jit,0.363272757967934,1.0
778,ising,500,190,40,391,HTP,3.010178752010688,1.0
779,ising,500,190,40,391,CVXPY,1.5436295561958104,0.9
780,ising,500,190,40,392,,,
781,ising,500,190,40,393,SCOPE,8.597392950905487,0.65
782,ising,500,190,40,393,SCOPE_jit,1.355305280070752,0.65
783,ising,500,190,40,393,GraSP,2.5446735757868737,1.0
784,ising,500,190,40,393,GraSP_jit,0.35168462013825774,1.0
785,ising,500,190,40,393,IHT_jit,0.24252676498144865,1.0
786,ising,500,190,40,393,IHT,0.6191848888993263,1.0
787,ising,500,190,40,393,HTP_jit,0.287821362959221,1.0
788,ising,500,190,40,393,HTP,1.5447248660493642,1.0
789,ising,500,190,40,393,CVXPY,1.4165240041911602,0.975
790,ising,500,190,40,394,,,
791,ising,500,190,40,395,SCOPE,20.5545608100947,0.975
792,ising,500,190,40,395,SCOPE_jit,2.531913493061438,0.975
793,ising,500,190,40,395,GraSP,3.759222290944308,0.975
794,ising,500,190,40,395,GraSP_jit,0.38861518702469766,0.975
795,ising,500,190,40,395,IHT_jit,0.28645374486222863,0.95
796,ising,500,190,40,395,IHT,1.3262652640696615,0.95
797,ising,500,190,40,395,HTP_jit,0.33543205889873207,1.0
798,ising,500,190,40,395,HTP,1.915993387810886,1.0
799,ising,500,190,40,395,CVXPY,1.615509452065453,0.975
800,ising,500,190,40,396,SCOPE,18.155097318114713,0.95
801,ising,500,190,40,396,SCOPE_jit,2.3170584470499307,0.95
802,ising,500,190,40,396,GraSP,74.9681615519803,1.0
803,ising,500,190,40,396,GraSP_jit,4.1540838240180165,1.0
804,ising,500,190,40,396,IHT_jit,0.29630132601596415,0.95
805,ising,500,190,40,396,IHT,0.8646316619124264,0.95
806,ising,500,190,40,396,HTP_jit,0.3707817930262536,1.0
807,ising,500,190,40,396,HTP,3.1038182449992746,1.0
808,ising,500,190,40,396,CVXPY,1.456917247036472,0.95
809,ising,500,190,40,397,SCOPE,20.174091792898253,0.975
810,ising,500,190,40,397,SCOPE_jit,2.7118234678637236,0.975
811,ising,500,190,40,397,GraSP,88.5304915679153,0.975
812,ising,500,190,40,397,GraSP_jit,4.656506588915363,0.975
813,ising,500,190,40,397,IHT_jit,0.29919254197739065,1.0
814,ising,500,190,40,397,IHT,0.9100537719205022,1.0
815,ising,500,190,40,397,HTP_jit,0.4397329818457365,1.0
816,ising,500,190,40,397,HTP,4.052961521083489,1.0
817,ising,500,190,40,397,CVXPY,1.6578657219652086,0.925
818,ising,500,190,40,398,SCOPE,17.60304400906898,0.925
819,ising,500,190,40,398,SCOPE_jit,2.546532772947103,0.925
820,ising,500,190,40,398,GraSP,71.34770193998702,1.0
821,ising,500,190,40,398,GraSP_jit,3.6245063070673496,1.0
822,ising,500,190,40,398,IHT_jit,0.2590383489150554,0.85
823,ising,500,190,40,398,IHT,0.587000495987013,0.85
824,ising,500,190,40,398,HTP_jit,0.3580315171275288,0.95
825,ising,500,190,40,398,HTP,2.3156588890124112,0.95
826,ising,500,190,40,398,CVXPY,1.3800987810827792,0.825
827,ising,500,190,40,399,SCOPE,12.190599109046161,0.925
828,ising,500,190,40,399,SCOPE_jit,1.8859580450225621,0.925
829,ising,500,190,40,399,GraSP,70.24346541287377,1.0
830,ising,500,190,40,399,GraSP_jit,3.9536690930835903,1.0
831,ising,500,190,40,399,IHT_jit,0.2525449979584664,1.0
832,ising,500,190,40,399,IHT,0.8402946148999035,1.0
833,ising,500,190,40,399,HTP_jit,0.31827304093167186,1.0
834,ising,500,190,40,399,HTP,1.9573065319564193,1.0
835,ising,500,190,40,399,CVXPY,1.3501717830076814,0.95
836,ising,600,190,40,400,SCOPE,22.14457346405834,0.9
837,ising,600,190,40,400,SCOPE_jit,3.3219173499383032,0.9
838,ising,600,190,40,400,GraSP,91.03326332592405,0.975
839,ising,600,190,40,400,GraSP_jit,5.682934578042477,0.975
840,ising,600,190,40,400,IHT_jit,0.2769689420238137,0.9
841,ising,600,190,40,400,IHT,0.9738696371205151,0.9
842,ising,600,190,40,400,HTP_jit,0.5058295731432736,1.0
843,ising,600,190,40,400,HTP,4.0959077989682555,1.0
844,ising,600,190,40,400,CVXPY,1.6741670719347894,0.9
845,ising,600,190,40,401,SCOPE,16.592219613026828,1.0
846,ising,600,190,40,401,SCOPE_jit,2.567149077076465,1.0
847,ising,600,190,40,401,GraSP,76.85887764790095,1.0
848,ising,600,190,40,401,GraSP_jit,4.619163669878617,1.0
849,ising,600,190,40,401,IHT_jit,0.2708830339834094,1.0
850,ising,600,190,40,401,IHT,0.9917762561235577,1.0
851,ising,600,190,40,401,HTP_jit,0.3497967040166259,1.0
852,ising,600,190,40,401,HTP,1.8436500201933086,1.0
853,ising,600,190,40,401,CVXPY,2.296832673950121,0.975
854,ising,600,190,40,402,SCOPE,18.5791954100132,1.0
855,ising,600,190,40,402,SCOPE_jit,2.79418789409101,1.0
856,ising,600,190,40,402,GraSP,80.56277036690153,1.0
857,ising,600,190,40,402,GraSP_jit,4.710005639120936,1.0
858,ising,600,190,40,402,IHT_jit,0.25703891715966165,0.95
859,ising,600,190,40,402,IHT,0.667239811969921,0.95
860,ising,600,190,40,402,HTP_jit,0.3460430148988962,1.0
861,ising,600,190,40,402,HTP,2.0606431688647717,1.0
862,ising,600,190,40,402,CVXPY,1.9241837349254638,0.95
863,ising,600,190,40,403,SCOPE,8.630263953004032,0.5
864,ising,600,190,40,403,SCOPE_jit,1.3298763500060886,0.5
865,ising,600,190,40,403,GraSP,76.87782458704896,1.0
866,ising,600,190,40,403,GraSP_jit,4.667613499099389,1.0
867,ising,600,190,40,403,IHT_jit,0.2709211139008403,0.975
868,ising,600,190,40,403,IHT,0.7460667761042714,0.975
869,ising,600,190,40,403,HTP_jit,0.46267412696033716,1.0
870,ising,600,190,40,403,HTP,3.886014749063179,1.0
871,ising,600,190,40,403,CVXPY,1.9598025721497834,0.925
872,ising,600,190,40,404,SCOPE,7.844658948015422,0.625
873,ising,600,190,40,404,SCOPE_jit,1.207353460835293,0.625
874,ising,600,190,40,404,GraSP,72.38510743482038,1.0
875,ising,600,190,40,404,GraSP_jit,4.300546352053061,1.0
876,ising,600,190,40,404,IHT_jit,0.2720723650418222,0.95
877,ising,600,190,40,404,IHT,0.6866627181880176,0.95
878,ising,600,190,40,404,HTP_jit,0.41285761003382504,1.0
879,ising,600,190,40,404,HTP,3.1373470299877226,1.0
880,ising,600,190,40,404,CVXPY,2.000825647963211,0.95
881,ising,600,190,40,405,,,
882,ising,600,190,40,406,SCOPE,21.59000616101548,0.3
883,ising,600,190,40,406,SCOPE_jit,1.593755696900189,0.25
884,ising,600,190,40,406,GraSP,83.381302973954,0.975
885,ising,600,190,40,406,GraSP_jit,4.9496542329434305,0.975
886,ising,600,190,40,406,IHT_jit,0.25434671086259186,0.95
887,ising,600,190,40,406,IHT,0.6326837129890919,0.95
888,ising,600,190,40,406,HTP_jit,0.30687415902502835,0.95
889,ising,600,190,40,406,HTP,1.2554829528089613,0.95
890,ising,600,190,40,406,CVXPY,1.6960404149722308,0.925
891,ising,600,190,40,407,,,
892,ising,600,190,40,408,SCOPE,19.961239167954773,0.975
893,ising,600,190,40,408,SCOPE_jit,3.0731292960699648,0.975
894,ising,600,190,40,408,GraSP,4.78696378110908,1.0
895,ising,600,190,40,408,GraSP_jit,0.49578441493213177,1.0
896,ising,600,190,40,408,IHT_jit,0.25380348204635084,1.0
897,ising,600,190,40,408,IHT,0.6668003408703953,1.0
898,ising,600,190,40,408,HTP_jit,0.3508251761086285,1.0
899,ising,600,190,40,408,HTP,2.300149619812146,1.0
900,ising,600,190,40,408,CVXPY,1.9189288299530745,0.95
901,ising,600,190,40,409,SCOPE,13.686210294952616,0.975
902,ising,600,190,40,409,SCOPE_jit,1.9991024411283433,0.975
903,ising,600,190,40,409,GraSP,6.887610453180969,0.975
904,ising,600,190,40,409,GraSP_jit,0.6774087101221085,0.975
905,ising,600,190,40,409,IHT_jit,0.3086586210411042,0.975
906,ising,600,190,40,409,IHT,0.6727574949618429,0.975
907,ising,600,190,40,409,HTP_jit,0.3749693299178034,1.0
908,ising,600,190,40,409,HTP,2.7428103699348867,1.0
909,ising,600,190,40,409,CVXPY,1.8591992717701942,0.925
910,ising,600,190,40,410,SCOPE,19.045890722889453,0.9
911,ising,600,190,40,410,SCOPE_jit,2.554276557872072,0.925
912,ising,600,190,40,410,GraSP,99.31354047497734,0.95
913,ising,600,190,40,410,GraSP_jit,5.463544090045616,0.95
914,ising,600,190,40,410,IHT_jit,0.25679385382682085,0.95
915,ising,600,190,40,410,IHT,0.7103295691777021,0.95
916,ising,600,190,40,410,HTP_jit,0.525436369003728,0.925
917,ising,600,190,40,410,HTP,5.111404814058915,0.925
918,ising,600,190,40,410,CVXPY,2.0202852999791503,0.875
919,ising,600,190,40,411,SCOPE,20.81032367818989,0.8
920,ising,600,190,40,411,SCOPE_jit,2.730464931111783,0.975
921,ising,600,190,40,411,GraSP,79.82247419608757,1.0
922,ising,600,190,40,411,GraSP_jit,4.712700305972248,1.0
923,ising,600,190,40,411,IHT_jit,0.2884213209617883,0.975
924,ising,600,190,40,411,IHT,0.9495525870006531,0.975
925,ising,600,190,40,411,HTP_jit,0.33130271593108773,0.975
926,ising,600,190,40,411,HTP,1.769807290052995,0.975
927,ising,600,190,40,411,CVXPY,2.3420322239398956,0.9
928,ising,600,190,40,412,SCOPE,12.341502857161686,0.95
929,ising,600,190,40,412,SCOPE_jit,2.0321192478295416,0.95
930,ising,600,190,40,412,GraSP,3.0302456649951637,1.0
931,ising,600,190,40,412,GraSP_jit,0.4077178849838674,1.0
932,ising,600,190,40,412,IHT_jit,0.2537829040084034,1.0
933,ising,600,190,40,412,IHT,0.5385741549544036,1.0
934,ising,600,190,40,412,HTP_jit,0.3416696221102029,1.0
935,ising,600,190,40,412,HTP,1.9223062139935791,1.0
936,ising,600,190,40,412,CVXPY,1.8141492418944836,0.95
937,ising,600,190,40,413,SCOPE,12.589519605971873,1.0
938,ising,600,190,40,413,SCOPE_jit,2.0102013288997114,1.0
939,ising,600,190,40,413,GraSP,6.870007022982463,1.0
940,ising,600,190,40,413,GraSP_jit,0.6190667429473251,1.0
941,ising,600,190,40,413,IHT_jit,0.28561431006528437,0.975
942,ising,600,190,40,413,IHT,0.9880734831094742,0.975
943,ising,600,190,40,413,HTP_jit,0.4163325000554323,1.0
944,ising,600,190,40,413,HTP,2.94413014408201,1.0
945,ising,600,190,40,413,CVXPY,1.7477940458338708,0.95
946,ising,600,190,40,414,SCOPE,13.94677960081026,1.0
947,ising,600,190,40,414,SCOPE_jit,1.9071709541603923,1.0
948,ising,600,190,40,414,GraSP,4.259608628926799,1.0
949,ising,600,190,40,414,GraSP_jit,0.4998046818654984,1.0
950,ising,600,190,40,414,IHT_jit,0.27707445505075157,1.0
951,ising,600,190,40,414,IHT,0.8770424840040505,1.0
952,ising,600,190,40,414,HTP_jit,0.3363949710037559,1.0
953,ising,600,190,40,414,HTP,1.728480548132211,1.0
954,ising,600,190,40,414,CVXPY,1.9168815379962325,1.0
955,ising,600,190,40,415,SCOPE,11.082900975830853,0.65
956,ising,600,190,40,415,SCOPE_jit,1.5439325829502195,0.65
957,ising,600,190,40,415,GraSP,74.34959004004486,1.0
958,ising,600,190,40,415,GraSP_jit,4.559425384970382,1.0
959,ising,600,190,40,415,IHT_jit,0.25438018003478646,1.0
960,ising,600,190,40,415,IHT,0.6502573420293629,1.0
961,ising,600,190,40,415,HTP_jit,0.35412796190939844,1.0
962,ising,600,190,40,415,HTP,2.2363245650194585,1.0
963,ising,600,190,40,415,CVXPY,2.2377652020659298,0.95
964,ising,600,190,40,416,SCOPE,27.290982637088746,0.95
965,ising,600,190,40,416,SCOPE_jit,2.6812808429822326,1.0
966,ising,600,190,40,416,GraSP,86.50621621799655,1.0
967,ising,600,190,40,416,GraSP_jit,5.063361858949065,1.0
968,ising,600,190,40,416,IHT_jit,0.30017108214087784,0.95
969,ising,600,190,40,416,IHT,1.5273311408236623,0.95
970,ising,600,190,40,416,HTP_jit,0.40968172810971737,0.975
971,ising,600,190,40,416,HTP,3.436403037980199,0.975
972,ising,600,190,40,416,CVXPY,2.3485768870450556,0.9
973,ising,600,190,40,417,SCOPE,9.766588788013905,0.625
974,ising,600,190,40,417,SCOPE_jit,1.4038779120892286,0.625
975,ising,600,190,40,417,GraSP,83.99503493495286,1.0
976,ising,600,190,40,417,GraSP_jit,5.073901904979721,1.0
977,ising,600,190,40,417,IHT_jit,0.2665609559044242,0.975
978,ising,600,190,40,417,IHT,0.7669177451170981,0.975
979,ising,600,190,40,417,HTP_jit,0.37015787814743817,1.0
980,ising,600,190,40,417,HTP,2.7507124608382583,1.0
981,ising,600,190,40,417,CVXPY,1.9695817159954458,0.9
982,ising,600,190,40,418,,,
983,ising,600,190,40,419,SCOPE,19.657583839958534,0.975
984,ising,600,190,40,419,SCOPE_jit,2.898592879064381,0.975
985,ising,600,190,40,419,GraSP,86.00363844400272,1.0
986,ising,600,190,40,419,GraSP_jit,4.979376106988639,1.0
987,ising,600,190,40,419,IHT_jit,0.32929307711310685,0.925
988,ising,600,190,40,419,IHT,1.2050874861888587,0.925
989,ising,600,190,40,419,HTP_jit,0.41470979200676084,1.0
990,ising,600,190,40,419,HTP,3.270677396096289,1.0
991,ising,600,190,40,419,CVXPY,1.9878150229342282,0.925
992,ising,700,190,40,420,SCOPE,21.39743687910959,1.0
993,ising,700,190,40,420,SCOPE_jit,3.20881076506339,1.0
994,ising,700,190,40,420,GraSP,3.828376990975812,1.0
995,ising,700,190,40,420,GraSP_jit,0.46694247983396053,1.0
996,ising,700,190,40,420,IHT_jit,0.27259176201187074,0.975
997,ising,700,190,40,420,IHT,0.7662302970420569,0.975
998,ising,700,190,40,420,HTP_jit,0.4117991360835731,1.0
999,ising,700,190,40,420,HTP,3.081546212080866,1.0
1000,ising,700,190,40,420,CVXPY,2.8842189030256122,0.95
1001,ising,700,190,40,421,SCOPE,16.06337966909632,0.575
1002,ising,700,190,40,421,SCOPE_jit,2.526010164991021,0.575
1003,ising,700,190,40,421,GraSP,4.852436593035236,1.0
1004,ising,700,190,40,421,GraSP_jit,0.5542857961263508,1.0
1005,ising,700,190,40,421,IHT_jit,0.27433949592523277,0.95
1006,ising,700,190,40,421,IHT,0.7861525609623641,0.95
1007,ising,700,190,40,421,HTP_jit,0.44021572382189333,0.975
1008,ising,700,190,40,421,HTP,3.4206266081891954,0.975
1009,ising,700,190,40,421,CVXPY,2.6015099389478564,0.85
1010,ising,700,190,40,422,SCOPE,16.429536452982575,0.4
1011,ising,700,190,40,422,SCOPE_jit,2.234637286979705,0.4
1012,ising,700,190,40,422,GraSP,89.13446281803772,1.0
1013,ising,700,190,40,422,GraSP_jit,5.098431707825512,1.0
1014,ising,700,190,40,422,IHT_jit,0.300547095015645,1.0
1015,ising,700,190,40,422,IHT,0.8094457320403308,1.0
1016,ising,700,190,40,422,HTP_jit,0.415228916099295,1.0
1017,ising,700,190,40,422,HTP,3.061220407951623,1.0
1018,ising,700,190,40,422,CVXPY,2.3794455411843956,0.875
1019,ising,700,190,40,423,,,
1020,ising,700,190,40,424,SCOPE,22.85214916220866,0.975
1021,ising,700,190,40,424,SCOPE_jit,3.647263942984864,0.975
1022,ising,700,190,40,424,GraSP,4.238053431035951,1.0
1023,ising,700,190,40,424,GraSP_jit,0.5164583339355886,1.0
1024,ising,700,190,40,424,IHT_jit,0.29603980807587504,1.0
1025,ising,700,190,40,424,IHT,0.8529066790360957,1.0
1026,ising,700,190,40,424,HTP_jit,0.3424935098737478,1.0
1027,ising,700,190,40,424,HTP,1.602731523802504,1.0
1028,ising,700,190,40,424,CVXPY,2.9846122150775045,0.975
1029,ising,700,190,40,425,,,
1030,ising,700,190,40,426,SCOPE,8.483641865896061,0.65
1031,ising,700,190,40,426,SCOPE_jit,1.503781815059483,0.65
1032,ising,700,190,40,426,GraSP,84.72872049314901,1.0
1033,ising,700,190,40,426,GraSP_jit,5.274446394992992,1.0
1034,ising,700,190,40,426,IHT_jit,0.27480243891477585,0.95
1035,ising,700,190,40,426,IHT,0.753188394010067,0.95
1036,ising,700,190,40,426,HTP_jit,0.3725264058448374,1.0
1037,ising,700,190,40,426,HTP,2.7684664831031114,1.0
1038,ising,700,190,40,426,CVXPY,3.100355793023482,0.95
1039,ising,700,190,40,427,,,
1040,ising,700,190,40,428,SCOPE,19.951693120179698,0.975
1041,ising,700,190,40,428,SCOPE_jit,2.877633798168972,0.975
1042,ising,700,190,40,428,GraSP,85.43350860895589,1.0
1043,ising,700,190,40,428,GraSP_jit,5.251298208953813,1.0
1044,ising,700,190,40,428,IHT_jit,0.27819426800124347,1.0
1045,ising,700,190,40,428,IHT,0.7717835619114339,1.0
1046,ising,700,190,40,428,HTP_jit,0.38959403801709414,1.0
1047,ising,700,190,40,428,HTP,2.5486886349972337,1.0
1048,ising,700,190,40,428,CVXPY,2.7681174450553954,0.9
1049,ising,700,190,40,429,SCOPE,29.427334852982312,1.0
1050,ising,700,190,40,429,SCOPE_jit,4.212294061901048,1.0
1051,ising,700,190,40,429,GraSP,6.158574512926862,1.0
1052,ising,700,190,40,429,GraSP_jit,0.6529650969896466,1.0
1053,ising,700,190,40,429,IHT_jit,0.3365911089349538,0.975
1054,ising,700,190,40,429,IHT,0.8946169808041304,0.975
1055,ising,700,190,40,429,HTP_jit,0.3788775010034442,1.0
1056,ising,700,190,40,429,HTP,2.0853787921369076,1.0
1057,ising,700,190,40,429,CVXPY,2.546339205931872,0.95
1058,ising,700,190,40,430,SCOPE,25.46503004897386,0.95
1059,ising,700,190,40,430,SCOPE_jit,3.935774649027735,0.95
1060,ising,700,190,40,430,GraSP,9.817234084941447,1.0
1061,ising,700,190,40,430,GraSP_jit,0.8380915720481426,1.0
1062,ising,700,190,40,430,IHT_jit,0.3185259790625423,0.975
1063,ising,700,190,40,430,IHT,0.7270513598341495,0.975
1064,ising,700,190,40,430,HTP_jit,0.4374373669270426,1.0
1065,ising,700,190,40,430,HTP,3.1698702718131244,1.0
1066,ising,700,190,40,430,CVXPY,3.4278271491639316,0.95
1067,ising,700,190,40,431,SCOPE,22.033235675888136,1.0
1068,ising,700,190,40,431,SCOPE_jit,3.4046966650057584,1.0
1069,ising,700,190,40,431,GraSP,6.058375369058922,1.0
1070,ising,700,190,40,431,GraSP_jit,0.7394463659729809,1.0
1071,ising,700,190,40,431,IHT_jit,0.28101677913218737,1.0
1072,ising,700,190,40,431,IHT,0.8663420670200139,1.0
1073,ising,700,190,40,431,HTP_jit,0.4217878158669919,1.0
1074,ising,700,190,40,431,HTP,2.2803565540816635,1.0
1075,ising,700,190,40,431,CVXPY,2.4112207798752934,0.95
1076,ising,700,190,40,432,SCOPE,16.741584789007902,0.975
1077,ising,700,190,40,432,SCOPE_jit,2.8084254171699286,0.975
1078,ising,700,190,40,432,GraSP,87.43977805483155,1.0
1079,ising,700,190,40,432,GraSP_jit,6.043764767004177,1.0
1080,ising,700,190,40,432,IHT_jit,0.29809414595365524,0.975
1081,ising,700,190,40,432,IHT,1.058432046091184,0.975
1082,ising,700,190,40,432,HTP_jit,0.37362707406282425,1.0
1083,ising,700,190,40,432,HTP,2.3665013620629907,1.0
1084,ising,700,190,40,432,CVXPY,2.6155564018990844,0.95
1085,ising,700,190,40,433,SCOPE,14.034660240169615,1.0
1086,ising,700,190,40,433,SCOPE_jit,2.344339694129303,1.0
1087,ising,700,190,40,433,GraSP,3.928807919844985,1.0
1088,ising,700,190,40,433,GraSP_jit,0.48198916390538216,1.0
1089,ising,700,190,40,433,IHT_jit,0.27102482016198337,1.0
1090,ising,700,190,40,433,IHT,0.6462970948778093,1.0
1091,ising,700,190,40,433,HTP_jit,0.3807487890589982,1.0
1092,ising,700,190,40,433,HTP,2.491655425867066,1.0
1093,ising,700,190,40,433,CVXPY,2.498863304965198,0.975
1094,ising,700,190,40,434,SCOPE,15.949631738010794,1.0
1095,ising,700,190,40,434,SCOPE_jit,2.6665507219731808,1.0
1096,ising,700,190,40,434,GraSP,6.167848994024098,1.0
1097,ising,700,190,40,434,GraSP_jit,0.6113478811457753,1.0
1098,ising,700,190,40,434,IHT_jit,0.2810151078738272,1.0
1099,ising,700,190,40,434,IHT,0.6946886628866196,1.0
1100,ising,700,190,40,434,HTP_jit,0.36232844088226557,1.0
1101,ising,700,190,40,434,HTP,2.122200840851292,1.0
1102,ising,700,190,40,434,CVXPY,2.198158605955541,0.925
1103,ising,700,190,40,435,,,
1104,ising,700,190,40,436,SCOPE,19.897718502907082,0.925
1105,ising,700,190,40,436,SCOPE_jit,2.975348056992516,0.925
1106,ising,700,190,40,436,GraSP,3.841660639969632,1.0
1107,ising,700,190,40,436,GraSP_jit,0.4743473958224058,1.0
1108,ising,700,190,40,436,IHT_jit,0.27412898815236986,0.95
1109,ising,700,190,40,436,IHT,0.6614942848682404,0.95
1110,ising,700,190,40,436,HTP_jit,0.5198153748642653,1.0
1111,ising,700,190,40,436,HTP,5.753508513793349,1.0
1112,ising,700,190,40,436,CVXPY,2.1924439088907093,0.95
1113,ising,700,190,40,437,,,
1114,ising,700,190,40,438,,,
1115,ising,700,190,40,439,SCOPE,9.282786319032311,0.4
1116,ising,700,190,40,439,SCOPE_jit,1.3125674629118294,0.4
1117,ising,700,190,40,439,GraSP,94.4414452528581,0.95
1118,ising,700,190,40,439,GraSP_jit,6.153778963955119,0.95
1119,ising,700,190,40,439,IHT_jit,0.28006489388644695,1.0
1120,ising,700,190,40,439,IHT,1.1950325581710786,1.0
1121,ising,700,190,40,439,HTP_jit,0.5187628599815071,1.0
1122,ising,700,190,40,439,HTP,4.1691789990291,1.0
1123,ising,700,190,40,439,CVXPY,2.312919926131144,0.925
1124,ising,800,190,40,440,,,
1125,ising,800,190,40,441,,,
1126,ising,800,190,40,442,,,
1127,ising,800,190,40,443,,,
1128,ising,800,190,40,444,SCOPE,22.218728457810357,0.5
1129,ising,800,190,40,444,SCOPE_jit,3.592332124011591,0.5
1130,ising,800,190,40,444,GraSP,104.46344527904876,1.0
1131,ising,800,190,40,444,GraSP_jit,6.546831676037982,1.0
1132,ising,800,190,40,444,IHT_jit,0.31347758090123534,1.0
1133,ising,800,190,40,444,IHT,1.070492384955287,1.0
1134,ising,800,190,40,444,HTP_jit,0.43684631190262735,1.0
1135,ising,800,190,40,444,HTP,3.041852790862322,1.0
1136,ising,800,190,40,444,CVXPY,2.970501098083332,0.95
1137,ising,800,190,40,445,,,
1138,ising,800,190,40,446,SCOPE,20.521717355120927,1.0
1139,ising,800,190,40,446,SCOPE_jit,2.9394217329099774,1.0
1140,ising,800,190,40,446,GraSP,4.431173749035224,1.0
1141,ising,800,190,40,446,GraSP_jit,0.5481475098058581,1.0
1142,ising,800,190,40,446,IHT_jit,0.31094612390734255,1.0
1143,ising,800,190,40,446,IHT,1.001379805849865,1.0
1144,ising,800,190,40,446,HTP_jit,0.4236144369933754,1.0
1145,ising,800,190,40,446,HTP,2.936334560159594,1.0
1146,ising,800,190,40,446,CVXPY,2.627923933789134,0.95
1147,ising,800,190,40,447,SCOPE,36.828647130168974,1.0
1148,ising,800,190,40,447,SCOPE_jit,5.407510929973796,1.0
1149,ising,800,190,40,447,GraSP,87.71071354486048,1.0
1150,ising,800,190,40,447,GraSP_jit,6.151307236868888,1.0
1151,ising,800,190,40,447,IHT_jit,0.28402417805045843,1.0
1152,ising,800,190,40,447,IHT,0.8191084079444408,1.0
1153,ising,800,190,40,447,HTP_jit,0.38988859788514674,1.0
1154,ising,800,190,40,447,HTP,2.3867437089793384,1.0
1155,ising,800,190,40,447,CVXPY,2.7439414500258863,0.925
1156,ising,800,190,40,448,,,
1157,ising,800,190,40,449,SCOPE,8.883616718929261,0.65
1158,ising,800,190,40,449,SCOPE_jit,1.5503427798394114,0.65
1159,ising,800,190,40,449,GraSP,4.324582034954801,1.0
1160,ising,800,190,40,449,GraSP_jit,0.513450033031404,1.0
1161,ising,800,190,40,449,IHT_jit,0.30804399005137384,0.975
1162,ising,800,190,40,449,IHT,1.1182974798139185,0.975
1163,ising,800,190,40,449,HTP_jit,0.41125182597897947,1.0
1164,ising,800,190,40,449,HTP,2.438226150115952,1.0
1165,ising,800,190,40,449,CVXPY,3.2929716799408197,0.95
1166,ising,800,190,40,450,SCOPE,21.150480438955128,1.0
1167,ising,800,190,40,450,SCOPE_jit,3.392483592964709,1.0
1168,ising,800,190,40,450,GraSP,14.50449287192896,1.0
1169,ising,800,190,40,450,GraSP_jit,1.1299136611633003,1.0
1170,ising,800,190,40,450,IHT_jit,0.2787879689130932,0.975
1171,ising,800,190,40,450,IHT,0.7220222658943385,0.975
1172,ising,800,190,40,450,HTP_jit,0.39664908312261105,1.0
1173,ising,800,190,40,450,HTP,2.3667921400628984,1.0
1174,ising,800,190,40,450,CVXPY,3.081368184881285,0.95
1175,ising,800,190,40,451,,,
1176,ising,800,190,40,452,SCOPE,35.128281326033175,1.0
1177,ising,800,190,40,452,SCOPE_jit,5.634587707929313,1.0
1178,ising,800,190,40,452,GraSP,88.97682161792181,1.0
1179,ising,800,190,40,452,GraSP_jit,5.739272373029962,1.0
1180,ising,800,190,40,452,IHT_jit,0.4258928201161325,0.95
1181,ising,800,190,40,452,IHT,2.697252369020134,0.95
1182,ising,800,190,40,452,HTP_jit,0.42450032010674477,1.0
1183,ising,800,190,40,452,HTP,3.006738759810105,1.0
1184,ising,800,190,40,452,CVXPY,3.0477058130782098,0.975
1185,ising,800,190,40,453,,,
1186,ising,800,190,40,454,SCOPE,37.26527089998126,1.0
1187,ising,800,190,40,454,SCOPE_jit,5.7542975230608135,1.0
1188,ising,800,190,40,454,GraSP,3.9381489558145404,1.0
1189,ising,800,190,40,454,GraSP_jit,0.4923977330327034,1.0
1190,ising,800,190,40,454,IHT_jit,0.3021571768913418,1.0
1191,ising,800,190,40,454,IHT,0.993745804997161,1.0
1192,ising,800,190,40,454,HTP_jit,0.3386974921450019,1.0
1193,ising,800,190,40,454,HTP,1.3680088829714805,1.0
1194,ising,800,190,40,454,CVXPY,2.9748566458001733,1.0
1195,ising,800,190,40,455,SCOPE,24.46511890203692,1.0
1196,ising,800,190,40,455,SCOPE_jit,3.9500847291201353,1.0
1197,ising,800,190,40,455,GraSP,90.46206194115803,1.0
1198,ising,800,190,40,455,GraSP_jit,5.53994847391732,1.0
1199,ising,800,190,40,455,IHT_jit,0.2782256978098303,0.975
1200,ising,800,190,40,455,IHT,0.6741576660424471,0.975
1201,ising,800,190,40,455,HTP_jit,0.3810162420850247,1.0
1202,ising,800,190,40,455,HTP,2.0833534370176494,1.0
1203,ising,800,190,40,455,CVXPY,3.357316064881161,0.95
1204,ising,800,190,40,456,,,
1205,ising,800,190,40,457,SCOPE,20.462115874979645,1.0
1206,ising,800,190,40,457,SCOPE_jit,2.9475946358870715,1.0
1207,ising,800,190,40,457,GraSP,84.22949467902072,1.0
1208,ising,800,190,40,457,GraSP_jit,5.690106191905215,1.0
1209,ising,800,190,40,457,IHT_jit,0.3112574031110853,1.0
1210,ising,800,190,40,457,IHT,0.8782800489570946,1.0
1211,ising,800,190,40,457,HTP_jit,0.38009951496496797,1.0
1212,ising,800,190,40,457,HTP,1.7710760498885065,1.0
1213,ising,800,190,40,457,CVXPY,3.0386963090859354,0.975
1214,ising,800,190,40,458,SCOPE,33.76381203299388,0.9
1215,ising,800,190,40,458,SCOPE_jit,4.862442719982937,0.9
1216,ising,800,190,40,458,GraSP,95.38697005691938,1.0
1217,ising,800,190,40,458,GraSP_jit,6.602672167122364,1.0
1218,ising,800,190,40,458,IHT_jit,0.32376097002997994,1.0
1219,ising,800,190,40,458,IHT,1.0723899290896952,1.0
1220,ising,800,190,40,458,HTP_jit,0.3681872698944062,1.0
1221,ising,800,190,40,458,HTP,1.856389967026189,1.0
1222,ising,800,190,40,458,CVXPY,3.1565613178536296,0.975
1223,ising,800,190,40,459,SCOPE,12.840485234977677,0.525
1224,ising,800,190,40,459,SCOPE_jit,1.8472453919239342,0.525
1225,ising,800,190,40,459,GraSP,94.16963655804284,1.0
1226,ising,800,190,40,459,GraSP_jit,5.8295697891153395,1.0
1227,ising,800,190,40,459,IHT_jit,0.273643481079489,0.925
1228,ising,800,190,40,459,IHT,0.45864828396588564,0.925
1229,ising,800,190,40,459,HTP_jit,0.6179461069405079,0.975
1230,ising,800,190,40,459,HTP,3.8236989101860672,0.975
1231,ising,800,190,40,459,CVXPY,3.367564006941393,0.925
1232,ising,900,190,40,460,SCOPE,19.39725274615921,1.0
1233,ising,900,190,40,460,SCOPE_jit,2.688931791810319,1.0
1234,ising,900,190,40,460,GraSP,116.03050634590909,1.0
1235,ising,900,190,40,460,GraSP_jit,6.735479776980355,1.0
1236,ising,900,190,40,460,IHT_jit,0.31322965607978404,0.975
1237,ising,900,190,40,460,IHT,0.8294514541048557,0.975
1238,ising,900,190,40,460,HTP_jit,0.4074632429983467,1.0
1239,ising,900,190,40,460,HTP,2.2654820820316672,1.0
1240,ising,900,190,40,460,CVXPY,3.424394569126889,0.925
1241,ising,900,190,40,461,,,
1242,ising,900,190,40,462,,,
1243,ising,900,190,40,463,SCOPE,25.030661650933325,0.975
1244,ising,900,190,40,463,SCOPE_jit,3.5842510191723704,0.975
1245,ising,900,190,40,463,GraSP,76.90777533804066,1.0
1246,ising,900,190,40,463,GraSP_jit,5.648704152088612,1.0
1247,ising,900,190,40,463,IHT_jit,0.30085937515832484,1.0
1248,ising,900,190,40,463,IHT,1.03058869112283,1.0
1249,ising,900,190,40,463,HTP_jit,0.42923769005574286,1.0
1250,ising,900,190,40,463,HTP,2.3959858070593327,1.0
1251,ising,900,190,40,463,CVXPY,3.627635766984895,0.95
1252,ising,900,190,40,464,SCOPE,13.170128250028938,0.725
1253,ising,900,190,40,464,SCOPE_jit,2.0889651151373982,0.725
1254,ising,900,190,40,464,GraSP,86.21387224690989,1.0
1255,ising,900,190,40,464,GraSP_jit,6.373422241071239,1.0
1256,ising,900,190,40,464,IHT_jit,0.4962552459910512,0.975
1257,ising,900,190,40,464,IHT,2.8126606110017747,0.975
1258,ising,900,190,40,464,HTP_jit,0.3483183968346566,1.0
1259,ising,900,190,40,464,HTP,1.3854997279122472,1.0
1260,ising,900,190,40,464,CVXPY,3.5116834139917046,1.0
1261,ising,900,190,40,465,,,
1262,ising,900,190,40,466,,,
1263,ising,900,190,40,467,,,
1264,ising,900,190,40,468,SCOPE,34.41428191284649,1.0
1265,ising,900,190,40,468,SCOPE_jit,6.050025938078761,1.0
1266,ising,900,190,40,468,GraSP,75.84838711097836,1.0
1267,ising,900,190,40,468,GraSP_jit,5.307715168921277,1.0
1268,ising,900,190,40,468,IHT_jit,0.3122323448769748,0.975
1269,ising,900,190,40,468,IHT,0.812788425013423,0.975
1270,ising,900,190,40,468,HTP_jit,0.40529495012015104,1.0
1271,ising,900,190,40,468,HTP,2.2979102209210396,1.0
1272,ising,900,190,40,468,CVXPY,3.0580131290480494,0.9
1273,ising,900,190,40,469,,,
1274,ising,900,190,40,470,SCOPE,35.4671779088676,1.0
1275,ising,900,190,40,470,SCOPE_jit,5.076927101006731,1.0
1276,ising,900,190,40,470,GraSP,102.26187581685372,1.0
1277,ising,900,190,40,470,GraSP_jit,7.568353275069967,1.0
1278,ising,900,190,40,470,IHT_jit,0.38359211292117834,1.0
1279,ising,900,190,40,470,IHT,0.7724815090186894,1.0
1280,ising,900,190,40,470,HTP_jit,0.41557380883023143,1.0
1281,ising,900,190,40,470,HTP,2.7300766191910952,1.0
1282,ising,900,190,40,470,CVXPY,3.429370413068682,0.975
1283,ising,900,190,40,471,,,
1284,ising,900,190,40,472,SCOPE,15.421291027916595,1.0
1285,ising,900,190,40,472,SCOPE_jit,2.472819778136909,1.0
1286,ising,900,190,40,472,GraSP,2.461943211965263,1.0
1287,ising,900,190,40,472,GraSP_jit,0.45424810517579317,1.0
1288,ising,900,190,40,472,IHT_jit,0.3275070709642023,0.975
1289,ising,900,190,40,472,IHT,0.7405161000788212,0.975
1290,ising,900,190,40,472,HTP_jit,0.3807602170854807,1.0
1291,ising,900,190,40,472,HTP,1.9335794171784073,1.0
1292,ising,900,190,40,472,CVXPY,2.9322027841117233,0.95
1293,ising,900,190,40,473,SCOPE,13.490902562160045,0.975
1294,ising,900,190,40,473,SCOPE_jit,2.077653402928263,0.975
1295,ising,900,190,40,473,GraSP,3.747566069010645,1.0
1296,ising,900,190,40,473,GraSP_jit,0.53267203993164,1.0
1297,ising,900,190,40,473,IHT_jit,0.2862829079385847,1.0
1298,ising,900,190,40,473,IHT,0.7007007440552115,1.0
1299,ising,900,190,40,473,HTP_jit,0.37211113213561475,1.0
1300,ising,900,190,40,473,HTP,1.8526253029704094,1.0
1301,ising,900,190,40,473,CVXPY,3.4052365790121257,1.0
1302,ising,900,190,40,474,,,
1303,ising,900,190,40,475,SCOPE,26.936287307180464,0.925
1304,ising,900,190,40,475,SCOPE_jit,4.082218277035281,0.925
1305,ising,900,190,40,475,GraSP,117.61075721005909,0.975
1306,ising,900,190,40,475,GraSP_jit,6.84919338603504,0.975
1307,ising,900,190,40,475,IHT_jit,0.42420198605395854,0.775
1308,ising,900,190,40,475,IHT,2.7979758349247277,0.775
1309,ising,900,190,40,475,HTP_jit,0.650405660038814,0.95
1310,ising,900,190,40,475,HTP,6.614456644980237,0.95
1311,ising,900,190,40,475,CVXPY,3.27505909698084,0.85
1312,ising,900,190,40,476,SCOPE,5.645675907144323,0.375
1313,ising,900,190,40,476,SCOPE_jit,0.9560251729562879,0.375
1314,ising,900,190,40,476,GraSP,108.6203617870342,1.0
1315,ising,900,190,40,476,GraSP_jit,6.552864709869027,1.0
1316,ising,900,190,40,476,IHT_jit,0.3223254820331931,0.925
1317,ising,900,190,40,476,IHT,1.1989104130771011,0.925
1318,ising,900,190,40,476,HTP_jit,0.4898717019241303,1.0
1319,ising,900,190,40,476,HTP,2.7531111519783735,1.0
1320,ising,900,190,40,476,CVXPY,3.7532830429263413,0.925
1321,ising,900,190,40,477,,,
1322,ising,900,190,40,478,SCOPE,8.770829651970416,0.725
1323,ising,900,190,40,478,SCOPE_jit,1.4514817639719695,0.725
1324,ising,900,190,40,478,GraSP,3.119976452086121,1.0
1325,ising,900,190,40,478,GraSP_jit,0.4597899310756475,1.0
1326,ising,900,190,40,478,IHT_jit,0.31092150998301804,1.0
1327,ising,900,190,40,478,IHT,0.9566303070168942,1.0
1328,ising,900,190,40,478,HTP_jit,0.42257141694426537,1.0
1329,ising,900,190,40,478,HTP,2.8756573980208486,1.0
1330,ising,900,190,40,478,CVXPY,2.823586184065789,0.975
1331,ising,900,190,40,479,,,
1332,ising,1000,190,40,480,,,
1333,ising,1000,190,40,481,SCOPE,15.53986967005767,1.0
1334,ising,1000,190,40,481,SCOPE_jit,2.6848512180149555,1.0
1335,ising,1000,190,40,481,GraSP,3.646598151884973,1.0
1336,ising,1000,190,40,481,GraSP_jit,0.5028106139507145,1.0
1337,ising,1000,190,40,481,IHT_jit,0.42293324205093086,0.975
1338,ising,1000,190,40,481,IHT,2.679008104838431,0.975
1339,ising,1000,190,40,481,HTP_jit,0.4326500101014972,1.0
1340,ising,1000,190,40,481,HTP,2.4609115389175713,1.0
1341,ising,1000,190,40,481,CVXPY,3.380580331897363,1.0
1342,ising,1000,190,40,482,,,
1343,ising,1000,190,40,483,SCOPE,13.869095457019284,1.0
1344,ising,1000,190,40,483,SCOPE_jit,2.324682573089376,1.0
1345,ising,1000,190,40,483,GraSP,4.544494528090581,1.0
1346,ising,1000,190,40,483,GraSP_jit,0.5826936569064856,1.0
1347,ising,1000,190,40,483,IHT_jit,0.29280797811225057,1.0
1348,ising,1000,190,40,483,IHT,0.7561525348573923,1.0
1349,ising,1000,190,40,483,HTP_jit,0.4087305851280689,1.0
1350,ising,1000,190,40,483,HTP,1.983902578940615,1.0
1351,ising,1000,190,40,483,CVXPY,4.0443955638911575,1.0
1352,ising,1000,190,40,484,SCOPE,35.21641763113439,0.95
1353,ising,1000,190,40,484,SCOPE_jit,4.8019423498772085,0.95
1354,ising,1000,190,40,484,GraSP,109.51520063192584,1.0
1355,ising,1000,190,40,484,GraSP_jit,7.545859758043662,1.0
1356,ising,1000,190,40,484,IHT_jit,0.471599557204172,0.95
1357,ising,1000,190,40,484,IHT,2.984567803097889,0.95
1358,ising,1000,190,40,484,HTP_jit,0.48699578107334673,1.0
1359,ising,1000,190,40,484,HTP,3.4380354802124202,1.0
1360,ising,1000,190,40,484,CVXPY,2.9382918649353087,0.925
1361,ising,1000,190,40,485,SCOPE,9.359591390006244,0.6
1362,ising,1000,190,40,485,SCOPE_jit,1.5606218629982322,0.6
1363,ising,1000,190,40,485,GraSP,81.73056468903087,1.0
1364,ising,1000,190,40,485,GraSP_jit,6.26185113703832,1.0
1365,ising,1000,190,40,485,IHT_jit,0.31224629702046514,1.0
1366,ising,1000,190,40,485,IHT,1.02981090801768,1.0
1367,ising,1000,190,40,485,HTP_jit,0.5119482751470059,1.0
1368,ising,1000,190,40,485,HTP,3.5763827699702233,1.0
1369,ising,1000,190,40,485,CVXPY,3.3188130541238934,0.925
1370,ising,1000,190,40,486,,,
1371,ising,1000,190,40,487,SCOPE,18.57000631885603,1.0
1372,ising,1000,190,40,487,SCOPE_jit,3.314651299966499,1.0
1373,ising,1000,190,40,487,GraSP,5.433733412064612,1.0
1374,ising,1000,190,40,487,GraSP_jit,0.7080141401384026,1.0
1375,ising,1000,190,40,487,IHT_jit,0.4422475299797952,0.8
1376,ising,1000,190,40,487,IHT,2.588370989076793,0.8
1377,ising,1000,190,40,487,HTP_jit,0.4476481950841844,1.0
1378,ising,1000,190,40,487,HTP,2.5385432299226522,1.0
1379,ising,1000,190,40,487,CVXPY,2.929247868945822,0.925
1380,ising,1000,190,40,488,SCOPE,21.338847402948886,1.0
1381,ising,1000,190,40,488,SCOPE_jit,4.031966477166861,1.0
1382,ising,1000,190,40,488,GraSP,3.784926147898659,1.0
1383,ising,1000,190,40,488,GraSP_jit,0.5200139060616493,1.0
1384,ising,1000,190,40,488,IHT_jit,0.2585105199832469,1.0
1385,ising,1000,190,40,488,IHT,0.5407118338625878,1.0
1386,ising,1000,190,40,488,HTP_jit,0.4095489759929478,1.0
1387,ising,1000,190,40,488,HTP,1.3063333800528198,1.0
1388,ising,1000,190,40,488,CVXPY,2.951451228931546,1.0
1389,ising,1000,190,40,489,,,
1390,ising,1000,190,40,490,,,
1391,ising,1000,190,40,491,,,
1392,ising,1000,190,40,492,,,
1393,ising,1000,190,40,493,SCOPE,21.593687431886792,1.0
1394,ising,1000,190,40,493,SCOPE_jit,3.972601617919281,1.0
1395,ising,1000,190,40,493,GraSP,5.122399302897975,1.0
1396,ising,1000,190,40,493,GraSP_jit,0.6385673161130399,1.0
1397,ising,1000,190,40,493,IHT_jit,0.4147886959835887,0.9
1398,ising,1000,190,40,493,IHT,2.706278396071866,0.9
1399,ising,1000,190,40,493,HTP_jit,0.40669564600102603,1.0
1400,ising,1000,190,40,493,HTP,2.299389517167583,1.0
1401,ising,1000,190,40,493,CVXPY,3.1647906040307134,0.925
1402,ising,1000,190,40,494,,,
1403,ising,1000,190,40,495,,,
1404,ising,1000,190,40,496,SCOPE,13.682462271070108,0.75
1405,ising,1000,190,40,496,SCOPE_jit,2.1419879239983857,0.75
1406,ising,1000,190,40,496,GraSP,7.4744561079423875,1.0
1407,ising,1000,190,40,496,GraSP_jit,0.7634633770212531,1.0
1408,ising,1000,190,40,496,IHT_jit,0.33049376984126866,1.0
1409,ising,1000,190,40,496,IHT,0.7586931241676211,1.0
1410,ising,1000,190,40,496,HTP_jit,0.39587245392613113,1.0
1411,ising,1000,190,40,496,HTP,2.189652199158445,1.0
1412,ising,1000,190,40,496,CVXPY,3.731029954040423,1.0
1413,ising,1000,190,40,497,SCOPE,24.845228526042774,0.95
1414,ising,1000,190,40,497,SCOPE_jit,3.8002209248952568,0.95
1415,ising,1000,190,40,497,GraSP,5.682050371076912,1.0
1416,ising,1000,190,40,497,GraSP_jit,0.6749402489513159,1.0
1417,ising,1000,190,40,497,IHT_jit,0.3475502389483154,1.0
1418,ising,1000,190,40,497,IHT,0.7788127851672471,1.0
1419,ising,1000,190,40,497,HTP_jit,0.40776272118091583,1.0
1420,ising,1000,190,40,497,HTP,2.27400522492826,1.0
1421,ising,1000,190,40,497,CVXPY,4.590400368906558,0.925
1422,ising,1000,190,40,498,,,
1423,ising,1000,190,40,499,SCOPE,10.304943456081674,0.775
1424,ising,1000,190,40,499,SCOPE_jit,1.808511144015938,0.775
1425,ising,1000,190,40,499,GraSP,5.020949200028554,1.0
1426,ising,1000,190,40,499,GraSP_jit,0.613930098945275,1.0
1427,ising,1000,190,40,499,IHT_jit,0.2656354589853436,0.975
1428,ising,1000,190,40,499,IHT,0.6112207018304616,0.975
1429,ising,1000,190,40,499,HTP_jit,0.6323076100088656,1.0
1430,ising,1000,190,40,499,HTP,2.756109083071351,1.0
1431,ising,1000,190,40,499,CVXPY,3.190056482097134,0.95
