,model,n,p,k,seed,method,time,accuracy
0,linear,100,500,50,0,SCOPE_jit,0.9251396900508553,0.3
1,linear,100,500,50,0,GraSP_jit,2.623999244067818,0.22
2,linear,100,500,50,0,IHT_jit,0.1826091690454632,0.38
3,linear,100,500,50,0,HTP_jit,0.7130937951151282,0.24
4,linear,100,500,50,0,CVXPY,0.025743843987584114,0.26
5,linear,100,500,50,1,SCOPE_jit,3.354332624003291,0.2
6,linear,100,500,50,1,GraSP_jit,5.002171297091991,0.2
7,linear,100,500,50,1,IHT_jit,0.21744720707647502,0.36
8,linear,100,500,50,1,HTP_jit,0.3386522079817951,0.26
9,linear,100,500,50,1,CVXPY,0.14943761215545237,0.36
10,linear,100,500,50,2,SCOPE_jit,1.2427881381008774,0.22
11,linear,100,500,50,2,GraSP_jit,1.9461743449792266,0.14
12,linear,100,500,50,2,IHT_jit,0.7064897411037236,0.26
13,linear,100,500,50,2,HTP_jit,0.30873742094263434,0.18
14,linear,100,500,50,2,CVXPY,0.04966651904396713,0.26
15,linear,100,500,50,3,SCOPE_jit,0.858127259882167,0.3
16,linear,100,500,50,3,GraSP_jit,3.80304915108718,0.24
17,linear,100,500,50,3,IHT_jit,0.376632756087929,0.3
18,linear,100,500,50,3,HTP_jit,1.6169925939757377,0.28
19,linear,100,500,50,3,CVXPY,0.03645760612562299,0.36
20,linear,100,500,50,4,SCOPE_jit,1.1353339101187885,0.18
21,linear,100,500,50,4,GraSP_jit,1.767012771917507,0.16
22,linear,100,500,50,4,IHT_jit,0.31206030398607254,0.36
23,linear,100,500,50,4,HTP_jit,0.8886635438539088,0.18
24,linear,100,500,50,4,CVXPY,0.09499410493299365,0.36
25,linear,100,500,50,5,SCOPE_jit,1.8453418530989438,0.16
26,linear,100,500,50,5,GraSP_jit,2.865035888971761,0.18
27,linear,100,500,50,5,IHT_jit,0.5257256249897182,0.32
28,linear,100,500,50,5,HTP_jit,0.3355081109330058,0.28
29,linear,100,500,50,5,CVXPY,0.015174068976193666,0.2
30,linear,100,500,50,6,SCOPE_jit,1.2010764100123197,0.28
31,linear,100,500,50,6,GraSP_jit,1.9047161529306322,0.28
32,linear,100,500,50,6,IHT_jit,0.27253770106472075,0.38
33,linear,100,500,50,6,HTP_jit,1.2594333090819418,0.18
34,linear,100,500,50,6,CVXPY,0.03852751897647977,0.34
35,linear,100,500,50,7,SCOPE_jit,0.8277808050625026,0.22
36,linear,100,500,50,7,GraSP_jit,1.257322414079681,0.2
37,linear,100,500,50,7,IHT_jit,0.1830374519340694,0.24
38,linear,100,500,50,7,HTP_jit,0.2506861591245979,0.2
39,linear,100,500,50,7,CVXPY,0.020783832063898444,0.14
40,linear,100,500,50,8,SCOPE_jit,2.4544242820702493,0.2
41,linear,100,500,50,8,GraSP_jit,7.972495510010049,0.22
42,linear,100,500,50,8,IHT_jit,0.2041472070850432,0.3
43,linear,100,500,50,8,HTP_jit,0.2856703498400748,0.18
44,linear,100,500,50,8,CVXPY,0.06537856394425035,0.24
45,linear,100,500,50,9,SCOPE_jit,0.9620306070428342,0.32
46,linear,100,500,50,9,GraSP_jit,5.716827233089134,0.38
47,linear,100,500,50,9,IHT_jit,1.3583049960434437,0.4
48,linear,100,500,50,9,HTP_jit,0.31797545519657433,0.3
49,linear,100,500,50,9,CVXPY,0.05757050192914903,0.38
50,linear,200,500,50,10,SCOPE_jit,0.618259851122275,0.5
51,linear,200,500,50,10,GraSP_jit,2.783390284050256,0.36
52,linear,200,500,50,10,IHT_jit,0.4410539660602808,0.48
53,linear,200,500,50,10,HTP_jit,0.7697610359173268,0.5
54,linear,200,500,50,10,CVXPY,0.025811556028202176,0.5
55,linear,200,500,50,11,SCOPE_jit,0.8262961320579052,0.52
56,linear,200,500,50,11,GraSP_jit,3.154425736051053,0.3
57,linear,200,500,50,11,IHT_jit,0.2757478260900825,0.56
58,linear,200,500,50,11,HTP_jit,0.49940067902207375,0.5
59,linear,200,500,50,11,CVXPY,0.07432860089465976,0.36
60,linear,200,500,50,12,SCOPE_jit,0.7337843109853566,0.54
61,linear,200,500,50,12,GraSP_jit,2.5339477818924934,0.46
62,linear,200,500,50,12,IHT_jit,0.258227061945945,0.66
63,linear,200,500,50,12,HTP_jit,0.37204363918863237,0.74
64,linear,200,500,50,12,CVXPY,0.1231192029081285,0.64
65,linear,200,500,50,13,SCOPE_jit,1.110875315964222,0.62
66,linear,200,500,50,13,GraSP_jit,3.326112660812214,0.42
67,linear,200,500,50,13,IHT_jit,0.33619998302310705,0.48
68,linear,200,500,50,13,HTP_jit,0.2989058210514486,0.42
69,linear,200,500,50,13,CVXPY,0.056131799006834626,0.48
70,linear,200,500,50,14,SCOPE_jit,0.9052590020000935,0.7
71,linear,200,500,50,14,GraSP_jit,2.1798948771320283,0.66
72,linear,200,500,50,14,IHT_jit,0.16854389011859894,0.6
73,linear,200,500,50,14,HTP_jit,0.21472939406521618,0.6
74,linear,200,500,50,14,CVXPY,0.0560678499750793,0.58
75,linear,200,500,50,15,SCOPE_jit,0.6720729779917747,0.56
76,linear,200,500,50,15,GraSP_jit,2.42537437309511,0.56
77,linear,200,500,50,15,IHT_jit,0.1668488869909197,0.56
78,linear,200,500,50,15,HTP_jit,0.3772576430346817,0.48
79,linear,200,500,50,15,CVXPY,0.23415224603377283,0.46
80,linear,200,500,50,16,SCOPE_jit,1.2179817738942802,0.62
81,linear,200,500,50,16,GraSP_jit,3.0928325010463595,0.36
82,linear,200,500,50,16,IHT_jit,0.22273555817082524,0.7
83,linear,200,500,50,16,HTP_jit,0.24812415707856417,0.68
84,linear,200,500,50,16,CVXPY,0.12377317203208804,0.44
85,linear,200,500,50,17,SCOPE_jit,0.7627140069380403,0.6
86,linear,200,500,50,17,GraSP_jit,4.696138140978292,0.54
87,linear,200,500,50,17,IHT_jit,0.3556779711507261,0.6
88,linear,200,500,50,17,HTP_jit,0.37838403414934874,0.56
89,linear,200,500,50,17,CVXPY,0.05313155218027532,0.4
90,linear,200,500,50,18,SCOPE_jit,1.1737201509531587,0.66
91,linear,200,500,50,18,GraSP_jit,8.237321173073724,0.58
92,linear,200,500,50,18,IHT_jit,0.5684113767929375,0.72
93,linear,200,500,50,18,HTP_jit,0.3364119010511786,0.58
94,linear,200,500,50,18,CVXPY,0.28701687697321177,0.68
95,linear,200,500,50,19,SCOPE_jit,1.4960829520132393,0.5
96,linear,200,500,50,19,GraSP_jit,5.7071380079723895,0.4
97,linear,200,500,50,19,IHT_jit,0.573630188126117,0.58
98,linear,200,500,50,19,HTP_jit,0.7971776181366295,0.5
99,linear,200,500,50,19,CVXPY,0.04366485099308193,0.56
100,linear,300,500,50,20,SCOPE_jit,1.123861188068986,0.94
101,linear,300,500,50,20,GraSP_jit,2.893807290121913,0.88
102,linear,300,500,50,20,IHT_jit,0.21354908891953528,0.72
103,linear,300,500,50,20,HTP_jit,0.5588350070174783,0.94
104,linear,300,500,50,20,CVXPY,0.09883967693895102,0.7
105,linear,300,500,50,21,SCOPE_jit,1.1359492701012641,0.76
106,linear,300,500,50,21,GraSP_jit,1.8322557001374662,0.9
107,linear,300,500,50,21,IHT_jit,0.23142582108266652,0.66
108,linear,300,500,50,21,HTP_jit,0.20946318609640002,0.74
109,linear,300,500,50,21,CVXPY,0.22015750384889543,0.66
110,linear,300,500,50,22,SCOPE_jit,1.2693043141625822,1.0
111,linear,300,500,50,22,GraSP_jit,5.663123378995806,0.86
112,linear,300,500,50,22,IHT_jit,0.4668239220045507,0.66
113,linear,300,500,50,22,HTP_jit,0.322824499104172,1.0
114,linear,300,500,50,22,CVXPY,0.15932055213488638,0.64
115,linear,300,500,50,23,SCOPE_jit,1.559173600981012,0.98
116,linear,300,500,50,23,GraSP_jit,2.3418058690149337,0.88
117,linear,300,500,50,23,IHT_jit,0.2632921237964183,0.66
118,linear,300,500,50,23,HTP_jit,0.33943408099003136,0.98
119,linear,300,500,50,23,CVXPY,0.12144261901266873,0.78
120,linear,300,500,50,24,SCOPE_jit,1.0041404648218304,0.98
121,linear,300,500,50,24,GraSP_jit,4.8052852500695735,0.9
122,linear,300,500,50,24,IHT_jit,0.5774012941401452,0.74
123,linear,300,500,50,24,HTP_jit,0.7896665360312909,0.98
124,linear,300,500,50,24,CVXPY,0.10835478897206485,0.48
125,linear,300,500,50,25,SCOPE_jit,1.4671378948260099,0.82
126,linear,300,500,50,25,GraSP_jit,5.251882306998596,0.82
127,linear,300,500,50,25,IHT_jit,0.6643302307929844,0.66
128,linear,300,500,50,25,HTP_jit,0.5885380289983004,0.8
129,linear,300,500,50,25,CVXPY,0.06864599394612014,0.64
130,linear,300,500,50,26,SCOPE_jit,0.6988823260180652,1.0
131,linear,300,500,50,26,GraSP_jit,2.7048262909520417,0.92
132,linear,300,500,50,26,IHT_jit,0.5592431658878922,0.72
133,linear,300,500,50,26,HTP_jit,0.6730525870807469,1.0
134,linear,300,500,50,26,CVXPY,0.13621614896692336,0.72
135,linear,300,500,50,27,SCOPE_jit,0.983406572137028,0.98
136,linear,300,500,50,27,GraSP_jit,2.8435288770124316,0.88
137,linear,300,500,50,27,IHT_jit,0.5557479970157146,0.7
138,linear,300,500,50,27,HTP_jit,0.7333672638051212,0.98
139,linear,300,500,50,27,CVXPY,0.2318430319428444,0.74
140,linear,300,500,50,28,SCOPE_jit,1.1984400539658964,0.9
141,linear,300,500,50,28,GraSP_jit,1.773846701020375,0.86
142,linear,300,500,50,28,IHT_jit,0.20440562791191041,0.7
143,linear,300,500,50,28,HTP_jit,0.3866751620080322,0.92
144,linear,300,500,50,28,CVXPY,0.06931317318230867,0.56
145,linear,300,500,50,29,SCOPE_jit,0.933320608921349,0.76
146,linear,300,500,50,29,GraSP_jit,1.8177638400811702,0.82
147,linear,300,500,50,29,IHT_jit,0.24850140698254108,0.7
148,linear,300,500,50,29,HTP_jit,0.305611226009205,0.82
149,linear,300,500,50,29,CVXPY,0.22342626401223242,0.72
150,linear,400,500,50,30,SCOPE_jit,0.6132944640703499,1.0
151,linear,400,500,50,30,GraSP_jit,2.125210261903703,0.96
152,linear,400,500,50,30,IHT_jit,0.2279311460442841,0.88
153,linear,400,500,50,30,HTP_jit,0.23177324188873172,1.0
154,linear,400,500,50,30,CVXPY,0.17952114599756896,0.9
155,linear,400,500,50,31,SCOPE_jit,1.0672463090159,1.0
156,linear,400,500,50,31,GraSP_jit,1.3200526810251176,0.98
157,linear,400,500,50,31,IHT_jit,0.5400802700314671,0.9
158,linear,400,500,50,31,HTP_jit,0.40267237508669496,0.98
159,linear,400,500,50,31,CVXPY,0.044490637024864554,0.84
160,linear,400,500,50,32,SCOPE_jit,0.637843978125602,1.0
161,linear,400,500,50,32,GraSP_jit,0.5844937819056213,0.96
162,linear,400,500,50,32,IHT_jit,0.33305935305543244,0.9
163,linear,400,500,50,32,HTP_jit,0.6267794601153582,1.0
164,linear,400,500,50,32,CVXPY,0.17025458603166044,0.8
165,linear,400,500,50,33,SCOPE_jit,1.8229746569413692,1.0
166,linear,400,500,50,33,GraSP_jit,4.693392680026591,0.96
167,linear,400,500,50,33,IHT_jit,0.2677577859722078,0.82
168,linear,400,500,50,33,HTP_jit,0.4007277269847691,1.0
169,linear,400,500,50,33,CVXPY,0.14730932796373963,0.8
170,linear,400,500,50,34,SCOPE_jit,2.3009739220142365,1.0
171,linear,400,500,50,34,GraSP_jit,1.3436514281202108,0.96
172,linear,400,500,50,34,IHT_jit,0.7614012530539185,0.8
173,linear,400,500,50,34,HTP_jit,0.47892066510394216,1.0
174,linear,400,500,50,34,CVXPY,0.1655156179331243,0.78
175,linear,400,500,50,35,SCOPE_jit,1.3735937089659274,1.0
176,linear,400,500,50,35,GraSP_jit,0.5269098409917206,0.98
177,linear,400,500,50,35,IHT_jit,0.18741437117569149,0.8
178,linear,400,500,50,35,HTP_jit,0.1903987298719585,0.98
179,linear,400,500,50,35,CVXPY,0.18570911302231252,0.82
180,linear,400,500,50,36,SCOPE_jit,1.0798222061712295,1.0
181,linear,400,500,50,36,GraSP_jit,2.7754246089607477,1.0
182,linear,400,500,50,36,IHT_jit,0.24064155900850892,0.94
183,linear,400,500,50,36,HTP_jit,0.2355811141896993,1.0
184,linear,400,500,50,36,CVXPY,0.05172690795734525,0.8
185,linear,400,500,50,37,SCOPE_jit,0.4922360139898956,1.0
186,linear,400,500,50,37,GraSP_jit,1.8048372159246355,0.98
187,linear,400,500,50,37,IHT_jit,0.21857510693371296,0.96
188,linear,400,500,50,37,HTP_jit,0.31413542991504073,1.0
189,linear,400,500,50,37,CVXPY,0.04844097699970007,0.88
190,linear,400,500,50,38,SCOPE_jit,1.5340204709209502,1.0
191,linear,400,500,50,38,GraSP_jit,4.403683014912531,0.98
192,linear,400,500,50,38,IHT_jit,0.4850827381014824,1.0
193,linear,400,500,50,38,HTP_jit,0.32292758394032717,1.0
194,linear,400,500,50,38,CVXPY,0.08925664983689785,0.84
195,linear,400,500,50,39,SCOPE_jit,0.7810310928616673,1.0
196,linear,400,500,50,39,GraSP_jit,0.586434454889968,0.96
197,linear,400,500,50,39,IHT_jit,0.4508446140680462,0.88
198,linear,400,500,50,39,HTP_jit,0.7562395341228694,1.0
199,linear,400,500,50,39,CVXPY,0.21103679691441357,0.74
200,linear,500,500,50,40,SCOPE_jit,0.6698526297695935,1.0
201,linear,500,500,50,40,GraSP_jit,0.48094554897397757,0.98
202,linear,500,500,50,40,IHT_jit,0.23718837997876108,1.0
203,linear,500,500,50,40,HTP_jit,0.46447896491736174,1.0
204,linear,500,500,50,40,CVXPY,0.06968495505861938,0.34
205,linear,500,500,50,41,SCOPE_jit,0.8518344161566347,1.0
206,linear,500,500,50,41,GraSP_jit,2.6842825450003147,0.98
207,linear,500,500,50,41,IHT_jit,0.3718762528151274,1.0
208,linear,500,500,50,41,HTP_jit,0.4584140540100634,1.0
209,linear,500,500,50,41,CVXPY,0.15182349691167474,0.92
210,linear,500,500,50,42,SCOPE_jit,0.990270767128095,1.0
211,linear,500,500,50,42,GraSP_jit,0.5085533978417516,0.98
212,linear,500,500,50,42,IHT_jit,0.21308542997576296,0.98
213,linear,500,500,50,42,HTP_jit,0.2374798881355673,1.0
214,linear,500,500,50,42,CVXPY,0.27650015498511493,0.38
215,linear,500,500,50,43,SCOPE_jit,1.6388017351273447,1.0
216,linear,500,500,50,43,GraSP_jit,1.0722672590054572,1.0
217,linear,500,500,50,43,IHT_jit,0.21964144497178495,0.98
218,linear,500,500,50,43,HTP_jit,0.25545311090536416,1.0
219,linear,500,500,50,43,CVXPY,0.2820177939720452,0.92
220,linear,500,500,50,44,SCOPE_jit,0.875449928920716,1.0
221,linear,500,500,50,44,GraSP_jit,0.5648537871893495,1.0
222,linear,500,500,50,44,IHT_jit,0.7756902549881488,1.0
223,linear,500,500,50,44,HTP_jit,1.659757592016831,1.0
224,linear,500,500,50,44,CVXPY,0.16098355990834534,0.94
225,linear,500,500,50,45,SCOPE_jit,0.5269249130506068,1.0
226,linear,500,500,50,45,GraSP_jit,0.3067252200562507,1.0
227,linear,500,500,50,45,IHT_jit,0.35751426708884537,1.0
228,linear,500,500,50,45,HTP_jit,0.32367784110829234,1.0
229,linear,500,500,50,45,CVXPY,0.2613658618647605,0.14
230,linear,500,500,50,46,SCOPE_jit,0.8569647260010242,1.0
231,linear,500,500,50,46,GraSP_jit,0.6180300221312791,1.0
232,linear,500,500,50,46,IHT_jit,0.48599013313651085,1.0
233,linear,500,500,50,46,HTP_jit,0.2699461088050157,1.0
234,linear,500,500,50,46,CVXPY,0.17529593617655337,0.3
235,linear,500,500,50,47,SCOPE_jit,1.5713177570141852,1.0
236,linear,500,500,50,47,GraSP_jit,1.1921529041137546,1.0
237,linear,500,500,50,47,IHT_jit,0.23172440310008824,1.0
238,linear,500,500,50,47,HTP_jit,0.23499046894721687,1.0
239,linear,500,500,50,47,CVXPY,0.20388034405186772,0.66
240,linear,500,500,50,48,SCOPE_jit,1.137507535982877,1.0
241,linear,500,500,50,48,GraSP_jit,2.760872334940359,1.0
242,linear,500,500,50,48,IHT_jit,0.4636566510889679,1.0
243,linear,500,500,50,48,HTP_jit,0.7015724841039628,1.0
244,linear,500,500,50,48,CVXPY,0.42500541894696653,0.9
245,linear,500,500,50,49,SCOPE_jit,1.0192233740817755,1.0
246,linear,500,500,50,49,GraSP_jit,1.6063751359470189,1.0
247,linear,500,500,50,49,IHT_jit,0.21591481007635593,1.0
248,linear,500,500,50,49,HTP_jit,0.2407534779049456,1.0
249,linear,500,500,50,49,CVXPY,0.15564376208931208,0.92
250,linear,600,500,50,50,SCOPE_jit,1.9377181609161198,1.0
251,linear,600,500,50,50,GraSP_jit,0.7119811261072755,1.0
252,linear,600,500,50,50,IHT_jit,0.9680993468500674,1.0
253,linear,600,500,50,50,HTP_jit,0.4308256129734218,1.0
254,linear,600,500,50,50,CVXPY,0.41632101498544216,0.6
255,linear,600,500,50,51,SCOPE_jit,0.9310726148542017,1.0
256,linear,600,500,50,51,GraSP_jit,0.7504938519559801,1.0
257,linear,600,500,50,51,IHT_jit,0.17164317099377513,1.0
258,linear,600,500,50,51,HTP_jit,0.23507732199504972,1.0
259,linear,600,500,50,51,CVXPY,0.1967340470291674,0.86
260,linear,600,500,50,52,SCOPE_jit,0.6579150150064379,1.0
261,linear,600,500,50,52,GraSP_jit,0.4820088339038193,1.0
262,linear,600,500,50,52,IHT_jit,0.309320033993572,1.0
263,linear,600,500,50,52,HTP_jit,0.31720859999768436,1.0
264,linear,600,500,50,52,CVXPY,0.3559133110102266,0.64
265,linear,600,500,50,53,SCOPE_jit,0.9478651240933686,1.0
266,linear,600,500,50,53,GraSP_jit,3.5911210619378835,1.0
267,linear,600,500,50,53,IHT_jit,0.18486107094213367,1.0
268,linear,600,500,50,53,HTP_jit,0.306780647020787,1.0
269,linear,600,500,50,53,CVXPY,0.19193542981520295,0.76
270,linear,600,500,50,54,SCOPE_jit,0.8054180510807782,1.0
271,linear,600,500,50,54,GraSP_jit,1.0100164231844246,1.0
272,linear,600,500,50,54,IHT_jit,0.7200764240697026,0.98
273,linear,600,500,50,54,HTP_jit,0.584953879006207,1.0
274,linear,600,500,50,54,CVXPY,0.2962936188559979,0.26
275,linear,600,500,50,55,SCOPE_jit,1.7597952501382679,1.0
276,linear,600,500,50,55,GraSP_jit,6.09106180514209,1.0
277,linear,600,500,50,55,IHT_jit,0.3715229139197618,1.0
278,linear,600,500,50,55,HTP_jit,0.5906319678761065,1.0
279,linear,600,500,50,55,CVXPY,0.27861059294082224,0.88
280,linear,600,500,50,56,SCOPE_jit,1.2169763981364667,1.0
281,linear,600,500,50,56,GraSP_jit,0.41656160494312644,1.0
282,linear,600,500,50,56,IHT_jit,0.6565020871348679,1.0
283,linear,600,500,50,56,HTP_jit,0.36486061895266175,1.0
284,linear,600,500,50,56,CVXPY,0.28044718294404447,0.74
285,linear,600,500,50,57,SCOPE_jit,0.6629009479656816,1.0
286,linear,600,500,50,57,GraSP_jit,0.7145603820681572,1.0
287,linear,600,500,50,57,IHT_jit,0.7029037468601018,1.0
288,linear,600,500,50,57,HTP_jit,0.44241261994466186,1.0
289,linear,600,500,50,57,CVXPY,0.16515060304664075,0.66
290,linear,600,500,50,58,SCOPE_jit,1.4866694130469114,1.0
291,linear,600,500,50,58,GraSP_jit,0.47190901008434594,1.0
292,linear,600,500,50,58,IHT_jit,0.21074691112153232,1.0
293,linear,600,500,50,58,HTP_jit,0.5102467089891434,1.0
294,linear,600,500,50,58,CVXPY,0.10605973494239151,0.84
295,linear,600,500,50,59,SCOPE_jit,0.5035670071374625,1.0
296,linear,600,500,50,59,GraSP_jit,0.3273907611146569,1.0
297,linear,600,500,50,59,IHT_jit,0.23958332790061831,1.0
298,linear,600,500,50,59,HTP_jit,0.31752734794281423,1.0
299,linear,600,500,50,59,CVXPY,0.17951620393432677,0.9
300,linear,700,500,50,60,SCOPE_jit,0.8290810009930283,1.0
301,linear,700,500,50,60,GraSP_jit,0.48599607101641595,1.0
302,linear,700,500,50,60,IHT_jit,0.6430521770380437,1.0
303,linear,700,500,50,60,HTP_jit,0.46433795406483114,1.0
304,linear,700,500,50,60,CVXPY,0.20856503397226334,0.96
305,linear,700,500,50,61,SCOPE_jit,0.7260542151052505,1.0
306,linear,700,500,50,61,GraSP_jit,0.40470092091709375,1.0
307,linear,700,500,50,61,IHT_jit,0.26371329510584474,1.0
308,linear,700,500,50,61,HTP_jit,0.4890570479910821,1.0
309,linear,700,500,50,61,CVXPY,0.19691434898413718,0.78
310,linear,700,500,50,62,SCOPE_jit,1.2969614181201905,1.0
311,linear,700,500,50,62,GraSP_jit,0.6220709271728992,1.0
312,linear,700,500,50,62,IHT_jit,0.5642865290865302,1.0
313,linear,700,500,50,62,HTP_jit,0.46483244514092803,1.0
314,linear,700,500,50,62,CVXPY,0.3066411279141903,0.94
315,linear,700,500,50,63,SCOPE_jit,1.0827734610065818,1.0
316,linear,700,500,50,63,GraSP_jit,0.6763220292050391,1.0
317,linear,700,500,50,63,IHT_jit,0.47373289591632783,1.0
318,linear,700,500,50,63,HTP_jit,0.46153661399148405,1.0
319,linear,700,500,50,63,CVXPY,0.17942032404243946,0.86
320,linear,700,500,50,64,SCOPE_jit,1.064223773078993,1.0
321,linear,700,500,50,64,GraSP_jit,0.6890007460024208,1.0
322,linear,700,500,50,64,IHT_jit,0.5916385590098798,1.0
323,linear,700,500,50,64,HTP_jit,0.37695667310617864,1.0
324,linear,700,500,50,64,CVXPY,0.18593869009055197,0.6
325,linear,700,500,50,65,SCOPE_jit,1.14377591595985,1.0
326,linear,700,500,50,65,GraSP_jit,0.9267342169769108,1.0
327,linear,700,500,50,65,IHT_jit,0.3669860218651593,0.98
328,linear,700,500,50,65,HTP_jit,0.46177682583220303,1.0
329,linear,700,500,50,65,CVXPY,0.36012510396540165,0.84
330,linear,700,500,50,66,SCOPE_jit,1.0221712610218674,1.0
331,linear,700,500,50,66,GraSP_jit,0.5485009930562228,1.0
332,linear,700,500,50,66,IHT_jit,0.43997745495289564,1.0
333,linear,700,500,50,66,HTP_jit,0.291822339175269,1.0
334,linear,700,500,50,66,CVXPY,0.20362533582374454,0.7
335,linear,700,500,50,67,SCOPE_jit,0.7952531189657748,1.0
336,linear,700,500,50,67,GraSP_jit,0.49126354581676424,1.0
337,linear,700,500,50,67,IHT_jit,0.4524395929183811,1.0
338,linear,700,500,50,67,HTP_jit,0.3478623549453914,1.0
339,linear,700,500,50,67,CVXPY,0.24132701708003879,0.76
340,linear,700,500,50,68,SCOPE_jit,1.0602928739972413,1.0
341,linear,700,500,50,68,GraSP_jit,0.616258478956297,1.0
342,linear,700,500,50,68,IHT_jit,0.3748352690599859,1.0
343,linear,700,500,50,68,HTP_jit,0.2604345630388707,1.0
344,linear,700,500,50,68,CVXPY,0.13684889511205256,0.84
345,linear,700,500,50,69,SCOPE_jit,0.5888086319901049,1.0
346,linear,700,500,50,69,GraSP_jit,2.62198390904814,1.0
347,linear,700,500,50,69,IHT_jit,0.26917295693419874,1.0
348,linear,700,500,50,69,HTP_jit,0.3716550851240754,1.0
349,linear,700,500,50,69,CVXPY,0.1410799501463771,0.98
350,linear,800,500,50,70,SCOPE_jit,0.7520581081043929,1.0
351,linear,800,500,50,70,GraSP_jit,0.44167446810752153,1.0
352,linear,800,500,50,70,IHT_jit,0.33555109705775976,1.0
353,linear,800,500,50,70,HTP_jit,0.22003376903012395,1.0
354,linear,800,500,50,70,CVXPY,0.3509600867982954,0.56
355,linear,800,500,50,71,SCOPE_jit,1.006438486976549,1.0
356,linear,800,500,50,71,GraSP_jit,0.6300739210564643,1.0
357,linear,800,500,50,71,IHT_jit,0.34345392300747335,1.0
358,linear,800,500,50,71,HTP_jit,0.3983884749468416,1.0
359,linear,800,500,50,71,CVXPY,0.25570408604107797,0.96
360,linear,800,500,50,72,SCOPE_jit,1.0029081660322845,1.0
361,linear,800,500,50,72,GraSP_jit,0.7001016950234771,1.0
362,linear,800,500,50,72,IHT_jit,0.4212103830650449,1.0
363,linear,800,500,50,72,HTP_jit,0.38333881297148764,1.0
364,linear,800,500,50,72,CVXPY,1.2531166130211204,0.92
365,linear,800,500,50,73,SCOPE_jit,0.7986852950416505,1.0
366,linear,800,500,50,73,GraSP_jit,0.49078839900903404,1.0
367,linear,800,500,50,73,IHT_jit,0.37010786891914904,1.0
368,linear,800,500,50,73,HTP_jit,0.29619306698441505,1.0
369,linear,800,500,50,73,CVXPY,0.23463117005303502,1.0
370,linear,800,500,50,74,SCOPE_jit,1.1188665931113064,1.0
371,linear,800,500,50,74,GraSP_jit,0.6909984869416803,1.0
372,linear,800,500,50,74,IHT_jit,0.4597881380468607,1.0
373,linear,800,500,50,74,HTP_jit,0.4796229258645326,1.0
374,linear,800,500,50,74,CVXPY,0.20305305602960289,0.96
375,linear,800,500,50,75,SCOPE_jit,0.4755234809126705,1.0
376,linear,800,500,50,75,GraSP_jit,0.33588998299092054,1.0
377,linear,800,500,50,75,IHT_jit,0.5253472640179098,1.0
378,linear,800,500,50,75,HTP_jit,0.31992792105302215,1.0
379,linear,800,500,50,75,CVXPY,0.3201878941617906,0.98
380,linear,800,500,50,76,SCOPE_jit,1.3384850479196757,1.0
381,linear,800,500,50,76,GraSP_jit,0.5661469569895416,1.0
382,linear,800,500,50,76,IHT_jit,0.314012851100415,1.0
383,linear,800,500,50,76,HTP_jit,0.3825695449486375,1.0
384,linear,800,500,50,76,CVXPY,0.8973653751891106,0.98
385,linear,800,500,50,77,SCOPE_jit,0.7528387780766934,1.0
386,linear,800,500,50,77,GraSP_jit,0.4093636400066316,1.0
387,linear,800,500,50,77,IHT_jit,0.2638199620414525,1.0
388,linear,800,500,50,77,HTP_jit,0.35021777800284326,1.0
389,linear,800,500,50,77,CVXPY,0.18964763404801488,0.96
390,linear,800,500,50,78,SCOPE_jit,0.7283902179915458,1.0
391,linear,800,500,50,78,GraSP_jit,0.3926303000189364,1.0
392,linear,800,500,50,78,IHT_jit,0.3643080089241266,1.0
393,linear,800,500,50,78,HTP_jit,0.5355382650159299,1.0
394,linear,800,500,50,78,CVXPY,0.17563485214486718,0.9
395,linear,800,500,50,79,SCOPE_jit,1.1928662229329348,1.0
396,linear,800,500,50,79,GraSP_jit,0.7142605120316148,1.0
397,linear,800,500,50,79,IHT_jit,0.30294462805613875,1.0
398,linear,800,500,50,79,HTP_jit,0.22867056680843234,1.0
399,linear,800,500,50,79,CVXPY,0.23052543494850397,0.92
400,linear,900,500,50,80,SCOPE_jit,0.8359504870604724,1.0
401,linear,900,500,50,80,GraSP_jit,0.5971254240721464,1.0
402,linear,900,500,50,80,IHT_jit,0.39212838211096823,1.0
403,linear,900,500,50,80,HTP_jit,0.308250340167433,1.0
404,linear,900,500,50,80,CVXPY,0.35124793695285916,0.98
405,linear,900,500,50,81,SCOPE_jit,1.014985451940447,1.0
406,linear,900,500,50,81,GraSP_jit,0.4737918470054865,1.0
407,linear,900,500,50,81,IHT_jit,0.5623876380268484,1.0
408,linear,900,500,50,81,HTP_jit,0.41769557213410735,1.0
409,linear,900,500,50,81,CVXPY,0.303596603916958,1.0
410,linear,900,500,50,82,SCOPE_jit,0.8474358629900962,1.0
411,linear,900,500,50,82,GraSP_jit,0.45515070389956236,1.0
412,linear,900,500,50,82,IHT_jit,0.44410683983005583,1.0
413,linear,900,500,50,82,HTP_jit,0.8316484559327364,1.0
414,linear,900,500,50,82,CVXPY,1.8980034401174635,0.98
415,linear,900,500,50,83,SCOPE_jit,0.6120267910882831,1.0
416,linear,900,500,50,83,GraSP_jit,0.38549315300770104,1.0
417,linear,900,500,50,83,IHT_jit,0.3526677028276026,1.0
418,linear,900,500,50,83,HTP_jit,0.26186914020217955,1.0
419,linear,900,500,50,83,CVXPY,1.5335949228610843,1.0
420,linear,900,500,50,84,SCOPE_jit,0.717759707942605,1.0
421,linear,900,500,50,84,GraSP_jit,0.36741048586554825,1.0
422,linear,900,500,50,84,IHT_jit,0.3350757190492004,1.0
423,linear,900,500,50,84,HTP_jit,0.6191815349739045,1.0
424,linear,900,500,50,84,CVXPY,0.28433281113393605,0.96
425,linear,900,500,50,85,SCOPE_jit,0.974014155799523,1.0
426,linear,900,500,50,85,GraSP_jit,0.6183164741378278,1.0
427,linear,900,500,50,85,IHT_jit,0.6530935491900891,1.0
428,linear,900,500,50,85,HTP_jit,0.737645526882261,1.0
429,linear,900,500,50,85,CVXPY,0.26666618604213,1.0
430,linear,900,500,50,86,SCOPE_jit,0.8945321158971637,1.0
431,linear,900,500,50,86,GraSP_jit,0.7784949340857565,1.0
432,linear,900,500,50,86,IHT_jit,0.7864943919703364,1.0
433,linear,900,500,50,86,HTP_jit,0.727351957000792,1.0
434,linear,900,500,50,86,CVXPY,0.1824738869909197,0.98
435,linear,900,500,50,87,SCOPE_jit,0.7264567690435797,1.0
436,linear,900,500,50,87,GraSP_jit,0.6317022580187768,1.0
437,linear,900,500,50,87,IHT_jit,0.6505968950223178,1.0
438,linear,900,500,50,87,HTP_jit,0.5314853289164603,1.0
439,linear,900,500,50,87,CVXPY,0.1513607760425657,0.98
440,linear,900,500,50,88,SCOPE_jit,0.5378762111067772,1.0
441,linear,900,500,50,88,GraSP_jit,0.3815666208975017,1.0
442,linear,900,500,50,88,IHT_jit,0.6284342010039836,1.0
443,linear,900,500,50,88,HTP_jit,0.3189365011639893,1.0
444,linear,900,500,50,88,CVXPY,0.38597596809268,0.98
445,linear,900,500,50,89,SCOPE_jit,1.2305532109458,1.0
446,linear,900,500,50,89,GraSP_jit,5.54393413499929,1.0
447,linear,900,500,50,89,IHT_jit,0.36868736194446683,1.0
448,linear,900,500,50,89,HTP_jit,0.49322418589144945,1.0
449,linear,900,500,50,89,CVXPY,0.1932833690661937,0.96
450,linear,1000,500,50,90,SCOPE_jit,0.4998021919745952,1.0
451,linear,1000,500,50,90,GraSP_jit,0.31926987785845995,1.0
452,linear,1000,500,50,90,IHT_jit,0.21857914002612233,1.0
453,linear,1000,500,50,90,HTP_jit,0.34673927701078355,1.0
454,linear,1000,500,50,90,CVXPY,0.24850979610346258,0.98
455,linear,1000,500,50,91,SCOPE_jit,0.9557405470404774,1.0
456,linear,1000,500,50,91,GraSP_jit,0.6182704870589077,1.0
457,linear,1000,500,50,91,IHT_jit,0.44294727710075676,1.0
458,linear,1000,500,50,91,HTP_jit,0.4968335060402751,1.0
459,linear,1000,500,50,91,CVXPY,0.3571093559730798,1.0
460,linear,1000,500,50,92,SCOPE_jit,0.8207446651067585,1.0
461,linear,1000,500,50,92,GraSP_jit,0.8330800919793546,1.0
462,linear,1000,500,50,92,IHT_jit,0.5885370341129601,1.0
463,linear,1000,500,50,92,HTP_jit,0.6838907471392304,1.0
464,linear,1000,500,50,92,CVXPY,0.28380354098044336,1.0
465,linear,1000,500,50,93,SCOPE_jit,0.9078271379694343,1.0
466,linear,1000,500,50,93,GraSP_jit,0.49350823485292494,1.0
467,linear,1000,500,50,93,IHT_jit,0.3326544580049813,1.0
468,linear,1000,500,50,93,HTP_jit,0.5021628618706018,1.0
469,linear,1000,500,50,93,CVXPY,0.2504433039575815,0.08
470,linear,1000,500,50,94,SCOPE_jit,0.7370241500902921,1.0
471,linear,1000,500,50,94,GraSP_jit,2.645265822065994,1.0
472,linear,1000,500,50,94,IHT_jit,0.41843717615120113,1.0
473,linear,1000,500,50,94,HTP_jit,0.3210324798710644,1.0
474,linear,1000,500,50,94,CVXPY,0.25280716503039,1.0
475,linear,1000,500,50,95,SCOPE_jit,1.2873990710359067,1.0
476,linear,1000,500,50,95,GraSP_jit,0.46734022605232894,1.0
477,linear,1000,500,50,95,IHT_jit,0.30918271699920297,1.0
478,linear,1000,500,50,95,HTP_jit,0.5113117180299014,1.0
479,linear,1000,500,50,95,CVXPY,0.30513443308882415,0.48
480,linear,1000,500,50,96,SCOPE_jit,1.0942521470133215,1.0
481,linear,1000,500,50,96,GraSP_jit,0.4207484850194305,1.0
482,linear,1000,500,50,96,IHT_jit,0.34817261388525367,1.0
483,linear,1000,500,50,96,HTP_jit,0.35571527504362166,1.0
484,linear,1000,500,50,96,CVXPY,0.2767679279204458,0.98
485,linear,1000,500,50,97,SCOPE_jit,0.6842953979503363,1.0
486,linear,1000,500,50,97,GraSP_jit,0.5928550639655441,1.0
487,linear,1000,500,50,97,IHT_jit,0.35300945094786584,1.0
488,linear,1000,500,50,97,HTP_jit,0.425670854980126,1.0
489,linear,1000,500,50,97,CVXPY,0.14965157001279294,0.98
490,linear,1000,500,50,98,SCOPE_jit,0.966868428979069,1.0
491,linear,1000,500,50,98,GraSP_jit,0.6649488520342857,1.0
492,linear,1000,500,50,98,IHT_jit,0.44833638914860785,1.0
493,linear,1000,500,50,98,HTP_jit,0.4968061652034521,1.0
494,linear,1000,500,50,98,CVXPY,0.40668557211756706,0.98
495,linear,1000,500,50,99,SCOPE_jit,0.8429263951256871,1.0
496,linear,1000,500,50,99,GraSP_jit,0.33421206707134843,1.0
497,linear,1000,500,50,99,IHT_jit,0.23343013506382704,1.0
498,linear,1000,500,50,99,HTP_jit,0.4423590281512588,1.0
499,linear,1000,500,50,99,CVXPY,0.31128830392844975,1.0
500,logistic,100,500,50,100,SCOPE_jit,0.934013209072873,0.2
501,logistic,100,500,50,100,GraSP_jit,0.9609500039368868,0.22
502,logistic,100,500,50,100,IHT_jit,0.31939240195788443,0.22
503,logistic,100,500,50,100,HTP_jit,0.3649687001015991,0.22
504,logistic,100,500,50,100,CVXPY,0.1886740899644792,0.26
505,logistic,100,500,50,101,SCOPE_jit,3.470790343126282,0.34
506,logistic,100,500,50,101,GraSP_jit,1.4585424130782485,0.28
507,logistic,100,500,50,101,IHT_jit,0.5159845291636884,0.3
508,logistic,100,500,50,101,HTP_jit,0.6020132298581302,0.3
509,logistic,100,500,50,101,CVXPY,0.4037273961585015,0.26
510,logistic,100,500,50,102,SCOPE_jit,0.6833862459752709,0.18
511,logistic,100,500,50,102,GraSP_jit,0.5468726370017976,0.24
512,logistic,100,500,50,102,IHT_jit,0.2844501161016524,0.24
513,logistic,100,500,50,102,HTP_jit,0.6242577258963138,0.24
514,logistic,100,500,50,102,CVXPY,0.16284969099797308,0.3
515,logistic,100,500,50,103,SCOPE_jit,0.7335229290183634,0.18
516,logistic,100,500,50,103,GraSP_jit,0.9800984989851713,0.26
517,logistic,100,500,50,103,IHT_jit,0.46173376007936895,0.26
518,logistic,100,500,50,103,HTP_jit,0.5786775918677449,0.26
519,logistic,100,500,50,103,CVXPY,0.5061441829893738,0.36
520,logistic,100,500,50,104,SCOPE_jit,1.4088322739116848,0.18
521,logistic,100,500,50,104,GraSP_jit,0.6787049130070955,0.22
522,logistic,100,500,50,104,IHT_jit,0.3465272239409387,0.24
523,logistic,100,500,50,104,HTP_jit,0.4694941369816661,0.24
524,logistic,100,500,50,104,CVXPY,0.3871271188836545,0.26
525,logistic,100,500,50,105,SCOPE_jit,1.007407785160467,0.1
526,logistic,100,500,50,105,GraSP_jit,0.37587325694039464,0.24
527,logistic,100,500,50,105,IHT_jit,0.3770333679858595,0.24
528,logistic,100,500,50,105,HTP_jit,0.6124465139582753,0.24
529,logistic,100,500,50,105,CVXPY,0.2798982630483806,0.2
530,logistic,100,500,50,106,SCOPE_jit,2.5491446719970554,0.2
531,logistic,100,500,50,106,GraSP_jit,0.609095323830843,0.22
532,logistic,100,500,50,106,IHT_jit,0.6346657369285822,0.24
533,logistic,100,500,50,106,HTP_jit,0.4529514699243009,0.24
534,logistic,100,500,50,106,CVXPY,0.16940728691406548,0.22
535,logistic,100,500,50,107,SCOPE_jit,1.4141621079761535,0.26
536,logistic,100,500,50,107,GraSP_jit,1.7810953159350902,0.26
537,logistic,100,500,50,107,IHT_jit,0.5366146620362997,0.32
538,logistic,100,500,50,107,HTP_jit,0.6864133370108902,0.32
539,logistic,100,500,50,107,CVXPY,0.31667436799034476,0.34
540,logistic,100,500,50,108,SCOPE_jit,0.9416670300997794,0.04
541,logistic,100,500,50,108,GraSP_jit,0.720378546975553,0.14
542,logistic,100,500,50,108,IHT_jit,0.5042421610560268,0.2
543,logistic,100,500,50,108,HTP_jit,0.5077439160086215,0.2
544,logistic,100,500,50,108,CVXPY,0.2510445499792695,0.2
545,logistic,100,500,50,109,SCOPE_jit,0.7488799751736224,0.14
546,logistic,100,500,50,109,GraSP_jit,1.3001698828302324,0.28
547,logistic,100,500,50,109,IHT_jit,0.4543871630448848,0.3
548,logistic,100,500,50,109,HTP_jit,0.5368234019260854,0.3
549,logistic,100,500,50,109,CVXPY,0.37914118519984186,0.34
550,logistic,200,500,50,110,SCOPE_jit,1.276518268045038,0.16
551,logistic,200,500,50,110,GraSP_jit,2.684109444031492,0.3
552,logistic,200,500,50,110,IHT_jit,0.41746118594892323,0.42
553,logistic,200,500,50,110,HTP_jit,0.3855401191394776,0.42
554,logistic,200,500,50,110,CVXPY,1.080311126075685,0.46
555,logistic,200,500,50,111,SCOPE_jit,1.6973242240492254,0.34
556,logistic,200,500,50,111,GraSP_jit,1.647014623042196,0.38
557,logistic,200,500,50,111,IHT_jit,0.6588890799321234,0.4
558,logistic,200,500,50,111,HTP_jit,0.5158469299785793,0.4
559,logistic,200,500,50,111,CVXPY,0.4675647150725126,0.46
560,logistic,200,500,50,112,SCOPE_jit,0.8772012609988451,0.3
561,logistic,200,500,50,112,GraSP_jit,1.7819596859626472,0.44
562,logistic,200,500,50,112,IHT_jit,0.5076440200209618,0.42
563,logistic,200,500,50,112,HTP_jit,0.3099383171647787,0.42
564,logistic,200,500,50,112,CVXPY,1.1439301599748433,0.48
565,logistic,200,500,50,113,SCOPE_jit,0.9470033610705286,0.22
566,logistic,200,500,50,113,GraSP_jit,5.402218932053074,0.34
567,logistic,200,500,50,113,IHT_jit,0.45294790994375944,0.4
568,logistic,200,500,50,113,HTP_jit,0.2473737800028175,0.4
569,logistic,200,500,50,113,CVXPY,0.584402116946876,0.4
570,logistic,200,500,50,114,SCOPE_jit,1.1026726351119578,0.14
571,logistic,200,500,50,114,GraSP_jit,1.3658782469574362,0.28
572,logistic,200,500,50,114,IHT_jit,0.41924332710914314,0.36
573,logistic,200,500,50,114,HTP_jit,0.39106460218317807,0.36
574,logistic,200,500,50,114,CVXPY,0.5638332238886505,0.42
575,logistic,200,500,50,115,SCOPE_jit,0.6175337319727987,0.24
576,logistic,200,500,50,115,GraSP_jit,1.9605531841516495,0.44
577,logistic,200,500,50,115,IHT_jit,0.20932945609092712,0.38
578,logistic,200,500,50,115,HTP_jit,0.48038326809182763,0.38
579,logistic,200,500,50,115,CVXPY,0.43434155196882784,0.48
580,logistic,200,500,50,116,SCOPE_jit,0.5323956590145826,0.3
581,logistic,200,500,50,116,GraSP_jit,0.9218730579596013,0.42
582,logistic,200,500,50,116,IHT_jit,0.25916237314231694,0.38
583,logistic,200,500,50,116,HTP_jit,0.24875506293028593,0.38
584,logistic,200,500,50,116,CVXPY,0.5279268180020154,0.4
585,logistic,200,500,50,117,SCOPE_jit,0.7058071421924978,0.26
586,logistic,200,500,50,117,GraSP_jit,0.636268611997366,0.36
587,logistic,200,500,50,117,IHT_jit,0.34414552990347147,0.38
588,logistic,200,500,50,117,HTP_jit,0.27251573698595166,0.38
589,logistic,200,500,50,117,CVXPY,0.5031683531124145,0.44
590,logistic,200,500,50,118,SCOPE_jit,0.65783681999892,0.26
591,logistic,200,500,50,118,GraSP_jit,1.3994007741566747,0.26
592,logistic,200,500,50,118,IHT_jit,0.24741655914112926,0.36
593,logistic,200,500,50,118,HTP_jit,0.23955876007676125,0.36
594,logistic,200,500,50,118,CVXPY,0.4402430369518697,0.36
595,logistic,200,500,50,119,SCOPE_jit,1.498024431988597,0.3
596,logistic,200,500,50,119,GraSP_jit,1.771579657914117,0.5
597,logistic,200,500,50,119,IHT_jit,0.45212855702266097,0.52
598,logistic,200,500,50,119,HTP_jit,0.6542757169809192,0.46
599,logistic,200,500,50,119,CVXPY,0.7870174800045788,0.56
600,logistic,300,500,50,120,SCOPE_jit,2.161466748919338,0.5
601,logistic,300,500,50,120,GraSP_jit,9.174139796989039,0.52
602,logistic,300,500,50,120,IHT_jit,0.33396628499031067,0.6
603,logistic,300,500,50,120,HTP_jit,0.6716933757998049,0.58
604,logistic,300,500,50,120,CVXPY,0.9066369428765029,0.6
605,logistic,300,500,50,121,SCOPE_jit,0.9529001049231738,0.4
606,logistic,300,500,50,121,GraSP_jit,7.792429846944287,0.56
607,logistic,300,500,50,121,IHT_jit,0.544867604970932,0.52
608,logistic,300,500,50,121,HTP_jit,0.3489138539880514,0.5
609,logistic,300,500,50,121,CVXPY,0.8706820029765368,0.56
610,logistic,300,500,50,122,SCOPE_jit,0.8648519469425082,0.52
611,logistic,300,500,50,122,GraSP_jit,5.191864731023088,0.46
612,logistic,300,500,50,122,IHT_jit,0.3124565070029348,0.52
613,logistic,300,500,50,122,HTP_jit,0.5631086730863899,0.52
614,logistic,300,500,50,122,CVXPY,0.979093864094466,0.6
615,logistic,300,500,50,123,SCOPE_jit,0.9133292278274894,0.36
616,logistic,300,500,50,123,GraSP_jit,2.1628732681274414,0.46
617,logistic,300,500,50,123,IHT_jit,0.3126535580959171,0.54
618,logistic,300,500,50,123,HTP_jit,0.3509953508619219,0.52
619,logistic,300,500,50,123,CVXPY,0.9155025379732251,0.56
620,logistic,300,500,50,124,SCOPE_jit,0.8861478241160512,0.34
621,logistic,300,500,50,124,GraSP_jit,3.964395910035819,0.5
622,logistic,300,500,50,124,IHT_jit,0.2801006759982556,0.58
623,logistic,300,500,50,124,HTP_jit,0.3676391770131886,0.56
624,logistic,300,500,50,124,CVXPY,0.851027695927769,0.6
625,logistic,300,500,50,125,SCOPE_jit,0.9899104288779199,0.38
626,logistic,300,500,50,125,GraSP_jit,3.0536019888240844,0.52
627,logistic,300,500,50,125,IHT_jit,0.3001468770671636,0.52
628,logistic,300,500,50,125,HTP_jit,0.29515507793985307,0.54
629,logistic,300,500,50,125,CVXPY,0.8045818691607565,0.56
630,logistic,300,500,50,126,SCOPE_jit,2.567781233927235,0.34
631,logistic,300,500,50,126,GraSP_jit,12.869733879109845,0.48
632,logistic,300,500,50,126,IHT_jit,0.3030953579582274,0.42
633,logistic,300,500,50,126,HTP_jit,0.4309397409670055,0.42
634,logistic,300,500,50,126,CVXPY,1.1585739019792527,0.54
635,logistic,300,500,50,127,SCOPE_jit,1.3210905638989061,0.4
636,logistic,300,500,50,127,GraSP_jit,8.897888456936926,0.5
637,logistic,300,500,50,127,IHT_jit,0.4288272529374808,0.58
638,logistic,300,500,50,127,HTP_jit,0.3932383069768548,0.58
639,logistic,300,500,50,127,CVXPY,0.9015581319108605,0.64
640,logistic,300,500,50,128,SCOPE_jit,1.053757696878165,0.4
641,logistic,300,500,50,128,GraSP_jit,7.6332441018894315,0.44
642,logistic,300,500,50,128,IHT_jit,0.28833117382600904,0.52
643,logistic,300,500,50,128,HTP_jit,0.46011511888355017,0.56
644,logistic,300,500,50,128,CVXPY,0.8397065189201385,0.56
645,logistic,300,500,50,129,SCOPE_jit,1.0823939349502325,0.4
646,logistic,300,500,50,129,GraSP_jit,7.146150262095034,0.48
647,logistic,300,500,50,129,IHT_jit,0.3916548800189048,0.5
648,logistic,300,500,50,129,HTP_jit,0.2913892481010407,0.46
649,logistic,300,500,50,129,CVXPY,0.9294500870164484,0.58
650,logistic,400,500,50,130,SCOPE_jit,1.328776157926768,0.54
651,logistic,400,500,50,130,GraSP_jit,8.108634823933244,0.66
652,logistic,400,500,50,130,IHT_jit,0.2970047469716519,0.6
653,logistic,400,500,50,130,HTP_jit,0.34602167387492955,0.6
654,logistic,400,500,50,130,CVXPY,1.6466065410058945,0.68
655,logistic,400,500,50,131,SCOPE_jit,1.31857465300709,0.62
656,logistic,400,500,50,131,GraSP_jit,7.5774723859503865,0.7
657,logistic,400,500,50,131,IHT_jit,0.24151453911326826,0.6
658,logistic,400,500,50,131,HTP_jit,0.2787066111341119,0.6
659,logistic,400,500,50,131,CVXPY,1.5326420220080763,0.64
660,logistic,400,500,50,132,SCOPE_jit,1.4063169590663165,0.56
661,logistic,400,500,50,132,GraSP_jit,8.805342770880088,0.62
662,logistic,400,500,50,132,IHT_jit,0.2980099830310792,0.68
663,logistic,400,500,50,132,HTP_jit,0.28543346119113266,0.74
664,logistic,400,500,50,132,CVXPY,1.5493757540825754,0.66
665,logistic,400,500,50,133,SCOPE_jit,0.7830936089158058,0.48
666,logistic,400,500,50,133,GraSP_jit,10.460134555120021,0.56
667,logistic,400,500,50,133,IHT_jit,0.42561359610408545,0.58
668,logistic,400,500,50,133,HTP_jit,0.37884206301532686,0.66
669,logistic,400,500,50,133,CVXPY,1.6395030010025948,0.7
670,logistic,400,500,50,134,SCOPE_jit,1.1911222729831934,0.58
671,logistic,400,500,50,134,GraSP_jit,9.067014842992648,0.68
672,logistic,400,500,50,134,IHT_jit,0.2869263868778944,0.68
673,logistic,400,500,50,134,HTP_jit,0.3227043708320707,0.64
674,logistic,400,500,50,134,CVXPY,1.4821359098423272,0.68
675,logistic,400,500,50,135,SCOPE_jit,1.150582413887605,0.62
676,logistic,400,500,50,135,GraSP_jit,8.216437228955328,0.54
677,logistic,400,500,50,135,IHT_jit,0.259935291018337,0.66
678,logistic,400,500,50,135,HTP_jit,0.3099753849674016,0.68
679,logistic,400,500,50,135,CVXPY,2.1356180789880455,0.62
680,logistic,400,500,50,136,SCOPE_jit,1.0459041008725762,0.62
681,logistic,400,500,50,136,GraSP_jit,7.599232404958457,0.7
682,logistic,400,500,50,136,IHT_jit,0.2259263270534575,0.68
683,logistic,400,500,50,136,HTP_jit,0.26238680980168283,0.7
684,logistic,400,500,50,136,CVXPY,1.731105581857264,0.72
685,logistic,400,500,50,137,SCOPE_jit,0.8553673040587455,0.66
686,logistic,400,500,50,137,GraSP_jit,7.434281806927174,0.68
687,logistic,400,500,50,137,IHT_jit,0.2258060430176556,0.68
688,logistic,400,500,50,137,HTP_jit,0.25255438312888145,0.64
689,logistic,400,500,50,137,CVXPY,1.700722728855908,0.68
690,logistic,400,500,50,138,SCOPE_jit,1.2079294079449028,0.64
691,logistic,400,500,50,138,GraSP_jit,6.934937956975773,0.58
692,logistic,400,500,50,138,IHT_jit,0.2509251039009541,0.66
693,logistic,400,500,50,138,HTP_jit,0.2506331230979413,0.68
694,logistic,400,500,50,138,CVXPY,1.4867049609310925,0.7
695,logistic,400,500,50,139,SCOPE_jit,1.335704118013382,0.54
696,logistic,400,500,50,139,GraSP_jit,8.071345335803926,0.56
697,logistic,400,500,50,139,IHT_jit,0.2894171681255102,0.66
698,logistic,400,500,50,139,HTP_jit,0.3191534571815282,0.66
699,logistic,400,500,50,139,CVXPY,1.7514148019254208,0.7
700,logistic,500,500,50,140,SCOPE_jit,1.671823751879856,0.84
701,logistic,500,500,50,140,GraSP_jit,2.603811030043289,0.68
702,logistic,500,500,50,140,IHT_jit,0.69107302906923,0.7
703,logistic,500,500,50,140,HTP_jit,0.44086181884631515,0.74
704,logistic,500,500,50,140,CVXPY,2.5264750730711967,0.76
705,logistic,500,500,50,141,SCOPE_jit,3.4909968208521605,0.76
706,logistic,500,500,50,141,GraSP_jit,7.908658774103969,0.72
707,logistic,500,500,50,141,IHT_jit,0.26033946801908314,0.86
708,logistic,500,500,50,141,HTP_jit,0.3508415059186518,0.86
709,logistic,500,500,50,141,CVXPY,3.0714480779133737,0.84
710,logistic,500,500,50,142,SCOPE_jit,4.258797907968983,0.72
711,logistic,500,500,50,142,GraSP_jit,9.994391542160884,0.76
712,logistic,500,500,50,142,IHT_jit,0.3183268990833312,0.76
713,logistic,500,500,50,142,HTP_jit,0.3324869330972433,0.78
714,logistic,500,500,50,142,CVXPY,2.74769507185556,0.8
715,logistic,500,500,50,143,SCOPE_jit,1.6385849181097,0.86
716,logistic,500,500,50,143,GraSP_jit,8.593313802964985,0.74
717,logistic,500,500,50,143,IHT_jit,0.2991700619459152,0.8
718,logistic,500,500,50,143,HTP_jit,0.3216774361208081,0.76
719,logistic,500,500,50,143,CVXPY,3.5010958758648485,0.78
720,logistic,500,500,50,144,SCOPE_jit,1.0687971578445286,0.66
721,logistic,500,500,50,144,GraSP_jit,8.370350933168083,0.76
722,logistic,500,500,50,144,IHT_jit,0.3119722658302635,0.68
723,logistic,500,500,50,144,HTP_jit,0.32640914898365736,0.7
724,logistic,500,500,50,144,CVXPY,2.836248642997816,0.82
725,logistic,500,500,50,145,SCOPE_jit,1.3814061330631375,0.78
726,logistic,500,500,50,145,GraSP_jit,6.004660787060857,0.78
727,logistic,500,500,50,145,IHT_jit,0.3584424869623035,0.78
728,logistic,500,500,50,145,HTP_jit,0.32789720385335386,0.76
729,logistic,500,500,50,145,CVXPY,2.5197214370127767,0.76
730,logistic,500,500,50,146,SCOPE_jit,0.9877700270153582,0.64
731,logistic,500,500,50,146,GraSP_jit,8.808826103108004,0.62
732,logistic,500,500,50,146,IHT_jit,0.34832128998823464,0.68
733,logistic,500,500,50,146,HTP_jit,0.4119087809231132,0.66
734,logistic,500,500,50,146,CVXPY,3.108556245919317,0.72
735,logistic,500,500,50,147,SCOPE_jit,1.2177902050316334,0.7
736,logistic,500,500,50,147,GraSP_jit,4.345323086017743,0.68
737,logistic,500,500,50,147,IHT_jit,0.3070361940190196,0.72
738,logistic,500,500,50,147,HTP_jit,0.3868044239934534,0.76
739,logistic,500,500,50,147,CVXPY,2.4575678629335016,0.74
740,logistic,500,500,50,148,SCOPE_jit,0.9626169381663203,0.74
741,logistic,500,500,50,148,GraSP_jit,2.636518392013386,0.78
742,logistic,500,500,50,148,IHT_jit,0.3060377382207662,0.76
743,logistic,500,500,50,148,HTP_jit,0.308138778898865,0.76
744,logistic,500,500,50,148,CVXPY,3.5306531719397753,0.74
745,logistic,500,500,50,149,SCOPE_jit,1.154063736088574,0.82
746,logistic,500,500,50,149,GraSP_jit,8.499083504080772,0.72
747,logistic,500,500,50,149,IHT_jit,0.29612871794961393,0.7
748,logistic,500,500,50,149,HTP_jit,0.3813395439647138,0.68
749,logistic,500,500,50,149,CVXPY,2.8418533571530133,0.74
750,logistic,600,500,50,150,SCOPE_jit,2.5916226741392165,0.92
751,logistic,600,500,50,150,GraSP_jit,5.896053293021396,0.9
752,logistic,600,500,50,150,IHT_jit,0.2610079951118678,0.86
753,logistic,600,500,50,150,HTP_jit,0.3908686120994389,0.88
754,logistic,600,500,50,150,CVXPY,8.35086498199962,0.88
755,logistic,600,500,50,151,SCOPE_jit,1.6900772720109671,0.96
756,logistic,600,500,50,151,GraSP_jit,8.63948730006814,0.86
757,logistic,600,500,50,151,IHT_jit,0.3025569240562618,0.86
758,logistic,600,500,50,151,HTP_jit,0.3367915970738977,0.84
759,logistic,600,500,50,151,CVXPY,6.599709172034636,0.8
760,logistic,600,500,50,152,SCOPE_jit,1.3555120539385825,0.9
761,logistic,600,500,50,152,GraSP_jit,6.092078970046714,0.86
762,logistic,600,500,50,152,IHT_jit,0.2698829099535942,0.88
763,logistic,600,500,50,152,HTP_jit,0.35633548186160624,0.88
764,logistic,600,500,50,152,CVXPY,6.350504522910342,0.9
765,logistic,600,500,50,153,SCOPE_jit,1.647377150831744,0.98
766,logistic,600,500,50,153,GraSP_jit,2.610516307875514,0.84
767,logistic,600,500,50,153,IHT_jit,0.2887132859323174,0.9
768,logistic,600,500,50,153,HTP_jit,0.33489749603904784,0.82
769,logistic,600,500,50,153,CVXPY,5.935864862054586,0.82
770,logistic,600,500,50,154,SCOPE_jit,4.090207549976185,0.96
771,logistic,600,500,50,154,GraSP_jit,9.76129370299168,0.9
772,logistic,600,500,50,154,IHT_jit,0.36222649784758687,0.86
773,logistic,600,500,50,154,HTP_jit,0.27692897990345955,0.84
774,logistic,600,500,50,154,CVXPY,5.573844404192641,0.86
775,logistic,600,500,50,155,SCOPE_jit,1.1762239669915289,1.0
776,logistic,600,500,50,155,GraSP_jit,11.93018541415222,0.98
777,logistic,600,500,50,155,IHT_jit,0.2999807440210134,0.9
778,logistic,600,500,50,155,HTP_jit,0.306665776995942,0.86
779,logistic,600,500,50,155,CVXPY,4.769974532071501,0.8
780,logistic,600,500,50,156,SCOPE_jit,0.9213016780558974,0.9
781,logistic,600,500,50,156,GraSP_jit,6.185415358049795,0.86
782,logistic,600,500,50,156,IHT_jit,0.28898607287555933,0.8
783,logistic,600,500,50,156,HTP_jit,0.3156178679782897,0.84
784,logistic,600,500,50,156,CVXPY,5.4246866998728365,0.82
785,logistic,600,500,50,157,SCOPE_jit,0.8240210791118443,0.9
786,logistic,600,500,50,157,GraSP_jit,7.515009693102911,0.84
787,logistic,600,500,50,157,IHT_jit,0.2940183279570192,0.84
788,logistic,600,500,50,157,HTP_jit,0.27199332509189844,0.86
789,logistic,600,500,50,157,CVXPY,7.264506245963275,0.88
790,logistic,600,500,50,158,SCOPE_jit,1.7473501681815833,0.92
791,logistic,600,500,50,158,GraSP_jit,2.586499420925975,0.78
792,logistic,600,500,50,158,IHT_jit,0.3224611449986696,0.84
793,logistic,600,500,50,158,HTP_jit,0.2968669831752777,0.8
794,logistic,600,500,50,158,CVXPY,7.433312582084909,0.86
795,logistic,600,500,50,159,SCOPE_jit,1.3890134249813855,0.94
796,logistic,600,500,50,159,GraSP_jit,6.327744435984641,0.88
797,logistic,600,500,50,159,IHT_jit,0.3176697310991585,0.86
798,logistic,600,500,50,159,HTP_jit,0.2730968650430441,0.82
799,logistic,600,500,50,159,CVXPY,5.902023668866605,0.92
800,logistic,700,500,50,160,SCOPE_jit,2.976791806984693,0.96
801,logistic,700,500,50,160,GraSP_jit,9.365122233051807,1.0
802,logistic,700,500,50,160,IHT_jit,0.3116242520045489,0.94
803,logistic,700,500,50,160,HTP_jit,0.32562790089286864,0.9
804,logistic,700,500,50,160,CVXPY,4.637068127049133,0.86
805,logistic,700,500,50,161,SCOPE_jit,1.3328774310648441,0.98
806,logistic,700,500,50,161,GraSP_jit,7.574611297110096,0.96
807,logistic,700,500,50,161,IHT_jit,0.34711205889470875,0.92
808,logistic,700,500,50,161,HTP_jit,0.37207135488279164,0.92
809,logistic,700,500,50,161,CVXPY,7.23342852992937,0.88
810,logistic,700,500,50,162,SCOPE_jit,1.4775095419026911,1.0
811,logistic,700,500,50,162,GraSP_jit,7.060677104862407,0.96
812,logistic,700,500,50,162,IHT_jit,0.38648419198580086,0.92
813,logistic,700,500,50,162,HTP_jit,0.30378420697525144,0.88
814,logistic,700,500,50,162,CVXPY,9.796695998869836,0.9
815,logistic,700,500,50,163,SCOPE_jit,1.5585269008297473,0.94
816,logistic,700,500,50,163,GraSP_jit,11.234726249007508,0.94
817,logistic,700,500,50,163,IHT_jit,0.34902843297459185,0.92
818,logistic,700,500,50,163,HTP_jit,0.4511290271766484,0.9
819,logistic,700,500,50,163,CVXPY,8.343223777832463,0.9
820,logistic,700,500,50,164,SCOPE_jit,1.5010412018746138,0.98
821,logistic,700,500,50,164,GraSP_jit,11.236605475889519,1.0
822,logistic,700,500,50,164,IHT_jit,0.2840049699880183,0.9
823,logistic,700,500,50,164,HTP_jit,0.35517016402445734,0.92
824,logistic,700,500,50,164,CVXPY,9.205713680945337,0.86
825,logistic,700,500,50,165,SCOPE_jit,1.960052272072062,0.98
826,logistic,700,500,50,165,GraSP_jit,0.8048846169840544,0.92
827,logistic,700,500,50,165,IHT_jit,0.29556511202827096,0.92
828,logistic,700,500,50,165,HTP_jit,0.3230274529196322,0.92
829,logistic,700,500,50,165,CVXPY,8.35826547909528,0.88
830,logistic,700,500,50,166,SCOPE_jit,1.334231732180342,1.0
831,logistic,700,500,50,166,GraSP_jit,2.7811201671138406,0.94
832,logistic,700,500,50,166,IHT_jit,0.3189579099416733,0.98
833,logistic,700,500,50,166,HTP_jit,0.3985760200303048,0.96
834,logistic,700,500,50,166,CVXPY,7.461989565053955,0.92
835,logistic,700,500,50,167,SCOPE_jit,2.0985687491483986,0.96
836,logistic,700,500,50,167,GraSP_jit,10.334723576204851,0.98
837,logistic,700,500,50,167,IHT_jit,0.33593985601328313,0.94
838,logistic,700,500,50,167,HTP_jit,0.35494622285477817,0.88
839,logistic,700,500,50,167,CVXPY,5.931283126119524,0.92
840,logistic,700,500,50,168,SCOPE_jit,1.9923398739192635,0.98
841,logistic,700,500,50,168,GraSP_jit,8.978769996901974,0.92
842,logistic,700,500,50,168,IHT_jit,0.4754864280112088,0.92
843,logistic,700,500,50,168,HTP_jit,0.38463237578980625,0.86
844,logistic,700,500,50,168,CVXPY,6.072508478071541,0.88
845,logistic,700,500,50,169,SCOPE_jit,1.5209977880585939,1.0
846,logistic,700,500,50,169,GraSP_jit,5.442857104120776,1.0
847,logistic,700,500,50,169,IHT_jit,0.4085821248590946,0.98
848,logistic,700,500,50,169,HTP_jit,0.324298984836787,0.92
849,logistic,700,500,50,169,CVXPY,5.423221935983747,0.9
850,logistic,800,500,50,170,SCOPE_jit,1.7185722328722477,0.98
851,logistic,800,500,50,170,GraSP_jit,9.354125997051597,1.0
852,logistic,800,500,50,170,IHT_jit,0.627997349947691,0.98
853,logistic,800,500,50,170,HTP_jit,0.3000579990912229,0.98
854,logistic,800,500,50,170,CVXPY,9.170734471874312,0.94
855,logistic,800,500,50,171,SCOPE_jit,2.0329869259148836,1.0
856,logistic,800,500,50,171,GraSP_jit,4.869084873935208,0.98
857,logistic,800,500,50,171,IHT_jit,0.549592660041526,0.98
858,logistic,800,500,50,171,HTP_jit,0.27353864489123225,0.96
859,logistic,800,500,50,171,CVXPY,8.690017052926123,0.9
860,logistic,800,500,50,172,SCOPE_jit,1.5547136859968305,1.0
861,logistic,800,500,50,172,GraSP_jit,1.575391513062641,0.92
862,logistic,800,500,50,172,IHT_jit,0.25652208901010454,0.94
863,logistic,800,500,50,172,HTP_jit,0.23991763801313937,0.88
864,logistic,800,500,50,172,CVXPY,8.245728672947735,0.86
865,logistic,800,500,50,173,SCOPE_jit,1.1488950459752232,1.0
866,logistic,800,500,50,173,GraSP_jit,7.881459058029577,0.92
867,logistic,800,500,50,173,IHT_jit,0.3307447819970548,1.0
868,logistic,800,500,50,173,HTP_jit,0.31919886684045196,0.98
869,logistic,800,500,50,173,CVXPY,6.028560998849571,0.94
870,logistic,800,500,50,174,SCOPE_jit,1.2913496310357004,1.0
871,logistic,800,500,50,174,GraSP_jit,1.968906672904268,0.88
872,logistic,800,500,50,174,IHT_jit,0.22412925609387457,0.94
873,logistic,800,500,50,174,HTP_jit,0.2553733841050416,0.94
874,logistic,800,500,50,174,CVXPY,4.979971993947402,0.92
875,logistic,800,500,50,175,SCOPE_jit,0.9925769940018654,0.98
876,logistic,800,500,50,175,GraSP_jit,5.962290708906949,0.94
877,logistic,800,500,50,175,IHT_jit,0.3329200139269233,0.98
878,logistic,800,500,50,175,HTP_jit,0.3971068800892681,0.9
879,logistic,800,500,50,175,CVXPY,6.633777481038123,0.94
880,logistic,800,500,50,176,SCOPE_jit,1.3877549199387431,0.98
881,logistic,800,500,50,176,GraSP_jit,0.7555728070437908,1.0
882,logistic,800,500,50,176,IHT_jit,0.26553891599178314,0.96
883,logistic,800,500,50,176,HTP_jit,0.270935813896358,0.9
884,logistic,800,500,50,176,CVXPY,5.827907472848892,0.9
885,logistic,800,500,50,177,SCOPE_jit,1.0518746019806713,1.0
886,logistic,800,500,50,177,GraSP_jit,6.487440987955779,0.94
887,logistic,800,500,50,177,IHT_jit,0.2435642301570624,0.92
888,logistic,800,500,50,177,HTP_jit,0.3746096580289304,0.94
889,logistic,800,500,50,177,CVXPY,8.061911643948406,0.94
890,logistic,800,500,50,178,SCOPE_jit,1.7380837390664965,0.98
891,logistic,800,500,50,178,GraSP_jit,0.9027137940283865,1.0
892,logistic,800,500,50,178,IHT_jit,0.2950380470138043,1.0
893,logistic,800,500,50,178,HTP_jit,0.30240083299577236,0.94
894,logistic,800,500,50,178,CVXPY,8.130600726930425,0.94
895,logistic,800,500,50,179,SCOPE_jit,1.1097183420788497,1.0
896,logistic,800,500,50,179,GraSP_jit,1.3218108059372753,0.92
897,logistic,800,500,50,179,IHT_jit,0.28095724200829864,0.98
898,logistic,800,500,50,179,HTP_jit,0.31635244796052575,0.96
899,logistic,800,500,50,179,CVXPY,6.27510623796843,0.94
900,logistic,900,500,50,180,SCOPE_jit,1.3421290800906718,1.0
901,logistic,900,500,50,180,GraSP_jit,5.796723250998184,0.98
902,logistic,900,500,50,180,IHT_jit,0.3747087100055069,0.98
903,logistic,900,500,50,180,HTP_jit,0.4670687678735703,0.98
904,logistic,900,500,50,180,CVXPY,7.195346005028114,0.98
905,logistic,900,500,50,181,SCOPE_jit,1.9119239980354905,0.98
906,logistic,900,500,50,181,GraSP_jit,10.144525484880432,0.96
907,logistic,900,500,50,181,IHT_jit,0.4288502358831465,1.0
908,logistic,900,500,50,181,HTP_jit,0.31759577500633895,0.94
909,logistic,900,500,50,181,CVXPY,6.636670591076836,0.94
910,logistic,900,500,50,182,SCOPE_jit,1.169173828791827,1.0
911,logistic,900,500,50,182,GraSP_jit,6.989372292067856,1.0
912,logistic,900,500,50,182,IHT_jit,0.39067080710083246,1.0
913,logistic,900,500,50,182,HTP_jit,0.3978466319385916,0.96
914,logistic,900,500,50,182,CVXPY,10.686326597817242,0.94
915,logistic,900,500,50,183,SCOPE_jit,1.3336763600818813,1.0
916,logistic,900,500,50,183,GraSP_jit,13.405641311081126,1.0
917,logistic,900,500,50,183,IHT_jit,0.353004387114197,0.98
918,logistic,900,500,50,183,HTP_jit,0.34173409291543067,0.96
919,logistic,900,500,50,183,CVXPY,6.667792187072337,0.96
920,logistic,900,500,50,184,SCOPE_jit,2.2333817079197615,0.98
921,logistic,900,500,50,184,GraSP_jit,9.830773259047419,0.98
922,logistic,900,500,50,184,IHT_jit,0.39786394499242306,1.0
923,logistic,900,500,50,184,HTP_jit,0.4053671541623771,0.98
924,logistic,900,500,50,184,CVXPY,8.453939026920125,0.96
925,logistic,900,500,50,185,SCOPE_jit,1.627700726967305,0.98
926,logistic,900,500,50,185,GraSP_jit,5.066387414932251,1.0
927,logistic,900,500,50,185,IHT_jit,0.3698865328915417,0.98
928,logistic,900,500,50,185,HTP_jit,0.43785119196400046,0.96
929,logistic,900,500,50,185,CVXPY,8.161275167018175,0.96
930,logistic,900,500,50,186,SCOPE_jit,1.2112647448666394,1.0
931,logistic,900,500,50,186,GraSP_jit,2.1828903490677476,0.94
932,logistic,900,500,50,186,IHT_jit,0.3303256710059941,1.0
933,logistic,900,500,50,186,HTP_jit,0.4376289639621973,0.98
934,logistic,900,500,50,186,CVXPY,6.26368810608983,0.94
935,logistic,900,500,50,187,SCOPE_jit,1.7886212361045182,1.0
936,logistic,900,500,50,187,GraSP_jit,1.7549436169210821,1.0
937,logistic,900,500,50,187,IHT_jit,0.3377504071686417,0.94
938,logistic,900,500,50,187,HTP_jit,0.3244456339161843,0.92
939,logistic,900,500,50,187,CVXPY,5.129690028959885,0.9
940,logistic,900,500,50,188,SCOPE_jit,1.9684606201481074,0.98
941,logistic,900,500,50,188,GraSP_jit,3.6455345198046416,1.0
942,logistic,900,500,50,188,IHT_jit,0.27099892194382846,1.0
943,logistic,900,500,50,188,HTP_jit,0.3162180290091783,0.96
944,logistic,900,500,50,188,CVXPY,5.120884025003761,0.96
945,logistic,900,500,50,189,SCOPE_jit,1.4027673290111125,1.0
946,logistic,900,500,50,189,GraSP_jit,1.935563095845282,0.98
947,logistic,900,500,50,189,IHT_jit,0.544960570987314,1.0
948,logistic,900,500,50,189,HTP_jit,0.4002750238869339,0.94
949,logistic,900,500,50,189,CVXPY,8.501993671059608,0.92
950,logistic,1000,500,50,190,SCOPE_jit,1.293513837037608,1.0
951,logistic,1000,500,50,190,GraSP_jit,2.4982125100214034,0.98
952,logistic,1000,500,50,190,IHT_jit,0.296697115059942,1.0
953,logistic,1000,500,50,190,HTP_jit,0.3086954129394144,1.0
954,logistic,1000,500,50,190,CVXPY,7.44370730407536,1.0
955,logistic,1000,500,50,191,SCOPE_jit,1.1788828789722174,1.0
956,logistic,1000,500,50,191,GraSP_jit,0.7127965521067381,1.0
957,logistic,1000,500,50,191,IHT_jit,0.3265195810236037,1.0
958,logistic,1000,500,50,191,HTP_jit,0.31599150714464486,1.0
959,logistic,1000,500,50,191,CVXPY,7.895798662910238,0.98
960,logistic,1000,500,50,192,SCOPE_jit,1.0988987612072378,1.0
961,logistic,1000,500,50,192,GraSP_jit,3.7838371351826936,0.98
962,logistic,1000,500,50,192,IHT_jit,0.2907719628419727,0.96
963,logistic,1000,500,50,192,HTP_jit,0.47658014111220837,0.96
964,logistic,1000,500,50,192,CVXPY,10.071105289040133,0.94
965,logistic,1000,500,50,193,SCOPE_jit,1.3297701110132039,1.0
966,logistic,1000,500,50,193,GraSP_jit,3.230415075086057,0.98
967,logistic,1000,500,50,193,IHT_jit,0.3098011910915375,1.0
968,logistic,1000,500,50,193,HTP_jit,0.2950653259176761,1.0
969,logistic,1000,500,50,193,CVXPY,7.402680794941261,0.96
970,logistic,1000,500,50,194,SCOPE_jit,0.9478748829569668,1.0
971,logistic,1000,500,50,194,GraSP_jit,9.739981612889096,1.0
972,logistic,1000,500,50,194,IHT_jit,0.26640845905058086,0.98
973,logistic,1000,500,50,194,HTP_jit,0.2607150129042566,0.94
974,logistic,1000,500,50,194,CVXPY,6.3397173441480845,0.96
975,logistic,1000,500,50,195,SCOPE_jit,0.9229016951285303,1.0
976,logistic,1000,500,50,195,GraSP_jit,4.9559995920863,1.0
977,logistic,1000,500,50,195,IHT_jit,0.24857472395524383,0.98
978,logistic,1000,500,50,195,HTP_jit,0.2587627680040896,0.98
979,logistic,1000,500,50,195,CVXPY,6.044289221987128,0.96
980,logistic,1000,500,50,196,SCOPE_jit,1.2666652861516923,1.0
981,logistic,1000,500,50,196,GraSP_jit,2.3492828260641545,0.98
982,logistic,1000,500,50,196,IHT_jit,0.28191465698182583,1.0
983,logistic,1000,500,50,196,HTP_jit,0.40216219099238515,1.0
984,logistic,1000,500,50,196,CVXPY,7.57301538111642,0.96
985,logistic,1000,500,50,197,SCOPE_jit,1.1830655811354518,1.0
986,logistic,1000,500,50,197,GraSP_jit,9.921941010979936,0.98
987,logistic,1000,500,50,197,IHT_jit,0.37535798200406134,1.0
988,logistic,1000,500,50,197,HTP_jit,0.35971796698868275,0.98
989,logistic,1000,500,50,197,CVXPY,5.280781785957515,0.94
990,logistic,1000,500,50,198,SCOPE_jit,0.8555494528263807,1.0
991,logistic,1000,500,50,198,GraSP_jit,2.6144993151538074,0.98
992,logistic,1000,500,50,198,IHT_jit,0.22946161404252052,1.0
993,logistic,1000,500,50,198,HTP_jit,0.2938954019919038,1.0
994,logistic,1000,500,50,198,CVXPY,5.145888017024845,0.96
995,logistic,1000,500,50,199,SCOPE_jit,0.8448604440782219,1.0
996,logistic,1000,500,50,199,GraSP_jit,6.211583915865049,1.0
997,logistic,1000,500,50,199,IHT_jit,0.26567291002720594,1.0
998,logistic,1000,500,50,199,HTP_jit,0.23374729906208813,0.96
999,logistic,1000,500,50,199,CVXPY,5.147233449155465,0.94
