,n,p,k,autodiff_accuracy,gurobi_accuracy,autodiff_time,gurobi_time
0,50,50,28,0.75,0.75,0.2588353157043457,250.21910977363586
1,100,100,81,0.8271604938271605,0.7901234567901234,9.99722409248352,1372.8174712657928
2,100,100,36,0.6388888888888888,0.7222222222222222,0.7712724208831787,3602.2522444725037
3,50,50,23,0.6956521739130435,0.6086956521739131,0.11030888557434082,314.7778959274292
4,50,50,43,0.8837209302325582,0.8604651162790697,0.44965291023254395,2.2264254093170166
5,100,100,51,0.6274509803921569,0.6274509803921569,2.524717330932617,3602.798970222473
6,50,50,38,0.8421052631578947,0.7105263157894737,0.39078235626220703,22.139829874038696
7,100,100,6,0.8333333333333334,0.8333333333333334,0.14457178115844727,16.88133430480957
8,50,50,13,0.7692307692307693,0.6923076923076923,0.07004427909851074,153.80085229873657
9,50,50,50,1.0,1.0,0.07517838478088379,0.11798810958862305
10,100,100,92,0.9239130434782609,0.9130434782608695,9.824292659759521,24.49368119239807
11,100,100,47,0.6808510638297872,0.5957446808510638,1.8766577243804932,3602.2918016910553
12,100,100,58,0.7241379310344828,0.6379310344827587,2.2153470516204834,3602.336984872818
13,50,50,45,0.8888888888888888,0.9111111111111111,0.7180335521697998,2.005281686782837
14,100,100,2,1.0,1.0,0.1263718605041504,0.49170708656311035
15,50,50,20,0.6,0.7,0.12011170387268066,801.1915874481201
16,100,100,42,0.5476190476190477,0.5238095238095238,1.8877787590026855,3602.281517982483
17,100,100,99,0.98989898989899,0.98989898989899,2.1860945224761963,0.3914206027984619
18,100,100,17,0.5882352941176471,0.6470588235294118,0.29996299743652344,3602.2230784893036
19,100,100,54,0.7777777777777778,0.5740740740740741,3.7561230659484863,3602.226957321167
20,50,50,15,0.8666666666666667,0.7333333333333333,0.07415533065795898,184.4258861541748
21,100,100,94,0.9468085106382979,0.9361702127659575,9.899077415466309,6.795823097229004
22,100,100,49,0.5918367346938775,0.5714285714285714,1.6385767459869385,3602.1918275356293
23,100,100,69,0.7246376811594203,0.7101449275362319,4.812023639678955,3602.164824485779
24,100,100,24,0.7083333333333334,0.75,0.5762109756469727,3602.33465051651
25,50,50,11,0.6363636363636364,0.5454545454545454,0.06290102005004883,208.15774154663086
26,100,100,84,0.8571428571428571,0.8333333333333334,10.220317840576172,80.58783173561096
27,100,100,39,0.717948717948718,0.717948717948718,1.0918068885803223,3602.3272907733917
28,50,50,26,0.38461538461538464,0.5769230769230769,0.18259572982788086,543.2224688529968
29,100,100,80,0.825,0.8,4.9373650550842285,846.4022877216339
30,100,100,91,0.9120879120879121,0.9120879120879121,7.525963544845581,9.884432077407837
31,100,100,35,0.6857142857142857,0.6571428571428571,0.9716508388519287,3602.3208124637604
32,50,50,33,0.7272727272727273,0.6666666666666666,0.19780635833740234,84.01261258125305
33,50,50,8,0.75,0.75,0.04198336601257324,5.967255353927612
34,100,100,30,0.6333333333333333,0.6666666666666666,0.8540925979614258,3602.3096644878387
35,100,100,87,0.8735632183908046,0.8620689655172413,8.506809711456299,53.32133364677429
36,50,50,48,0.9583333333333334,0.9583333333333334,0.38930344581604004,1.2185728549957275
37,100,100,5,0.8,1.0,0.15011358261108398,6.5906291007995605
38,50,50,3,0.6666666666666666,0.6666666666666666,0.018738269805908203,0.19806909561157227
39,100,100,82,0.8292682926829268,0.8048780487804879,8.128729104995728,382.78350281715393
40,100,100,37,0.6216216216216216,0.6216216216216216,0.8262386322021484,3602.7198283672333
41,100,100,57,0.5964912280701754,0.5964912280701754,3.0851798057556152,3602.2328095436096
42,50,50,44,0.8636363636363636,0.8636363636363636,0.6619465351104736,2.446199893951416
43,100,100,12,0.6666666666666666,0.6666666666666666,0.24233365058898926,3601.7349841594696
44,100,100,97,0.979381443298969,0.9690721649484536,11.826565027236938,8.419541597366333
45,100,100,52,0.6153846153846154,0.5769230769230769,2.177049398422241,3603.0408220291138
46,100,100,72,0.7916666666666666,0.75,6.340216398239136,3602.4203317165375
47,100,100,7,0.8571428571428571,0.8571428571428571,0.20595335960388184,1058.0356059074402
48,100,100,27,0.7777777777777778,0.7407407407407407,0.6592965126037598,3602.269464969635
49,50,50,14,0.6428571428571429,0.5714285714285714,0.0884239673614502,247.94890880584717
50,50,50,25,0.6,0.72,0.16623854637145996,259.05048632621765
51,100,100,67,0.7313432835820896,0.7014925373134329,2.7235918045043945,3602.1362895965576
52,100,100,22,0.8181818181818182,0.7272727272727273,0.40808534622192383,3602.2487564086914
53,100,100,79,0.810126582278481,0.7341772151898734,5.617289066314697,1844.1203401088715
54,50,50,9,0.6666666666666666,0.6666666666666666,0.05381155014038086,44.15075659751892
55,100,100,63,0.6666666666666666,0.5873015873015873,3.664714813232422,3602.9246900081635
56,100,100,74,0.7297297297297297,0.7162162162162162,3.7904000282287598,3601.715176343918
57,100,100,18,0.7222222222222222,0.7222222222222222,0.4758279323577881,3602.377398252487
58,100,100,38,0.6842105263157895,0.5789473684210527,1.5500602722167969,3602.3873081207275
59,100,100,29,0.6896551724137931,0.6896551724137931,0.6141316890716553,3602.4295637607574
60,50,50,16,0.6875,0.6875,0.08658719062805176,193.44473528862
61,50,50,36,0.7777777777777778,0.7777777777777778,0.510986328125,20.129923343658447
62,50,50,31,0.7096774193548387,0.7419354838709677,0.25267601013183594,20.76086163520813
63,100,100,45,0.6444444444444445,0.6,1.8862369060516357,3602.3481969833374
64,50,50,6,0.6666666666666666,0.6666666666666666,0.025473833084106445,3.782888650894165
65,100,100,85,0.8470588235294118,0.8705882352941177,5.847834348678589,201.96684432029724
66,100,100,96,0.9583333333333334,0.9583333333333334,11.407114744186401,6.891087770462036
67,50,50,46,0.9130434782608695,0.9130434782608695,0.5682189464569092,1.3136277198791504
68,100,100,40,0.7,0.7,0.9833712577819824,3602.2290935516357
69,100,100,60,0.65,0.7,2.899839162826538,3602.193368911743
70,50,50,1,1.0,1.0,0.02187633514404297,0.5504128932952881
71,100,100,15,0.9333333333333333,0.9333333333333333,0.3075282573699951,3602.7758593559265
72,50,50,2,1.0,1.0,0.016102313995361328,0.13291525840759277
73,100,100,55,0.6545454545454545,0.5454545454545454,2.467522382736206,3602.4429199695587
74,50,50,42,0.8333333333333334,0.8333333333333334,0.4239785671234131,2.9825990200042725
75,100,100,10,0.8,0.9,0.1956193447113037,1753.1711781024933
76,50,50,17,0.8235294117647058,0.6470588235294118,0.11890745162963867,184.69516324996948
77,100,100,62,0.6451612903225806,0.6290322580645161,4.034819841384888,3602.2676150798798
78,50,50,49,0.9795918367346939,0.9795918367346939,0.1741788387298584,0.1490926742553711
79,50,50,4,1.0,1.0,0.021349668502807617,0.6350934505462646
80,50,50,24,0.6666666666666666,0.5,0.1887071132659912,415.5864155292511
81,100,100,77,0.7272727272727273,0.8051948051948052,6.605034112930298,3601.1731600761414
82,100,100,21,0.6666666666666666,0.6666666666666666,0.40050435066223145,3602.3034830093384
83,100,100,32,0.6875,0.5625,0.9024913311004639,3602.19180059433
84,50,50,19,0.5263157894736842,0.631578947368421,0.09087753295898438,1057.2188329696655
85,50,50,39,0.7948717948717948,0.7435897435897436,0.4947085380554199,3.2856762409210205
86,100,100,73,0.726027397260274,0.7534246575342466,5.751216173171997,3601.624131679535
87,50,50,34,0.7647058823529411,0.7941176470588235,0.4707815647125244,25.52239727973938
88,100,100,28,0.6785714285714286,0.7142857142857143,0.7677803039550781,3602.3169391155243
89,100,100,68,0.75,0.6323529411764706,2.982112169265747,3602.352299451828
90,100,100,88,0.875,0.8636363636363636,8.878189086914062,27.893333196640015
91,100,100,23,0.6521739130434783,0.6086956521739131,0.5698599815368652,3602.3908138275146
92,100,100,43,0.6976744186046512,0.5581395348837209,1.5821247100830078,3602.313638687134
93,50,50,30,0.7666666666666667,0.6333333333333333,0.24830365180969238,29.310339212417603
94,50,50,41,0.8048780487804879,0.9024390243902439,0.38143348693847656,5.744251251220703
95,100,100,75,0.7466666666666667,0.7333333333333333,8.061331748962402,3078.9673466682434
96,100,100,95,0.9473684210526315,0.9473684210526315,9.466293096542358,6.6285789012908936
97,100,100,13,0.6923076923076923,0.7692307692307693,0.25566720962524414,3602.3262717723846
98,100,100,50,0.64,0.66,2.163753032684326,3602.1545786857605
99,50,50,37,0.7297297297297297,0.7567567567567568,0.32659244537353516,16.586060047149658
100,100,100,25,0.64,0.64,0.7083914279937744,3602.603266477585
101,100,100,90,0.9,0.8888888888888888,10.663040399551392,17.490057706832886
102,100,100,65,0.7230769230769231,0.7230769230769231,2.881638288497925,3602.365817308426
103,100,100,9,0.8888888888888888,0.8888888888888888,0.21676063537597656,1290.0621373653412
104,100,100,20,0.7,0.7,0.48732566833496094,3602.297220468521
105,50,50,7,0.7142857142857143,0.7142857142857143,0.05668926239013672,4.920078992843628
106,50,50,47,0.9574468085106383,0.9361702127659575,1.0081408023834229,1.3843977451324463
107,100,100,61,0.7377049180327869,0.7213114754098361,3.203482151031494,3602.2439889907837
108,50,50,22,0.5,0.6363636363636364,0.09819555282592773,778.9497146606445
109,100,100,16,0.6875,0.625,0.1923530101776123,3602.2110562324524
110,100,100,56,0.6785714285714286,0.625,2.7227795124053955,3602.8921406269073
111,100,100,76,0.8157894736842105,0.7763157894736842,8.613954544067383,3601.205691576004
112,100,100,11,0.8181818181818182,0.8181818181818182,0.23572087287902832,2867.5456235408783
113,100,100,31,0.6774193548387096,0.6129032258064516,0.8317830562591553,3602.3866350650787
114,50,50,18,0.7222222222222222,0.5555555555555556,0.08241677284240723,1412.0854771137238
115,50,50,29,0.7241379310344828,0.6896551724137931,0.2939338684082031,192.41452813148499
116,100,100,71,0.7464788732394366,0.704225352112676,6.093456029891968,3601.4875502586365
117,100,100,26,0.6538461538461539,0.6153846153846154,0.622004508972168,3602.3446550369263
118,100,100,46,0.717391304347826,0.5869565217391305,1.648592472076416,3602.279271841049
119,100,100,83,0.8554216867469879,0.8795180722891566,8.26503324508667,160.09440326690674
120,100,100,1,1.0,1.0,0.08276963233947754,0.6331536769866943
121,100,100,78,0.782051282051282,0.7692307692307693,6.531074285507202,2941.61021900177
122,100,100,98,0.9795918367346939,0.9795918367346939,4.424986839294434,8.758203506469727
123,100,100,33,0.6060606060606061,0.48484848484848486,0.7092041969299316,3602.2603838443756
124,100,100,53,0.6792452830188679,0.660377358490566,1.9283227920532227,3602.1563127040863
125,50,50,40,0.85,0.8,0.4127967357635498,3.040492534637451
126,100,100,8,0.75,0.875,0.14290857315063477,1153.0382273197174
127,100,100,93,0.9247311827956989,0.9247311827956989,11.251395225524902,7.462676286697388
128,100,100,48,0.6875,0.5208333333333334,1.9395849704742432,3602.2608988285065
129,50,50,35,0.7714285714285715,0.7142857142857143,0.5059151649475098,22.09892439842224
130,100,100,3,0.6666666666666666,0.6666666666666666,0.13768315315246582,0.9985594749450684
131,50,50,10,0.7,0.7,0.05238485336303711,26.87830877304077
132,100,100,4,1.0,1.0,0.09626245498657227,1.449333906173706
133,100,100,89,0.8764044943820225,0.8764044943820225,12.088207721710205,11.535137176513672
134,100,100,100,1.0,1.0,1.0495045185089111,0.38371872901916504
135,100,100,44,0.5909090909090909,0.4772727272727273,1.8520724773406982,3602.523053407669
136,100,100,64,0.671875,0.6875,3.3934264183044434,3602.2002079486847
137,50,50,5,1.0,1.0,0.02812504768371582,1.3966894149780273
138,100,100,86,0.8604651162790697,0.8837209302325582,8.081396341323853,168.9071340560913
139,100,100,19,0.7368421052631579,0.7368421052631579,0.4019629955291748,3602.3194556236267
140,100,100,59,0.6101694915254238,0.6949152542372882,5.0474629402160645,3602.5995304584503
141,100,100,70,0.7142857142857143,0.7,5.7119059562683105,3602.210013151169
142,100,100,14,0.7142857142857143,0.7142857142857143,0.26371216773986816,3602.4268851280212
143,100,100,34,0.6176470588235294,0.7941176470588235,0.8330433368682861,3602.515438556671
144,50,50,21,0.6190476190476191,0.42857142857142855,0.15421056747436523,665.9104111194611
145,50,50,12,0.75,0.5,0.06830000877380371,151.30687952041626
146,50,50,32,0.5625,0.6875,0.25402045249938965,43.18091893196106
147,100,100,66,0.7272727272727273,0.6818181818181818,3.7922985553741455,3602.1151094436646
148,50,50,27,0.48148148148148145,0.4444444444444444,0.18698406219482422,513.8882291316986
149,100,100,41,0.6829268292682927,0.5365853658536586,1.0364220142364502,3602.243397474289
150,50,50,28,0.75,0.75,0.2524988651275635,250.22997641563416
151,100,100,81,0.8271604938271605,0.7901234567901234,9.961115598678589,1379.9551405906677
152,100,100,36,0.6388888888888888,0.7222222222222222,0.8003954887390137,3602.263872861862
153,50,50,23,0.6956521739130435,0.6086956521739131,0.11455082893371582,316.19807481765747
154,50,50,43,0.8837209302325582,0.8604651162790697,0.45317673683166504,2.210343360900879
155,100,100,51,0.6274509803921569,0.6274509803921569,2.324118137359619,3602.548239469528
156,50,50,38,0.8421052631578947,0.7105263157894737,0.36040687561035156,22.11874508857727
157,100,100,6,0.8333333333333334,0.8333333333333334,0.12867474555969238,16.87850546836853
158,50,50,13,0.7692307692307693,0.6923076923076923,0.06995797157287598,153.03551387786865
159,50,50,50,1.0,1.0,0.07488179206848145,0.11333417892456055
160,100,100,92,0.9239130434782609,0.9130434782608695,9.84747862815857,24.467228651046753
161,100,100,47,0.6808510638297872,0.5957446808510638,2.205357313156128,3602.498025417328
162,100,100,58,0.7241379310344828,0.6379310344827587,2.2081544399261475,3602.274594068527
163,50,50,45,0.8888888888888888,0.9111111111111111,0.8100087642669678,1.9825365543365479
164,100,100,2,1.0,1.0,0.12334132194519043,0.519594669342041
165,50,50,20,0.6,0.7,0.13246846199035645,810.1208672523499
166,100,100,42,0.5476190476190477,0.5238095238095238,1.9195733070373535,3602.228811264038
167,100,100,99,0.98989898989899,0.98989898989899,2.230822801589966,0.36725878715515137
168,100,100,17,0.5882352941176471,0.6470588235294118,0.29589056968688965,3602.2703201770782
169,100,100,54,0.7777777777777778,0.5740740740740741,4.236920356750488,3602.1848516464233
170,50,50,15,0.8666666666666667,0.7333333333333333,0.07100582122802734,183.43353533744812
171,100,100,94,0.9468085106382979,0.9361702127659575,10.08017897605896,6.880107641220093
172,100,100,49,0.5918367346938775,0.5714285714285714,1.6190531253814697,3602.1427149772644
173,100,100,69,0.7246376811594203,0.7101449275362319,4.7998738288879395,3602.333381175995
174,100,100,24,0.7083333333333334,0.75,0.5516185760498047,3602.262618780136
175,50,50,11,0.6363636363636364,0.5454545454545454,0.07799792289733887,204.98415684700012
176,100,100,84,0.8571428571428571,0.8333333333333334,9.813738822937012,79.14494752883911
177,100,100,39,0.717948717948718,0.717948717948718,1.0671253204345703,3602.290422677994
178,50,50,26,0.38461538461538464,0.5769230769230769,0.19917774200439453,539.0338234901428
179,100,100,80,0.825,0.8,4.91773533821106,847.6163120269775
180,100,100,91,0.9120879120879121,0.9120879120879121,7.920213937759399,10.316291093826294
181,100,100,35,0.6857142857142857,0.6571428571428571,1.008758306503296,3602.3020882606506
182,50,50,33,0.7272727272727273,0.6666666666666666,0.19518518447875977,83.75652194023132
183,50,50,8,0.75,0.75,0.05041909217834473,5.982828140258789
184,100,100,30,0.6333333333333333,0.6666666666666666,0.9166259765625,3602.257793903351
185,100,100,87,0.8735632183908046,0.8620689655172413,8.265483856201172,54.61616015434265
186,50,50,48,0.9583333333333334,0.9583333333333334,0.39560532569885254,1.1242687702178955
187,100,100,5,0.8,1.0,0.15613031387329102,6.505601644515991
188,50,50,3,0.6666666666666666,0.6666666666666666,0.019286394119262695,0.18780040740966797
189,100,100,82,0.8292682926829268,0.8048780487804879,8.023139238357544,377.6630697250366
190,100,100,37,0.6216216216216216,0.6216216216216216,1.0299251079559326,3602.7732303142548
191,100,100,57,0.5964912280701754,0.5964912280701754,3.2518153190612793,3602.099412918091
192,50,50,44,0.8636363636363636,0.8636363636363636,0.8563978672027588,2.549539089202881
193,100,100,12,0.6666666666666666,0.6666666666666666,0.2409050464630127,3601.827214717865
194,100,100,97,0.979381443298969,0.9690721649484536,11.773360013961792,8.396233320236206
195,100,100,52,0.6153846153846154,0.5769230769230769,2.3386034965515137,3602.9475564956665
196,100,100,72,0.7916666666666666,0.75,6.2018883228302,3602.3259060382843
197,100,100,7,0.8571428571428571,0.8571428571428571,0.1949763298034668,1033.1767332553864
198,100,100,27,0.7777777777777778,0.7407407407407407,0.6654584407806396,3602.3105046749115
199,50,50,14,0.6428571428571429,0.5714285714285714,0.08661723136901855,247.25892448425293
200,50,50,25,0.64,0.56,0.19294142723083496,272.12538504600525
201,100,100,67,0.7164179104477612,0.7014925373134329,5.313868284225464,3602.193252801895
202,100,100,22,0.7727272727272727,0.7727272727272727,0.6806836128234863,3602.3752102851868
203,100,100,79,0.7974683544303798,0.7974683544303798,6.471816062927246,1905.448400735855
204,50,50,9,0.8888888888888888,0.8888888888888888,0.04186201095581055,6.3837409019470215
205,100,100,63,0.6984126984126984,0.6825396825396826,4.897194862365723,3602.2589452266693
206,100,100,74,0.7702702702702703,0.7702702702702703,5.506750583648682,3601.2239224910736
207,100,100,18,0.7222222222222222,0.7222222222222222,0.48720669746398926,3602.2492866516113
208,100,100,38,0.6052631578947368,0.631578947368421,1.3038239479064941,3602.4392211437225
209,100,100,29,0.7241379310344828,0.7241379310344828,0.6761720180511475,3602.5393471717834
210,50,50,16,0.5625,0.5,0.06197690963745117,622.1760146617889
211,50,50,36,0.7222222222222222,0.6944444444444444,0.46745753288269043,13.675400018692017
212,50,50,31,0.6774193548387096,0.5806451612903226,0.23065662384033203,184.46353101730347
213,100,100,45,0.6666666666666666,0.5333333333333333,1.0947864055633545,3602.280675172806
214,50,50,6,0.6666666666666666,0.6666666666666666,0.03423738479614258,6.315917015075684
215,100,100,85,0.8705882352941177,0.8588235294117647,8.0436270236969,187.49964380264282
216,100,100,96,0.9583333333333334,0.9583333333333334,7.570239305496216,8.424529552459717
217,50,50,46,0.9130434782608695,0.9130434782608695,0.6284174919128418,1.5178871154785156
218,100,100,40,0.625,0.6,1.2280652523040771,3602.1717042922974
219,100,100,60,0.6666666666666666,0.6,4.232848405838013,3602.2106659412384
220,50,50,1,1.0,1.0,0.015453577041625977,0.12810015678405762
221,100,100,15,0.7333333333333333,0.7333333333333333,0.5743157863616943,3602.3929879665375
222,50,50,2,1.0,1.0,0.01854681968688965,0.15447139739990234
223,100,100,55,0.6727272727272727,0.6545454545454545,2.399742841720581,3602.2054755687714
224,50,50,42,0.8571428571428571,0.8333333333333334,0.5011739730834961,7.7740983963012695
225,100,100,10,0.8,0.8,0.2948148250579834,898.1306667327881
226,50,50,17,0.7058823529411765,0.5882352941176471,0.11101484298706055,567.3847000598907
227,100,100,62,0.7096774193548387,0.6451612903225806,2.856349468231201,3602.176404953003
228,50,50,49,0.9795918367346939,0.9795918367346939,0.16898584365844727,0.13897323608398438
229,50,50,4,1.0,1.0,0.017114877700805664,0.43900299072265625
230,50,50,24,0.5833333333333334,0.5833333333333334,0.11071467399597168,347.88831067085266
231,100,100,77,0.7922077922077922,0.7922077922077922,5.169126987457275,3601.0455272197723
232,100,100,21,0.6666666666666666,0.6666666666666666,0.7361319065093994,3602.3084037303925
233,100,100,32,0.75,0.75,0.7433109283447266,3602.5788397789
234,50,50,19,0.7894736842105263,0.7368421052631579,0.12937521934509277,1779.3738610744476
235,50,50,39,0.7948717948717948,0.7692307692307693,0.43346309661865234,10.12130331993103
236,100,100,73,0.7945205479452054,0.7123287671232876,3.368835926055908,3600.901080608368
237,50,50,34,0.7352941176470589,0.7058823529411765,0.26111340522766113,49.45155477523804
238,100,100,28,0.8214285714285714,0.7142857142857143,0.7071962356567383,3602.318253517151
239,100,100,68,0.7058823529411765,0.6911764705882353,3.228191375732422,3602.364241838455
240,100,100,88,0.875,0.8636363636363636,5.646113872528076,28.42098641395569
241,100,100,23,0.7391304347826086,0.7391304347826086,0.8065228462219238,3602.16774058342
242,100,100,43,0.627906976744186,0.6511627906976745,1.1547696590423584,3602.329313993454
243,50,50,30,0.7333333333333333,0.6333333333333333,0.21910572052001953,49.70716619491577
244,50,50,41,0.7804878048780488,0.8292682926829268,0.5905275344848633,8.75350308418274
245,100,100,75,0.7733333333333333,0.7466666666666667,6.807016372680664,3601.563397884369
246,100,100,95,0.9578947368421052,0.9578947368421052,24.531404972076416,7.264759540557861
247,100,100,13,0.9230769230769231,0.8461538461538461,0.23419713973999023,3602.3427407741547
248,100,100,50,0.6,0.58,2.575019359588623,3602.330400943756
249,50,50,37,0.7297297297297297,0.7027027027027027,0.45351552963256836,9.346723079681396
250,100,100,25,0.68,0.72,0.5671792030334473,3602.3411893844604
251,100,100,90,0.9111111111111111,0.9111111111111111,10.430088520050049,21.38894271850586
252,100,100,65,0.6923076923076923,0.6461538461538462,5.1616668701171875,3602.0367670059204
253,100,100,9,0.8888888888888888,0.8888888888888888,0.16939496994018555,468.27818059921265
254,100,100,20,0.75,0.75,0.4660217761993408,3602.391371488571
255,50,50,7,0.8571428571428571,0.8571428571428571,0.03215456008911133,3.3623502254486084
256,50,50,47,0.9361702127659575,0.9574468085106383,0.6872074604034424,1.5520191192626953
257,100,100,61,0.6721311475409836,0.6721311475409836,3.1183154582977295,3602.1902165412903
258,50,50,22,0.6818181818181818,0.5909090909090909,0.12526798248291016,1029.9955790042877
259,100,100,16,0.625,0.625,0.27416467666625977,3602.423440217972
260,100,100,56,0.5892857142857143,0.625,2.6022372245788574,3602.244775533676
261,100,100,76,0.7763157894736842,0.7763157894736842,5.593254804611206,3600.89284825325
262,100,100,11,0.6363636363636364,0.7272727272727273,0.2976372241973877,3602.56902384758
263,100,100,31,0.6129032258064516,0.6129032258064516,0.9478940963745117,3602.33456158638
264,50,50,18,0.6666666666666666,0.5555555555555556,0.10494303703308105,354.6329028606415
265,50,50,29,0.6551724137931034,0.5517241379310345,0.23346400260925293,179.150484085083
266,100,100,71,0.7323943661971831,0.7464788732394366,4.384652614593506,3601.7634806632996
267,100,100,26,0.6538461538461539,0.7307692307692307,0.5503699779510498,3602.373658180237
268,100,100,46,0.6521739130434783,0.6086956521739131,1.9130003452301025,3602.2998123168945
269,100,100,83,0.8192771084337349,0.8313253012048193,9.244247674942017,138.33097386360168
270,100,100,1,1.0,1.0,0.08534884452819824,0.39378833770751953
271,100,100,78,0.8076923076923077,0.7692307692307693,5.493549823760986,3601.1773805618286
272,100,100,98,0.9795918367346939,0.9795918367346939,6.582277297973633,7.90373969078064
273,100,100,33,0.6666666666666666,0.696969696969697,1.1071701049804688,3602.402088165283
274,100,100,53,0.6226415094339622,0.5849056603773585,2.479247570037842,3602.3254210948944
275,50,50,40,0.825,0.8,0.514411211013794,3.277700662612915
276,100,100,8,0.875,0.875,0.14229774475097656,153.30228638648987
277,100,100,93,0.9354838709677419,0.9354838709677419,10.593710660934448,7.039350986480713
278,100,100,48,0.6458333333333334,0.6458333333333334,1.2952520847320557,3602.266359090805
279,50,50,35,0.7142857142857143,0.7428571428571429,0.3472404479980469,71.02923631668091
280,100,100,3,1.0,1.0,0.13512229919433594,0.7439310550689697
281,50,50,10,0.8,0.8,0.0540621280670166,37.271825551986694
282,100,100,4,0.75,0.75,0.11526918411254883,3.5248420238494873
283,100,100,89,0.8764044943820225,0.8876404494382022,9.608531475067139,19.804572582244873
284,100,100,100,1.0,1.0,0.9255790710449219,0.3772575855255127
285,100,100,44,0.5909090909090909,0.6136363636363636,1.8514175415039062,3602.2675788402557
286,100,100,64,0.703125,0.75,4.1142802238464355,3602.489644765854
287,50,50,5,1.0,1.0,0.02555370330810547,0.8516600131988525
288,100,100,86,0.8488372093023255,0.872093023255814,9.19352674484253,141.40226888656616
289,100,100,19,0.7894736842105263,0.8421052631578947,0.2931394577026367,3602.6154386997223
290,100,100,59,0.6779661016949152,0.6271186440677966,2.643794059753418,3602.2741405963898
291,100,100,70,0.7,0.7428571428571429,4.348654508590698,3602.171650648117
292,100,100,14,0.8571428571428571,0.7857142857142857,0.33695554733276367,3602.459204673767
293,100,100,34,0.7352941176470589,0.5882352941176471,1.0646021366119385,3602.4713592529297
294,50,50,21,0.5714285714285714,0.7619047619047619,0.1525106430053711,173.57002210617065
295,50,50,12,0.75,0.6666666666666666,0.05289483070373535,294.04050970077515
296,50,50,32,0.6875,0.625,0.23154997825622559,107.15296649932861
297,100,100,66,0.7121212121212122,0.6818181818181818,5.160714149475098,3602.1543247699738
298,50,50,27,0.7407407407407407,0.7037037037037037,0.17673015594482422,396.0106010437012
299,100,100,41,0.6585365853658537,0.4878048780487805,1.5969030857086182,3602.281165122986
300,50,50,28,0.5357142857142857,0.5714285714285714,0.26450443267822266,194.08556962013245
301,100,100,81,0.8271604938271605,0.7901234567901234,6.2559449672698975,620.9048249721527
302,100,100,36,0.6111111111111112,0.6388888888888888,1.1120386123657227,3602.1639063358307
303,50,50,23,0.6521739130434783,0.8260869565217391,0.15482497215270996,1030.2649056911469
304,50,50,43,0.8372093023255814,0.8604651162790697,0.6930372714996338,3.397588014602661
305,100,100,51,0.6666666666666666,0.6470588235294118,1.802647352218628,3602.1810121536255
306,50,50,38,0.7894736842105263,0.8157894736842105,0.6529500484466553,11.42469835281372
307,100,100,6,1.0,1.0,0.12987899780273438,16.758047819137573
308,50,50,13,0.8461538461538461,0.8461538461538461,0.04849433898925781,104.17814135551453
309,50,50,50,1.0,1.0,0.08618950843811035,0.11954188346862793
310,100,100,92,0.9239130434782609,0.9130434782608695,10.297797679901123,16.956427097320557
311,100,100,47,0.6808510638297872,0.6595744680851063,1.6617233753204346,3602.268636226654
312,100,100,58,0.7413793103448276,0.7068965517241379,3.7310171127319336,3602.3499054908752
313,50,50,45,0.8888888888888888,0.8888888888888888,0.6543281078338623,2.094043254852295
314,100,100,2,1.0,1.0,0.09035468101501465,0.483320951461792
315,50,50,20,0.55,0.5,0.09864950180053711,925.5771315097809
316,100,100,42,0.6666666666666666,0.5714285714285714,1.6656508445739746,3602.280307531357
317,100,100,99,0.98989898989899,0.98989898989899,2.3967769145965576,0.403980016708374
318,100,100,17,0.7647058823529411,0.6470588235294118,0.4120292663574219,3602.460285425186
319,100,100,54,0.7222222222222222,0.6851851851851852,2.3798415660858154,3602.3393256664276
320,50,50,15,0.4,0.6666666666666666,0.10292410850524902,162.2270166873932
321,100,100,94,0.9468085106382979,0.9468085106382979,13.908531904220581,6.862913370132446
322,100,100,49,0.5918367346938775,0.5102040816326531,2.122898578643799,3602.3228228092194
323,100,100,69,0.6666666666666666,0.7246376811594203,4.773855447769165,3601.8454427719116
324,100,100,24,0.7083333333333334,0.6666666666666666,0.5621020793914795,3602.5776646137238
325,50,50,11,0.7272727272727273,0.7272727272727273,0.05839967727661133,47.98521065711975
326,100,100,84,0.8452380952380952,0.8690476190476191,7.163627862930298,374.33663630485535
327,100,100,39,0.7948717948717948,0.6153846153846154,1.2863132953643799,3602.2759914398193
328,50,50,26,0.6923076923076923,0.6153846153846154,0.2293839454650879,176.544198513031
329,100,100,80,0.7875,0.775,9.463379621505737,1062.100517988205
330,100,100,91,0.9120879120879121,0.9120879120879121,7.850019216537476,33.386714458465576
331,100,100,35,0.6,0.6,0.9994430541992188,3602.2627215385437
332,50,50,33,0.6363636363636364,0.6363636363636364,0.44974279403686523,12.534608125686646
333,50,50,8,0.625,0.625,0.05233120918273926,7.065853834152222
334,100,100,30,0.7333333333333333,0.6666666666666666,0.5451769828796387,3602.4373681545258
335,100,100,87,0.8850574712643678,0.8620689655172413,10.031307458877563,97.39958310127258
336,50,50,48,0.9583333333333334,0.9583333333333334,0.46852731704711914,1.1735033988952637
337,100,100,5,1.0,1.0,0.17789816856384277,14.037773370742798
338,50,50,3,0.6666666666666666,0.6666666666666666,0.018994808197021484,0.2895023822784424
339,100,100,82,0.8658536585365854,0.8170731707317073,6.928014516830444,348.4346661567688
340,100,100,37,0.6216216216216216,0.6486486486486487,1.553544044494629,3602.411231279373
341,100,100,57,0.6140350877192983,0.543859649122807,3.2541868686676025,3602.341705083847
342,50,50,44,0.8636363636363636,0.8636363636363636,0.5458393096923828,2.568314552307129
343,100,100,12,0.9166666666666666,0.9166666666666666,0.22729778289794922,3602.193349838257
344,100,100,97,0.9690721649484536,0.9690721649484536,8.442732095718384,8.26925539970398
345,100,100,52,0.6730769230769231,0.5384615384615384,3.082977294921875,3602.327455997467
346,100,100,72,0.7361111111111112,0.7222222222222222,3.9691884517669678,3601.801226377487
347,100,100,7,0.7142857142857143,0.7142857142857143,0.2271571159362793,330.0841293334961
348,100,100,27,0.7407407407407407,0.7407407407407407,0.8340260982513428,3602.3772265911102
349,50,50,14,0.5714285714285714,0.6428571428571429,0.09921574592590332,174.51257419586182
350,50,50,25,0.6,0.64,0.15021991729736328,232.52340579032898
351,100,100,67,0.7014925373134329,0.7164179104477612,4.511157512664795,3602.373249769211
352,100,100,22,0.6818181818181818,0.7727272727272727,0.5278546810150146,3602.4944367408752
353,100,100,79,0.8227848101265823,0.759493670886076,9.176341772079468,3249.699305295944
354,50,50,9,0.6666666666666666,0.6666666666666666,0.056023359298706055,34.7796790599823
355,100,100,63,0.6984126984126984,0.6190476190476191,3.495112895965576,3602.2527706623077
356,100,100,74,0.7702702702702703,0.7432432432432432,4.250044345855713,3601.391405105591
357,100,100,18,0.8888888888888888,0.8888888888888888,0.39206528663635254,3602.3759305477142
358,100,100,38,0.7368421052631579,0.6842105263157895,1.5176315307617188,3602.367908477783
359,100,100,29,0.6896551724137931,0.6551724137931034,0.7640960216522217,3602.1910450458527
360,50,50,16,0.625,0.6875,0.07944941520690918,888.4765434265137
361,50,50,36,0.7777777777777778,0.7222222222222222,0.4468677043914795,23.841557264328003
362,50,50,31,0.6129032258064516,0.5806451612903226,0.2917795181274414,25.90120220184326
363,100,100,45,0.6666666666666666,0.6888888888888889,1.7313282489776611,3602.369993209839
364,50,50,6,0.8333333333333334,0.8333333333333334,0.046776533126831055,4.1618993282318115
365,100,100,85,0.8352941176470589,0.8941176470588236,6.954059600830078,146.453058719635
366,100,100,96,0.9583333333333334,0.9583333333333334,10.97013807296753,5.968102693557739
367,50,50,46,0.9130434782608695,0.9130434782608695,1.132171869277954,1.6556572914123535
368,100,100,40,0.65,0.7,1.3045294284820557,3602.359498977661
369,100,100,60,0.6,0.6333333333333333,3.652658462524414,3602.3589475154877
370,50,50,1,1.0,1.0,0.017298460006713867,0.11485600471496582
371,100,100,15,0.6666666666666666,0.6666666666666666,0.40792012214660645,3602.519419193268
372,50,50,2,1.0,1.0,0.017827272415161133,0.2015540599822998
373,100,100,55,0.6363636363636364,0.6727272727272727,2.845947027206421,3602.346466779709
374,50,50,42,0.8095238095238095,0.8571428571428571,0.9354403018951416,2.062880754470825
375,100,100,10,0.9,0.9,0.1534595489501953,975.659038066864
376,50,50,17,0.5882352941176471,0.5882352941176471,0.11836028099060059,431.1017470359802
377,100,100,62,0.7096774193548387,0.6290322580645161,3.8433001041412354,3602.369770526886
378,50,50,49,0.9795918367346939,0.9795918367346939,0.20306754112243652,0.15390300750732422
379,50,50,4,0.75,0.75,0.029635906219482422,0.5917565822601318
380,50,50,24,0.625,0.7083333333333334,0.17923569679260254,726.5948212146759
381,100,100,77,0.8181818181818182,0.7792207792207793,7.103930234909058,3601.681557893753
382,100,100,21,0.7619047619047619,0.7142857142857143,0.5656654834747314,3602.3982043266296
383,100,100,32,0.59375,0.53125,1.1106290817260742,3602.402564048767
384,50,50,19,0.7368421052631579,0.7368421052631579,0.14275527000427246,289.5518455505371
385,50,50,39,0.7948717948717948,0.7948717948717948,0.39505720138549805,6.609682559967041
386,100,100,73,0.7671232876712328,0.7397260273972602,4.754927635192871,3601.5564970970154
387,50,50,34,0.7352941176470589,0.6764705882352942,0.387373685836792,41.64891982078552
388,100,100,28,0.6428571428571429,0.6428571428571429,0.8064548969268799,3602.4044318199158
389,100,100,68,0.7352941176470589,0.6764705882352942,4.031573057174683,3601.6272349357605
390,100,100,88,0.875,0.8863636363636364,8.434688806533813,30.946787357330322
391,100,100,23,0.782608695652174,0.782608695652174,0.5368309020996094,3602.319986104965
392,100,100,43,0.6744186046511628,0.6976744186046512,2.1521263122558594,3602.4215993881226
393,50,50,30,0.6,0.6,0.34185051918029785,78.8458080291748
394,50,50,41,0.8292682926829268,0.8048780487804879,0.4051029682159424,2.345595359802246
395,100,100,75,0.7733333333333333,0.7733333333333333,9.94133973121643,2359.9096400737762
396,100,100,95,0.9473684210526315,0.9473684210526315,8.522145986557007,6.15599250793457
397,100,100,13,0.6923076923076923,0.6923076923076923,0.26563549041748047,3602.49192070961
398,100,100,50,0.74,0.56,1.8605482578277588,3602.3686611652374
399,50,50,37,0.8378378378378378,0.7297297297297297,0.36449313163757324,13.77839708328247
400,100,100,25,0.56,0.56,0.7099740505218506,3602.4553792476654
401,100,100,90,0.9,0.9,12.344210147857666,27.37718439102173
402,100,100,65,0.6461538461538462,0.676923076923077,3.2707712650299072,3602.2163701057434
403,100,100,9,0.8888888888888888,0.8888888888888888,0.23787260055541992,460.7901110649109
404,100,100,20,0.8,0.8,0.577221155166626,3602.463871240616
405,50,50,7,0.8571428571428571,0.8571428571428571,0.03985786437988281,6.95628547668457
406,50,50,47,0.9361702127659575,0.9361702127659575,0.5275182723999023,1.3462419509887695
407,100,100,61,0.6229508196721312,0.6885245901639344,4.8867714405059814,3602.2502768039703
408,50,50,22,0.5,0.45454545454545453,0.17924261093139648,527.474748134613
409,100,100,16,0.875,0.8125,0.3629734516143799,3602.393395423889
410,100,100,56,0.6785714285714286,0.6607142857142857,2.910254955291748,3602.3993339538574
411,100,100,76,0.7894736842105263,0.7368421052631579,7.278140306472778,2073.7753298282623
412,100,100,11,0.9090909090909091,0.9090909090909091,0.22307491302490234,3601.2452363967896
413,100,100,31,0.6774193548387096,0.6774193548387096,0.9987919330596924,3602.3203797340393
414,50,50,18,0.6666666666666666,0.6111111111111112,0.11863350868225098,918.5076036453247
415,50,50,29,0.6206896551724138,0.6551724137931034,0.23688006401062012,264.7647931575775
416,100,100,71,0.7183098591549296,0.7464788732394366,6.014648199081421,3602.1041238307953
417,100,100,26,0.7307692307692307,0.7692307692307693,0.7180755138397217,3602.510185956955
418,100,100,46,0.5652173913043478,0.5,2.368539333343506,3602.340441942215
419,100,100,83,0.8433734939759037,0.8433734939759037,11.982062101364136,345.1887001991272
420,100,100,1,1.0,1.0,0.08022761344909668,0.41243934631347656
421,100,100,78,0.7948717948717948,0.782051282051282,6.570802927017212,425.82500767707825
422,100,100,98,0.9795918367346939,0.9795918367346939,8.249393463134766,7.535834550857544
423,100,100,33,0.6363636363636364,0.6363636363636364,0.683394193649292,3602.3129482269287
424,100,100,53,0.7169811320754716,0.5660377358490566,2.256063461303711,3602.3684828281403
425,50,50,40,0.825,0.8,0.637775182723999,7.7297234535217285
426,100,100,8,1.0,1.0,0.15854406356811523,273.68989539146423
427,100,100,93,0.946236559139785,0.9247311827956989,7.093138217926025,9.0023193359375
428,100,100,48,0.5416666666666666,0.5625,2.3017256259918213,3602.2863340377808
429,50,50,35,0.6571428571428571,0.6857142857142857,0.4215238094329834,49.89319658279419
430,100,100,3,1.0,1.0,0.12235569953918457,0.9528729915618896
431,50,50,10,0.8,0.7,0.05646681785583496,34.519256830215454
432,100,100,4,1.0,1.0,0.13614296913146973,2.3265655040740967
433,100,100,89,0.8876404494382022,0.898876404494382,14.649169683456421,28.242279291152954
434,100,100,100,1.0,1.0,1.058694839477539,0.45847463607788086
435,100,100,44,0.6818181818181818,0.6590909090909091,1.56205153465271,3602.347137928009
436,100,100,64,0.6875,0.703125,5.379031658172607,3602.289206981659
437,50,50,5,1.0,1.0,0.030863046646118164,0.7351839542388916
438,100,100,86,0.8372093023255814,0.872093023255814,7.834549427032471,162.46019411087036
439,100,100,19,0.631578947368421,0.7368421052631579,0.5617549419403076,3602.4906721115112
440,100,100,59,0.711864406779661,0.5932203389830508,5.292667865753174,3602.268983602524
441,100,100,70,0.7285714285714285,0.7,4.3383400440216064,3602.0019977092743
442,100,100,14,0.6428571428571429,0.5714285714285714,0.31241607666015625,3602.477207660675
443,100,100,34,0.6764705882352942,0.5588235294117647,0.7293612957000732,3602.489548921585
444,50,50,21,0.7142857142857143,0.47619047619047616,0.12197303771972656,420.3664495944977
445,50,50,12,0.6666666666666666,0.6666666666666666,0.09128952026367188,88.39192795753479
446,50,50,32,0.6875,0.625,0.30426549911499023,113.71970963478088
447,100,100,66,0.7121212121212122,0.696969696969697,3.208117961883545,3602.314626932144
448,50,50,27,0.6296296296296297,0.5185185185185185,0.18948864936828613,146.97098803520203
449,100,100,41,0.7317073170731707,0.7073170731707317,1.5833289623260498,3602.3004212379456
450,50,50,28,0.7142857142857143,0.6428571428571429,0.24287104606628418,270.5051739215851
451,100,100,81,0.8148148148148148,0.8024691358024691,16.3102970123291,519.5376696586609
452,100,100,36,0.6111111111111112,0.6944444444444444,1.6610751152038574,3602.3813025951385
453,50,50,23,0.6521739130434783,0.5652173913043478,0.13959407806396484,1269.2095642089844
454,50,50,43,0.8604651162790697,0.8372093023255814,0.7009153366088867,2.7608401775360107
455,100,100,51,0.7058823529411765,0.5686274509803921,2.3550727367401123,3602.3699605464935
456,50,50,38,0.7368421052631579,0.7631578947368421,0.48760199546813965,19.263535261154175
457,100,100,6,1.0,1.0,0.14241290092468262,47.07690763473511
458,50,50,13,0.46153846153846156,0.23076923076923078,0.08587503433227539,736.840743303299
459,50,50,50,1.0,1.0,0.0903933048248291,0.15116620063781738
460,100,100,92,0.9239130434782609,0.9130434782608695,18.059394359588623,10.414954423904419
461,100,100,47,0.6595744680851063,0.574468085106383,1.4167566299438477,3602.378566980362
462,100,100,58,0.6724137931034483,0.6206896551724138,3.782461643218994,3602.28794836998
463,50,50,45,0.8888888888888888,0.8888888888888888,1.0644481182098389,1.7820310592651367
464,100,100,2,1.0,1.0,0.12174582481384277,0.5185103416442871
465,50,50,20,0.6,0.65,0.11020278930664062,2044.010015964508
466,100,100,42,0.6904761904761905,0.42857142857142855,1.3970246315002441,3602.3137907981873
467,100,100,99,0.98989898989899,1.0,2.3412091732025146,0.3931858539581299
468,100,100,17,0.7647058823529411,0.7058823529411765,0.29401731491088867,3602.624895095825
469,100,100,54,0.5925925925925926,0.5925925925925926,2.987517833709717,3602.202738046646
470,50,50,15,0.4666666666666667,0.4666666666666667,0.06838750839233398,253.222092628479
471,100,100,94,0.9361702127659575,0.9468085106382979,18.338011980056763,6.741428852081299
472,100,100,49,0.5714285714285714,0.673469387755102,2.8819456100463867,3602.2822716236115
473,100,100,69,0.782608695652174,0.7681159420289855,4.450993299484253,3601.6112775802612
474,100,100,24,0.7083333333333334,0.7083333333333334,0.4922358989715576,3602.233643770218
475,50,50,11,0.9090909090909091,0.7272727272727273,0.05126690864562988,25.15800166130066
476,100,100,84,0.8452380952380952,0.8690476190476191,11.010871887207031,148.16549587249756
477,100,100,39,0.6666666666666666,0.5641025641025641,1.2400400638580322,3602.3285434246063
478,50,50,26,0.5769230769230769,0.5769230769230769,0.2905290126800537,375.5468182563782
479,100,100,80,0.8,0.775,7.240462303161621,2419.8986706733704
480,100,100,91,0.9010989010989011,0.9230769230769231,11.267351865768433,31.86774516105652
481,100,100,35,0.6285714285714286,0.5428571428571428,1.0047998428344727,3602.4172928333282
482,50,50,33,0.7575757575757576,0.6363636363636364,0.31993818283081055,95.04781770706177
483,50,50,8,0.5,0.5,0.03020024299621582,13.86982798576355
484,100,100,30,0.6666666666666666,0.6666666666666666,0.9712355136871338,3602.3420662879944
485,100,100,87,0.8735632183908046,0.8850574712643678,9.894921064376831,85.53219819068909
486,50,50,48,0.9583333333333334,0.9583333333333334,0.6291601657867432,1.2652003765106201
487,100,100,5,0.8,0.8,0.17530059814453125,4.541994094848633
488,50,50,3,0.6666666666666666,0.6666666666666666,0.031155109405517578,0.2747228145599365
489,100,100,82,0.8292682926829268,0.8048780487804879,8.077635288238525,71.5138533115387
490,100,100,37,0.6216216216216216,0.5675675675675675,1.0215044021606445,3602.3455345630646
491,100,100,57,0.6666666666666666,0.631578947368421,3.4551424980163574,3602.2941348552704
492,50,50,44,0.8636363636363636,0.9090909090909091,0.4967362880706787,2.204789876937866
493,100,100,12,1.0,1.0,0.21107959747314453,3602.2729427814484
494,100,100,97,0.9690721649484536,0.9690721649484536,8.951260328292847,5.410075426101685
495,100,100,52,0.5961538461538461,0.5961538461538461,2.4526407718658447,3602.6205563545227
496,100,100,72,0.75,0.6944444444444444,6.01563286781311,3601.939650297165
497,100,100,7,1.0,1.0,0.1926743984222412,123.0393807888031
498,100,100,27,0.7407407407407407,0.7407407407407407,0.7968194484710693,3602.263163328171
499,50,50,14,0.9285714285714286,0.9285714285714286,0.09013533592224121,76.70880031585693
500,50,50,25,0.72,0.72,0.1570110321044922,287.65379881858826
501,100,100,67,0.7611940298507462,0.6716417910447762,3.991239070892334,3602.3121173381805
502,100,100,22,0.6363636363636364,0.7272727272727273,0.5173697471618652,3602.415145635605
503,100,100,79,0.7974683544303798,0.7974683544303798,5.670932054519653,925.077347278595
504,50,50,9,0.7777777777777778,0.6666666666666666,0.044565677642822266,14.201069593429565
505,100,100,63,0.6031746031746031,0.6031746031746031,3.0007472038269043,3602.2627670764923
506,100,100,74,0.8108108108108109,0.7297297297297297,4.079542875289917,3602.0851213932037
507,100,100,18,0.7222222222222222,0.7222222222222222,0.3886265754699707,3602.3420107364655
508,100,100,38,0.6842105263157895,0.5263157894736842,0.7429811954498291,3602.246592760086
509,100,100,29,0.6206896551724138,0.6551724137931034,0.5469720363616943,3602.1572139263153
510,50,50,16,0.5,0.5,0.06821870803833008,189.074964761734
511,50,50,36,0.7222222222222222,0.7777777777777778,0.43944478034973145,22.376307487487793
512,50,50,31,0.6129032258064516,0.5806451612903226,0.3620107173919678,102.45746445655823
513,100,100,45,0.5777777777777777,0.5555555555555556,1.8470699787139893,3602.387852907181
514,50,50,6,0.6666666666666666,0.6666666666666666,0.04372453689575195,10.711744546890259
515,100,100,85,0.8470588235294118,0.8470588235294118,13.469749212265015,268.29263138771057
516,100,100,96,0.9583333333333334,0.96875,17.892747402191162,6.2071545124053955
517,50,50,46,0.9130434782608695,0.9130434782608695,0.5057995319366455,1.881866455078125
518,100,100,40,0.65,0.65,1.135765552520752,3602.4606533050537
519,100,100,60,0.7333333333333333,0.7,2.9001309871673584,3602.5412418842316
520,50,50,1,1.0,1.0,0.019662857055664062,0.1846623420715332
521,100,100,15,0.7333333333333333,0.7333333333333333,0.3012068271636963,3602.476482152939
522,50,50,2,0.5,0.5,0.021297454833984375,0.20412755012512207
523,100,100,55,0.6363636363636364,0.6363636363636364,1.8338186740875244,3602.399561405182
524,50,50,42,0.8095238095238095,0.8095238095238095,0.6926946640014648,2.3097705841064453
525,100,100,10,0.9,0.9,0.2542273998260498,2141.779266834259
526,50,50,17,0.5882352941176471,0.5882352941176471,0.08667945861816406,281.9370000362396
527,100,100,62,0.6935483870967742,0.6774193548387096,3.624776601791382,3602.2792825698853
528,50,50,49,0.9795918367346939,0.9795918367346939,0.2010815143585205,0.12096714973449707
529,50,50,4,0.75,0.75,0.027886390686035156,0.5522975921630859
530,50,50,24,0.7916666666666666,0.5416666666666666,0.18845367431640625,907.3919446468353
531,100,100,77,0.7662337662337663,0.7662337662337663,5.909443140029907,3302.002977371216
532,100,100,21,0.6666666666666666,0.7142857142857143,0.4590573310852051,3602.3529217243195
533,100,100,32,0.53125,0.5625,0.8855445384979248,3602.271275997162
534,50,50,19,0.631578947368421,0.5263157894736842,0.11168384552001953,689.037092924118
535,50,50,39,0.7692307692307693,0.7692307692307693,0.5281195640563965,6.203097581863403
536,100,100,73,0.7945205479452054,0.726027397260274,5.258152961730957,3601.828370332718
537,50,50,34,0.7941176470588235,0.6764705882352942,0.28408050537109375,36.76938581466675
538,100,100,28,0.7857142857142857,0.7857142857142857,1.0474514961242676,3602.578481197357
539,100,100,68,0.6764705882352942,0.6764705882352942,6.561737298965454,3602.2596695423126
540,100,100,88,0.8636363636363636,0.875,18.458091497421265,37.88541841506958
541,100,100,23,0.6956521739130435,0.7391304347826086,0.5361945629119873,3602.4744102954865
542,100,100,43,0.7209302325581395,0.6046511627906976,1.493586778640747,3602.305633544922
543,50,50,30,0.7333333333333333,0.7,0.17680621147155762,51.8290536403656
544,50,50,41,0.8780487804878049,0.8292682926829268,0.41957640647888184,2.321488857269287
545,100,100,75,0.76,0.7733333333333333,6.607687711715698,3601.74094581604
546,100,100,95,0.9473684210526315,0.9578947368421052,12.842548847198486,7.2749269008636475
547,100,100,13,0.6923076923076923,0.6923076923076923,0.20958518981933594,3602.373186826706
548,100,100,50,0.62,0.58,1.5012891292572021,3602.2270765304565
549,50,50,37,0.7297297297297297,0.7297297297297297,0.3981904983520508,12.374317169189453
550,100,100,25,0.72,0.72,0.6348075866699219,3602.4408452510834
551,100,100,90,0.9111111111111111,0.9,12.110523223876953,9.678571224212646
552,100,100,65,0.6923076923076923,0.6615384615384615,5.063745737075806,3602.2521069049835
553,100,100,9,0.7777777777777778,0.7777777777777778,0.21251225471496582,236.47732496261597
554,100,100,20,0.75,0.75,0.35911107063293457,3602.209716796875
555,50,50,7,0.7142857142857143,0.7142857142857143,0.04470491409301758,5.5485968589782715
556,50,50,47,0.9361702127659575,0.9574468085106383,0.7776308059692383,1.4916505813598633
557,100,100,61,0.6885245901639344,0.7049180327868853,2.9455885887145996,3602.354332923889
558,50,50,22,0.5454545454545454,0.6363636363636364,0.09602475166320801,556.6320395469666
559,100,100,16,0.6875,0.6875,0.35573768615722656,3602.297847032547
560,100,100,56,0.625,0.5714285714285714,2.602691650390625,3602.287417650223
561,100,100,76,0.7763157894736842,0.7894736842105263,5.152960538864136,3601.5048813819885
562,100,100,11,0.9090909090909091,0.9090909090909091,0.21750283241271973,3602.206264734268
563,100,100,31,0.5483870967741935,0.5483870967741935,0.8509342670440674,3602.148855447769
564,50,50,18,0.6666666666666666,0.6111111111111112,0.09524297714233398,205.1215443611145
565,50,50,29,0.7586206896551724,0.6551724137931034,0.20833611488342285,114.99125957489014
566,100,100,71,0.7464788732394366,0.6901408450704225,3.9607677459716797,3602.1152758598328
567,100,100,26,0.7307692307692307,0.7307692307692307,0.7104940414428711,3602.302409172058
568,100,100,46,0.5652173913043478,0.6304347826086957,1.733896255493164,3602.2450239658356
569,100,100,83,0.8072289156626506,0.7951807228915663,9.37923002243042,131.2199625968933
570,100,100,1,1.0,1.0,0.08649420738220215,0.4255554676055908
571,100,100,78,0.7948717948717948,0.782051282051282,6.327565908432007,1840.7669823169708
572,100,100,98,0.9795918367346939,0.9897959183673469,7.043685674667358,5.285220623016357
573,100,100,33,0.696969696969697,0.696969696969697,0.8311479091644287,3602.650399684906
574,100,100,53,0.6226415094339622,0.660377358490566,2.424010753631592,3602.2196357250214
575,50,50,40,0.825,0.75,0.5205240249633789,2.071986436843872
576,100,100,8,0.75,0.75,0.1760096549987793,338.3578414916992
577,100,100,93,0.946236559139785,0.9247311827956989,9.853326797485352,6.986168622970581
578,100,100,48,0.7083333333333334,0.6666666666666666,1.857215166091919,3602.226354598999
579,50,50,35,0.7142857142857143,0.7142857142857143,0.42951178550720215,6.021221160888672
580,100,100,3,1.0,1.0,0.12263321876525879,0.970550537109375
581,50,50,10,0.7,0.7,0.055016517639160156,56.862425088882446
582,100,100,4,0.75,0.75,0.16455340385437012,3.6642210483551025
583,100,100,89,0.8876404494382022,0.898876404494382,19.594771146774292,33.6242401599884
584,100,100,100,1.0,1.0,1.077199935913086,0.40557003021240234
585,100,100,44,0.7272727272727273,0.6818181818181818,1.3114502429962158,3602.394556045532
586,100,100,64,0.671875,0.625,5.219964504241943,3602.215364933014
587,50,50,5,0.8,0.8,0.02335834503173828,1.0328238010406494
588,100,100,86,0.872093023255814,0.8372093023255814,7.2418999671936035,108.06321358680725
589,100,100,19,0.6842105263157895,0.7368421052631579,0.43288111686706543,3602.32497882843
590,100,100,59,0.6610169491525424,0.6271186440677966,2.9620184898376465,3602.3564348220825
591,100,100,70,0.6857142857142857,0.7,6.234650135040283,3601.8071036338806
592,100,100,14,0.8571428571428571,0.8571428571428571,0.33079028129577637,3602.2361307144165
593,100,100,34,0.6470588235294118,0.5882352941176471,0.8255407810211182,3602.149467945099
594,50,50,21,0.7142857142857143,0.5238095238095238,0.11563467979431152,768.5464375019073
595,50,50,12,0.5833333333333334,0.5833333333333334,0.04817318916320801,25.601364374160767
596,50,50,32,0.65625,0.71875,0.4754815101623535,21.186776161193848
597,100,100,66,0.696969696969697,0.6666666666666666,3.135942220687866,3601.9411289691925
598,50,50,27,0.6296296296296297,0.6296296296296297,0.24117326736450195,144.31057500839233
599,100,100,41,0.6585365853658537,0.5853658536585366,2.008791446685791,3602.3330421447754
600,50,50,28,0.6071428571428571,0.6071428571428571,0.20045971870422363,59.389392375946045
601,100,100,81,0.7777777777777778,0.7901234567901234,12.017895221710205,225.91815161705017
602,100,100,36,0.75,0.75,1.220672369003296,3602.3505828380585
603,50,50,23,0.6521739130434783,0.391304347826087,0.15301847457885742,101.21886038780212
604,50,50,43,0.8372093023255814,0.8604651162790697,0.6903676986694336,1.9429233074188232
605,100,100,51,0.5882352941176471,0.5490196078431373,1.9143664836883545,3602.2975080013275
606,50,50,38,0.7894736842105263,0.7105263157894737,0.5856151580810547,6.6550376415252686
607,100,100,6,1.0,1.0,0.12874341011047363,12.980633735656738
608,50,50,13,0.7692307692307693,0.6923076923076923,0.06469416618347168,714.4280159473419
609,50,50,50,1.0,1.0,0.08078742027282715,0.09886884689331055
610,100,100,92,0.9130434782608695,0.9239130434782609,10.785908222198486,15.144006729125977
611,100,100,47,0.6382978723404256,0.7446808510638298,1.969170093536377,3602.2500426769257
612,100,100,58,0.6551724137931034,0.6379310344827587,3.208627939224243,3602.2429480552673
613,50,50,45,0.8888888888888888,0.8888888888888888,0.9527320861816406,2.254854917526245
614,100,100,2,0.5,0.5,0.11840367317199707,0.5223519802093506
615,50,50,20,0.75,0.7,0.12836837768554688,612.6294577121735
616,100,100,42,0.6666666666666666,0.6190476190476191,2.101588010787964,3602.287169456482
617,100,100,99,0.98989898989899,0.98989898989899,38.24443745613098,0.38701605796813965
618,100,100,17,0.6470588235294118,0.7058823529411765,0.4078993797302246,3602.282495498657
619,100,100,54,0.6481481481481481,0.6666666666666666,2.1690526008605957,3602.2017571926117
620,50,50,15,0.7333333333333333,0.6666666666666666,0.09468698501586914,322.6448154449463
621,100,100,94,0.9361702127659575,0.9468085106382979,10.876184701919556,7.339465618133545
622,100,100,49,0.6122448979591837,0.5510204081632653,1.6138203144073486,3602.330183506012
623,100,100,69,0.782608695652174,0.782608695652174,4.741460084915161,3602.03808927536
624,100,100,24,0.625,0.6666666666666666,0.6594409942626953,3602.284843444824
625,50,50,11,0.6363636363636364,0.6363636363636364,0.07378959655761719,9.006325006484985
626,100,100,84,0.8333333333333334,0.8214285714285714,6.687587261199951,269.14898562431335
627,100,100,39,0.6153846153846154,0.6153846153846154,1.10447359085083,3602.278256177902
628,50,50,26,0.7307692307692307,0.6153846153846154,0.213226318359375,585.9000871181488
629,100,100,80,0.775,0.8,8.575072765350342,1073.2914481163025
630,100,100,91,0.9010989010989011,0.9340659340659341,9.722503423690796,16.451467514038086
631,100,100,35,0.6857142857142857,0.6571428571428571,1.1196675300598145,3602.148017168045
632,50,50,33,0.696969696969697,0.6363636363636364,0.45958447456359863,20.84238290786743
633,50,50,8,0.875,0.875,0.033997535705566406,12.878649473190308
634,100,100,30,0.7,0.6666666666666666,0.9030327796936035,3602.190801382065
635,100,100,87,0.8620689655172413,0.9080459770114943,10.327961683273315,107.13387799263
636,50,50,48,0.9583333333333334,0.9583333333333334,0.43360233306884766,1.239865779876709
637,100,100,5,0.8,0.8,0.17078852653503418,6.405411243438721
638,50,50,3,0.6666666666666666,0.6666666666666666,0.021372079849243164,0.31830883026123047
639,100,100,82,0.8414634146341463,0.8048780487804879,9.60530686378479,236.13099837303162
640,100,100,37,0.6216216216216216,0.4864864864864865,1.2802963256835938,3602.270502090454
641,100,100,57,0.631578947368421,0.5789473684210527,1.745476484298706,3602.142064809799
642,50,50,44,0.8636363636363636,0.9090909090909091,0.7997643947601318,1.8190193176269531
643,100,100,12,0.75,0.75,0.2244555950164795,3601.999000310898
644,100,100,97,0.9690721649484536,0.9690721649484536,9.029459238052368,5.347804307937622
645,100,100,52,0.6923076923076923,0.5961538461538461,2.232638120651245,3602.210995197296
646,100,100,72,0.7222222222222222,0.7222222222222222,3.4794342517852783,3601.5392293930054
647,100,100,7,0.5714285714285714,0.5714285714285714,0.16318154335021973,104.11562776565552
648,100,100,27,0.5555555555555556,0.5185185185185185,0.6611793041229248,3602.29372215271
649,50,50,14,0.8571428571428571,0.7142857142857143,0.057628631591796875,166.18012142181396
650,50,50,25,0.72,0.56,0.21952533721923828,116.75540494918823
651,100,100,67,0.7164179104477612,0.7164179104477612,2.5900790691375732,3602.2369995117188
652,100,100,22,0.7727272727272727,0.7727272727272727,0.33930397033691406,3602.2739913463593
653,100,100,79,0.7721518987341772,0.7721518987341772,8.71174168586731,1167.9494488239288
654,50,50,9,0.8888888888888888,0.8888888888888888,0.04996848106384277,9.24619746208191
655,100,100,63,0.7142857142857143,0.6507936507936508,3.0562493801116943,3602.288329601288
656,100,100,74,0.7162162162162162,0.7702702702702703,4.427944660186768,3601.605306148529
657,100,100,18,0.7222222222222222,0.7222222222222222,0.29964232444763184,3602.214177131653
658,100,100,38,0.6842105263157895,0.631578947368421,1.3401265144348145,3602.055217027664
659,100,100,29,0.6896551724137931,0.5517241379310345,0.49715638160705566,3602.1053681373596
660,50,50,16,0.6875,0.625,0.07735180854797363,245.0819182395935
661,50,50,36,0.75,0.6944444444444444,0.48993897438049316,17.626150608062744
662,50,50,31,0.8387096774193549,0.7096774193548387,0.3587069511413574,289.4955823421478
663,100,100,45,0.6444444444444445,0.5777777777777777,1.5532405376434326,3602.1676852703094
664,50,50,6,0.6666666666666666,0.6666666666666666,0.03392672538757324,3.5367989540100098
665,100,100,85,0.8588235294117647,0.8470588235294118,6.720616340637207,248.5460226535797
666,100,100,96,0.9583333333333334,0.9583333333333334,14.027361869812012,6.088502883911133
667,50,50,46,0.9347826086956522,0.9347826086956522,1.400437831878662,1.8460602760314941
668,100,100,40,0.575,0.6,0.8675415515899658,3602.2471528053284
669,100,100,60,0.6833333333333333,0.6333333333333333,2.239835023880005,3602.0762536525726
670,50,50,1,1.0,1.0,0.01741790771484375,0.15511536598205566
671,100,100,15,0.8,0.8666666666666667,0.3229706287384033,3602.3163776397705
672,50,50,2,1.0,1.0,0.01815056800842285,0.13193440437316895
673,100,100,55,0.6727272727272727,0.6181818181818182,2.1314902305603027,3602.1785805225372
674,50,50,42,0.8333333333333334,0.8095238095238095,0.5190093517303467,5.29737663269043
675,100,100,10,0.8,0.8,0.25759339332580566,1237.5552821159363
676,50,50,17,0.7058823529411765,0.7058823529411765,0.12289190292358398,270.9610080718994
677,100,100,62,0.6290322580645161,0.5967741935483871,2.8504693508148193,3602.253815174103
678,50,50,49,0.9795918367346939,0.9795918367346939,0.15167474746704102,0.12290310859680176
679,50,50,4,1.0,1.0,0.021383047103881836,0.9655959606170654
680,50,50,24,0.5833333333333334,0.5416666666666666,0.2868022918701172,312.8204984664917
681,100,100,77,0.7792207792207793,0.8051948051948052,8.918406963348389,2411.96794629097
682,100,100,21,0.6190476190476191,0.5714285714285714,0.5957937240600586,3602.4585099220276
683,100,100,32,0.625,0.625,0.7615823745727539,3602.2343413829803
684,50,50,19,0.631578947368421,0.47368421052631576,0.09284687042236328,397.9137988090515
685,50,50,39,0.8205128205128205,0.8461538461538461,0.6200687885284424,4.622462272644043
686,100,100,73,0.7534246575342466,0.7671232876712328,3.710829257965088,3601.7535388469696
687,50,50,34,0.6764705882352942,0.7352941176470589,0.244171142578125,31.442227125167847
688,100,100,28,0.7142857142857143,0.5714285714285714,0.5950195789337158,3602.3064348697662
689,100,100,68,0.7058823529411765,0.75,5.230144023895264,3602.044374227524
690,100,100,88,0.8863636363636364,0.8863636363636364,7.474263668060303,72.0164110660553
691,100,100,23,0.6521739130434783,0.6521739130434783,0.5729358196258545,3603.1290197372437
692,100,100,43,0.7209302325581395,0.6976744186046512,1.332683801651001,3602.273989915848
693,50,50,30,0.6333333333333333,0.5666666666666667,0.17693567276000977,162.55836272239685
694,50,50,41,0.8292682926829268,0.7804878048780488,0.3944220542907715,5.25169563293457
695,100,100,75,0.7733333333333333,0.76,4.896048307418823,3601.4586856365204
696,100,100,95,0.9473684210526315,0.9578947368421052,15.952814817428589,7.5429418087005615
697,100,100,13,0.8461538461538461,0.8461538461538461,0.2735602855682373,3602.2997856140137
698,100,100,50,0.6,0.64,2.182023763656616,3602.1417558193207
699,50,50,37,0.7837837837837838,0.7297297297297297,0.31623315811157227,6.567345857620239
700,100,100,25,0.6,0.6,0.6065900325775146,3602.2503054142
701,100,100,90,0.8888888888888888,0.9,7.664107799530029,29.009398937225342
702,100,100,65,0.6461538461538462,0.6307692307692307,3.0982255935668945,3602.1939907073975
703,100,100,9,0.7777777777777778,0.7777777777777778,0.23221063613891602,862.4794125556946
704,100,100,20,0.8,0.8,0.3989295959472656,3602.241281747818
705,50,50,7,1.0,1.0,0.042038679122924805,3.2803573608398438
706,50,50,47,0.9361702127659575,0.9361702127659575,0.484224796295166,1.5423147678375244
707,100,100,61,0.7377049180327869,0.7049180327868853,3.2197210788726807,3602.3065779209137
708,50,50,22,0.5909090909090909,0.5909090909090909,0.14133214950561523,377.99942660331726
709,100,100,16,0.6875,0.6875,0.3058633804321289,3602.408811569214
710,100,100,56,0.6785714285714286,0.5714285714285714,2.2083590030670166,3602.170739173889
711,100,100,76,0.8026315789473685,0.7368421052631579,5.270230531692505,3601.266134262085
712,100,100,11,0.9090909090909091,0.7272727272727273,0.17437076568603516,3602.248510360718
713,100,100,31,0.6774193548387096,0.6451612903225806,0.7368357181549072,3602.1505031585693
714,50,50,18,0.7222222222222222,0.7222222222222222,0.07605481147766113,457.5556321144104
715,50,50,29,0.7931034482758621,0.7931034482758621,0.2900714874267578,195.61617469787598
716,100,100,71,0.7464788732394366,0.7323943661971831,4.491772413253784,3602.256170272827
717,100,100,26,0.7307692307692307,0.7692307692307693,0.5480210781097412,3602.220100402832
718,100,100,46,0.6086956521739131,0.5652173913043478,1.9822168350219727,3602.197028398514
719,100,100,83,0.8433734939759037,0.8192771084337349,6.73296594619751,101.70716691017151
720,100,100,1,1.0,1.0,0.0851747989654541,0.39761996269226074
721,100,100,78,0.8076923076923077,0.782051282051282,4.736642599105835,1151.4699964523315
722,100,100,98,0.9795918367346939,0.9795918367346939,4.3262176513671875,7.819865465164185
723,100,100,33,0.6666666666666666,0.6666666666666666,0.9679605960845947,3602.1993496418
724,100,100,53,0.6226415094339622,0.6037735849056604,2.7070086002349854,3602.1284210681915
725,50,50,40,0.8,0.85,0.4801352024078369,2.2661185264587402
726,100,100,8,0.75,0.75,0.14198875427246094,116.69842290878296
727,100,100,93,0.9247311827956989,0.9247311827956989,6.18105936050415,11.51599383354187
728,100,100,48,0.6041666666666666,0.5625,1.6334779262542725,3602.2750380039215
729,50,50,35,0.6857142857142857,0.6857142857142857,0.39789867401123047,32.77321171760559
730,100,100,3,1.0,1.0,0.08184075355529785,0.8713424205780029
731,50,50,10,0.6,0.7,0.0478365421295166,29.93254065513611
732,100,100,4,1.0,1.0,0.087249755859375,1.8506782054901123
733,100,100,89,0.8876404494382022,0.898876404494382,13.904168844223022,68.83101105690002
734,100,100,100,1.0,1.0,1.0013723373413086,0.3463566303253174
735,100,100,44,0.6363636363636364,0.6136363636363636,1.424144983291626,3602.118766307831
736,100,100,64,0.71875,0.65625,3.852511167526245,3602.15070438385
737,50,50,5,1.0,1.0,0.022175073623657227,1.3772432804107666
738,100,100,86,0.872093023255814,0.872093023255814,8.166409492492676,65.36053252220154
739,100,100,19,0.7368421052631579,0.7368421052631579,0.31761932373046875,3602.148679256439
740,100,100,59,0.6610169491525424,0.6101694915254238,2.2750518321990967,3602.6138319969177
741,100,100,70,0.6857142857142857,0.7428571428571429,3.7888355255126953,3601.713698863983
742,100,100,14,0.7142857142857143,0.7142857142857143,0.20193099975585938,3602.162346124649
743,100,100,34,0.6764705882352942,0.5882352941176471,0.7849454879760742,3602.156046152115
744,50,50,21,0.7619047619047619,0.7619047619047619,0.12287068367004395,1489.272480726242
745,50,50,12,0.75,0.6666666666666666,0.08976626396179199,187.50849795341492
746,50,50,32,0.6875,0.6875,0.3610060214996338,20.91260528564453
747,100,100,66,0.6666666666666666,0.7272727272727273,4.652135133743286,3602.2481331825256
748,50,50,27,0.6296296296296297,0.6296296296296297,0.1335439682006836,288.73849630355835
749,100,100,41,0.6097560975609756,0.5609756097560976,1.7057745456695557,3602.0964138507843
