,n,p,k,autodiff_accuracy,gurobi_accuracy,autodiff_fdr,gurobi_fdr,autodiff_mse,gurobi_mse,autodiff_time,gurobi_time
0,50,34,10,0.8,0.8,0.2,0.2,41109.8837031512,41109.88370008247,0.056385040283203125,1.3642690181732178
1,100,50,17,0.8823529411764706,0.8235294117647058,0.11764705882352941,0.17647058823529413,49123.4958132449,54975.9691631066,0.13516831398010254,8.34502649307251
2,50,53,10,0.8,0.8,0.2,0.2,73123.09730385648,73123.09730208221,0.05726170539855957,142.53641533851624
3,50,36,10,0.9,0.9,0.1,0.1,32313.40725822043,32313.407262154196,0.03004741668701172,0.2396864891052246
4,50,50,11,0.8181818181818182,0.8181818181818182,0.18181818181818182,0.18181818181818182,53517.67674843259,53517.67674857081,0.07625198364257812,28.623177528381348
5,100,100,10,0.8,0.8,0.2,0.2,24512.28818248422,21276.913553903098,0.2665438652038574,1078.0682895183563
6,50,51,10,0.8,0.8,0.2,0.2,35412.26473174326,35412.26473363467,0.04638409614562988,127.2287585735321
7,100,90,10,0.8,0.8,0.2,0.2,19709.672538828407,19709.672538729686,0.2593803405761719,68.66604566574097
8,50,50,18,0.6111111111111112,0.5555555555555556,0.3888888888888889,0.4444444444444444,134594.85844186106,260289.11366370987,0.09933185577392578,969.6934700012207
9,100,50,3,0.3333333333333333,0.3333333333333333,0.6666666666666666,0.6666666666666666,3408.326974073915,3408.3269740738774,0.05030417442321777,0.3249638080596924
10,50,70,10,0.7,0.7,0.3,0.3,12007.184353035216,16551.25618500692,0.07603049278259277,3601.7546548843384
11,50,50,13,0.6153846153846154,0.6153846153846154,0.38461538461538464,0.38461538461538464,42877.063312067374,42877.063312956605,0.05435824394226074,301.55525636672974
12,100,60,10,0.7,0.7,0.3,0.3,13012.514139685709,13012.514139471408,0.1111757755279541,4.377915382385254
13,50,60,10,0.7,0.6,0.3,0.4,85137.17015466768,229836.89026907104,0.0833292007446289,3601.368336200714
14,100,50,10,0.7,0.7,0.3,0.3,13467.591335937916,12928.624977874668,0.18397307395935059,2.820549726486206
15,50,55,10,0.8,0.8,0.2,0.2,32049.15969716484,32049.159697023326,0.08686232566833496,358.57741355895996
16,50,37,10,0.7,0.7,0.3,0.3,23549.095142368802,23549.09514118384,0.049227237701416016,2.2612054347991943
17,100,50,5,0.8,0.8,0.2,0.2,1774.6709714992571,1774.6709714994063,0.06607770919799805,0.2546830177307129
18,100,50,20,0.8,0.8,0.2,0.2,36325.46058256117,36325.460581606414,0.20656323432922363,4.841291666030884
19,50,39,10,0.9,0.9,0.1,0.1,45398.06104333779,45398.06104282944,0.0398867130279541,0.6608254909515381
20,50,58,10,0.7,0.8,0.3,0.2,48740.03461856563,30957.098107104415,0.07315230369567871,3600.9587411880493
21,50,50,6,0.8333333333333334,0.8333333333333334,0.16666666666666666,0.16666666666666666,16163.432414095956,16163.432414095729,0.03008890151977539,1.5877752304077148
22,100,50,2,1.0,1.0,0.0,0.0,3160.6930506249773,3160.6930506252875,0.03139376640319824,0.14275217056274414
23,100,85,10,0.8,0.8,0.2,0.2,12197.988855052477,12197.988855144013,0.15575647354125977,34.50954723358154
24,50,22,10,1.0,1.0,0.0,0.0,42840.112464347585,42840.11246419782,0.2207329273223877,0.26758670806884766
25,50,50,1,1.0,1.0,0.0,0.0,2094.5169088325747,2094.5169088325742,0.024708271026611328,0.15709805488586426
26,100,105,10,0.9,0.9,0.1,0.1,13379.818821022647,12556.163772892414,0.234694242477417,3602.9320583343506
27,50,56,10,0.7,0.7,0.3,0.3,18072.91334440974,25010.4054224349,0.07355690002441406,1352.4300167560577
28,50,41,10,0.7,0.7,0.3,0.3,13938.88236929951,12853.026256510479,0.06484389305114746,3.697310447692871
29,100,70,10,0.7,0.7,0.3,0.3,34506.44387757766,34506.44387703199,0.18372607231140137,7.306393384933472
30,50,24,10,0.9,0.9,0.1,0.1,40078.777781437806,40078.77778129939,0.02069377899169922,0.08109927177429199
31,50,50,16,0.625,0.625,0.375,0.375,253568.3502695146,253568.35035146982,0.0906684398651123,363.0637526512146
32,50,50,12,0.9166666666666666,0.5833333333333334,0.08333333333333333,0.4166666666666667,46635.69169089999,131762.76911636157,0.06551313400268555,48.96281051635742
33,100,50,8,1.0,1.0,0.0,0.0,13408.405789046086,13408.405789042721,0.07828474044799805,0.32959604263305664
34,50,50,7,0.7142857142857143,0.7142857142857143,0.2857142857142857,0.2857142857142857,12263.674931242267,12263.674931114047,0.03398466110229492,5.228234767913818
35,50,59,10,0.8,0.6,0.2,0.4,28711.69270447545,80502.06479971568,0.08221244812011719,3601.3314905166626
36,50,20,10,0.7,0.8,0.3,0.2,14519.548221497433,12018.907262377481,0.25834131240844727,0.27150988578796387
37,100,55,10,0.8,0.8,0.2,0.2,10278.339005290034,11760.085503314733,0.18571758270263672,1.7995152473449707
38,50,23,10,0.8,0.8,0.2,0.2,13831.987486571854,13831.98748570006,0.02818012237548828,0.07578516006469727
39,100,30,10,0.9,0.9,0.1,0.1,11270.625577560944,11270.62557752817,0.04974961280822754,0.06467318534851074
40,50,30,10,0.7,0.7,0.3,0.3,10639.851768944112,10639.851769094836,0.05134320259094238,1.9789843559265137
41,50,50,14,0.5,0.6428571428571429,0.5,0.35714285714285715,285892.0861287154,322683.81981784216,0.0907595157623291,241.45640468597412
42,100,50,19,0.8421052631578947,0.8421052631578947,0.15789473684210525,0.15789473684210525,30399.04432878131,30399.04432799442,0.17373347282409668,7.525671720504761
43,50,43,10,0.8,0.8,0.2,0.2,28776.1909747748,34492.12621344494,0.047232866287231445,3.7448806762695312
44,50,42,10,0.9,0.9,0.1,0.1,72552.20702650982,72552.20702567685,0.046662330627441406,3.972960948944092
45,50,25,10,0.8,0.9,0.2,0.1,43477.82761959995,44954.81706009692,0.016705989837646484,0.054961442947387695
46,100,50,15,0.9333333333333333,0.8666666666666667,0.06666666666666667,0.13333333333333333,18814.78936617772,18332.636267932332,0.1443159580230713,6.501501083374023
47,50,62,10,0.7,0.7,0.3,0.3,20335.105432812594,27836.806750619726,0.08251214027404785,3601.7964832782745
48,50,61,10,1.0,1.0,0.0,0.0,14728.416947507256,14728.416947557,0.08810281753540039,3601.6981370449066
49,50,50,4,0.75,0.75,0.25,0.25,3692.844111915744,3692.8441119159097,0.02878093719482422,0.3452920913696289
50,50,27,10,0.9,1.0,0.1,0.0,9550.710071171716,9648.313462423695,0.03427624702453613,0.09710383415222168
51,50,26,10,0.7,0.7,0.3,0.3,50582.458448959995,50582.45844114154,0.029327392578125,0.2602841854095459
52,100,110,10,0.7,0.7,0.3,0.3,18286.050744754702,18697.99042621702,0.29679083824157715,3605.468799829483
53,50,46,10,0.7,0.6,0.3,0.4,14205.673686032926,24479.641351919192,0.05286693572998047,5.142104625701904
54,50,29,10,0.7,0.7,0.3,0.3,12963.668867125773,12963.668866916856,0.0277249813079834,0.1716005802154541
55,50,45,10,0.9,0.9,0.1,0.1,26528.201522771484,26528.20152272712,0.0668187141418457,11.518330574035645
56,50,28,10,0.8,0.8,0.2,0.2,57309.62576354371,57309.62576521323,0.08230352401733398,0.6377525329589844
57,50,50,15,0.8,0.6,0.2,0.4,178192.312018966,272890.9162566644,0.08263278007507324,449.3455500602722
58,50,65,10,0.6,0.7,0.4,0.3,36031.39196434529,26457.999791972885,0.08342742919921875,3603.496243238449
59,100,50,11,0.9090909090909091,0.9090909090909091,0.09090909090909091,0.09090909090909091,16521.05903141759,16521.05903127923,0.0649099349975586,0.47585391998291016
60,50,44,10,1.0,0.9,0.0,0.1,19536.203013298076,34123.30010829967,0.05846595764160156,13.372273683547974
61,50,68,10,0.7,0.7,0.3,0.3,31117.57895118516,29428.469365680554,0.06313371658325195,3602.629554748535
62,100,75,10,0.8,0.8,0.2,0.2,9665.646803157953,10819.31849413559,0.15283656120300293,23.406414270401
63,50,63,10,0.5,0.4,0.5,0.6,19632.619112864555,22457.43781521287,0.07420706748962402,3603.5276255607605
64,100,50,18,0.8333333333333334,0.8333333333333334,0.16666666666666666,0.16666666666666666,41524.75680682178,41524.75680717992,0.18300127983093262,7.016308069229126
65,100,20,10,0.7,0.7,0.3,0.3,7071.67424722079,7071.67424773421,0.037444114685058594,0.04416513442993164
66,50,50,17,0.8235294117647058,0.6470588235294118,0.17647058823529413,0.35294117647058826,76955.05376528621,187692.72951563614,0.07195281982421875,790.6815030574799
67,100,50,13,0.8461538461538461,0.8461538461538461,0.15384615384615385,0.15384615384615385,12343.048240937744,12343.048240911277,0.08628988265991211,2.138230085372925
68,100,50,14,0.7142857142857143,0.7142857142857143,0.2857142857142857,0.2857142857142857,23880.82452887034,23880.824525500902,0.1484525203704834,1.503164291381836
69,100,35,10,0.7,0.7,0.3,0.3,6997.473330853029,6997.473338819543,0.07404232025146484,0.1254115104675293
70,50,64,10,0.7,0.7,0.3,0.3,21932.987060934873,21932.987060949083,0.08918190002441406,3601.838258743286
71,50,47,10,0.8,0.8,0.2,0.2,10623.058254801063,8511.225947650513,0.04030561447143555,10.615340948104858
72,50,66,10,0.7,0.6,0.3,0.4,135943.98454725285,97178.49596473413,0.12461423873901367,3603.2518107891083
73,50,49,10,0.8,0.9,0.2,0.1,98564.5814958466,25759.36664821066,0.05228734016418457,31.038482427597046
74,50,50,10,0.6,0.6,0.4,0.4,43332.319777869314,43332.3197774493,0.08566164970397949,53.362796783447266
75,50,48,10,0.6,0.6,0.4,0.4,89435.05035166455,99655.7043534762,0.05950331687927246,25.06715226173401
76,50,50,9,1.0,1.0,0.0,0.0,26250.402338361462,26250.402337232015,0.04700493812561035,45.714895248413086
77,50,67,10,0.9,0.9,0.1,0.1,71015.55989430007,44898.476634534054,0.07640743255615234,3601.3124690055847
78,100,50,6,0.8333333333333334,0.8333333333333334,0.16666666666666666,0.16666666666666666,5920.793803898015,5920.793803896495,0.06263947486877441,0.22818350791931152
79,100,40,10,0.8,0.8,0.2,0.2,6505.922483212323,6505.9224830491185,0.0787665843963623,0.47614502906799316
80,50,50,5,0.8,0.8,0.2,0.2,4816.625680218864,4816.625680218583,0.08123183250427246,2.462472915649414
81,100,50,1,1.0,1.0,0.0,0.0,735.4978158399235,735.4978158399235,0.03360342979431152,0.19819998741149902
82,100,80,10,0.7,0.7,0.3,0.46153846153846156,13468.699339681702,9109.274169116341,0.14270234107971191,62.644604444503784
83,50,50,20,0.6,0.65,0.4,0.35,131448.7925319968,111193.36203337062,0.1418302059173584,296.83751940727234
84,100,50,16,0.75,0.75,0.25,0.25,28285.287117979467,28285.28711782996,0.18265414237976074,1.6990711688995361
85,100,50,12,0.8333333333333334,0.9166666666666666,0.16666666666666666,0.08333333333333333,10382.065816703167,11369.594066250014,0.08859419822692871,3.472352981567383
86,50,50,2,1.0,1.0,0.0,0.0,3882.342661287975,3882.3426612879775,0.01864480972290039,0.17179203033447266
87,50,69,10,0.8,0.6,0.2,0.4,22201.240065282134,115181.00103889599,0.09626412391662598,3602.9021496772766
88,100,50,7,0.8571428571428571,0.7142857142857143,0.14285714285714285,0.2857142857142857,7530.662600084235,9449.604041770272,0.098907470703125,1.049891710281372
89,100,95,10,1.0,0.9,0.0,0.1,22832.26674012074,23324.244661427296,0.23112130165100098,1236.7779710292816
90,50,32,10,0.8,0.8,0.2,0.2,13819.3293380947,13819.329336848354,0.06165146827697754,0.18202447891235352
91,50,52,10,0.8,0.8,0.2,0.2,52729.96879698121,52729.968796548645,0.06986260414123535,97.60677313804626
92,50,35,10,0.7,0.6,0.3,0.4,24274.429921696392,27742.00950917134,0.0643010139465332,1.7560782432556152
93,100,25,10,0.9,0.9,0.1,0.1,14889.398926434504,14889.398926515709,0.0351564884185791,0.07882809638977051
94,100,50,9,0.8888888888888888,0.8888888888888888,0.1111111111111111,0.1111111111111111,6740.701262453719,6740.701262403859,0.09302520751953125,0.2424328327178955
95,50,54,10,0.7,0.6,0.3,0.4,15957.511696790185,10528.080948329532,0.05939459800720215,395.560861825943
96,50,50,8,0.875,0.875,0.125,0.125,29431.414562936283,29431.41456292902,0.06700897216796875,11.603286266326904
97,100,50,4,1.0,1.0,0.0,0.0,8862.780139361677,8862.780139362578,0.050112009048461914,0.21135354042053223
98,50,50,3,0.6666666666666666,0.6666666666666666,0.3333333333333333,0.3333333333333333,3792.775522865947,3792.7755228659453,0.024352550506591797,0.27236175537109375
99,50,31,10,0.8,0.9,0.2,0.1,89895.54906222617,63558.32045049543,0.029111146926879883,0.10143136978149414
100,50,38,10,0.6,0.5,0.4,0.5,76370.70545810307,120233.4395212583,0.04236173629760742,3.978372097015381
101,50,21,10,0.9,0.9,0.1,0.1,44742.835786590615,44742.83578564726,0.02299046516418457,0.039112091064453125
102,100,45,10,0.9,0.9,0.1,0.1,18220.19870345434,18220.198703564387,0.07549452781677246,0.4706447124481201
103,50,50,19,0.6842105263157895,0.47368421052631576,0.3157894736842105,0.5263157894736842,231836.15092176912,291664.58554911293,0.11697244644165039,448.8788447380066
104,100,65,10,0.9,1.0,0.1,0.0,9066.905550979818,6453.8777543243195,0.17805004119873047,7.436217546463013
105,50,33,10,0.7,0.7,0.3,0.3,18770.501992745176,20031.708224621598,0.03718996047973633,0.2656242847442627
106,50,57,10,0.8,0.7,0.2,0.3,38248.65987937893,73739.5379359909,0.07013940811157227,1197.9623935222626
107,50,40,10,0.7,0.8,0.3,0.2,40305.118443562555,19127.827302855465,0.04538154602050781,5.799204111099243
108,50,34,10,0.8,0.8,0.2,0.2,41109.8837031512,41109.88370008247,0.049777984619140625,1.141122817993164
109,100,50,17,0.8823529411764706,0.8235294117647058,0.11764705882352941,0.17647058823529413,49123.4958132449,54975.9691631066,0.14164471626281738,7.987906455993652
110,50,53,10,0.8,0.8,0.2,0.2,73123.09730385648,73123.09730208221,0.05812501907348633,139.57302522659302
111,50,36,10,0.9,0.9,0.1,0.1,32313.40725822043,32313.407262154196,0.029927730560302734,0.2513852119445801
112,50,50,11,0.8181818181818182,0.8181818181818182,0.18181818181818182,0.18181818181818182,53517.67674843259,53517.67674857081,0.06757807731628418,29.344858169555664
113,100,100,10,0.8,0.8,0.2,0.2,24512.28818248422,21276.913553903098,0.26967740058898926,1103.4234306812286
114,50,51,10,0.8,0.8,0.2,0.2,35412.26473174326,35412.26473363467,0.051999807357788086,127.88946175575256
115,100,90,10,0.8,0.8,0.2,0.2,19709.672538828407,19709.672538729686,0.2755296230316162,68.81711387634277
116,50,50,18,0.6111111111111112,0.5555555555555556,0.3888888888888889,0.4444444444444444,134594.85844186106,260289.11366370987,0.1360175609588623,966.5777082443237
117,100,50,3,0.3333333333333333,0.3333333333333333,0.6666666666666666,0.6666666666666666,3408.326974073915,3408.3269740738774,0.06803345680236816,0.3518669605255127
118,50,70,10,0.7,0.7,0.3,0.3,12007.184353035216,16551.25618500692,0.09069275856018066,3602.0792446136475
119,50,50,13,0.6153846153846154,0.6153846153846154,0.38461538461538464,0.38461538461538464,42877.063312067374,42877.063312956605,0.06246137619018555,305.5508906841278
120,100,60,10,0.7,0.7,0.3,0.3,13012.514139685709,13012.514139471408,0.12218117713928223,4.140558242797852
121,50,60,10,0.7,0.6,0.3,0.4,85137.17015466768,229836.89026907104,0.08841776847839355,3602.314680337906
122,100,50,10,0.7,0.7,0.3,0.3,13467.591335937916,12928.624977874668,0.1156911849975586,2.538977861404419
123,50,55,10,0.8,0.8,0.2,0.2,32049.15969716484,32049.159697023326,0.08605241775512695,360.1874432563782
124,50,37,10,0.7,0.7,0.3,0.3,23549.095142368802,23549.09514118384,0.04192852973937988,2.7213451862335205
125,100,50,5,0.8,0.8,0.2,0.2,1774.6709714992571,1774.6709714994063,0.06005048751831055,0.3999350070953369
126,100,50,20,0.8,0.8,0.2,0.2,36325.46058256117,36325.460581606414,0.19675254821777344,5.660046815872192
127,50,39,10,0.9,0.9,0.1,0.1,45398.06104333779,45398.06104282944,0.04059576988220215,0.6165306568145752
128,50,58,10,0.7,0.8,0.3,0.2,48740.03461856563,30957.098107104415,0.07862710952758789,3600.663032054901
129,50,50,6,0.8333333333333334,0.8333333333333334,0.16666666666666666,0.16666666666666666,16163.432414095956,16163.432414095729,0.0277252197265625,1.5486185550689697
130,100,50,2,1.0,1.0,0.0,0.0,3160.6930506249773,3160.6930506252875,0.03486752510070801,0.1272590160369873
131,100,85,10,0.8,0.8,0.2,0.2,12197.988855052477,12197.988855144013,0.1395432949066162,33.932090282440186
132,50,22,10,1.0,1.0,0.0,0.0,42840.112464347585,42840.11246419782,0.1065831184387207,0.3478424549102783
133,50,50,1,1.0,1.0,0.0,0.0,2094.5169088325747,2094.5169088325742,0.021480321884155273,0.4007537364959717
134,100,105,10,0.9,0.9,0.1,0.1,13379.818821022647,12556.163772892414,0.22302889823913574,3605.2164404392242
135,50,56,10,0.7,0.7,0.3,0.3,18072.91334440974,25010.4054224349,0.07726716995239258,1340.2901411056519
136,50,41,10,0.7,0.7,0.3,0.3,13938.88236929951,12853.026256510479,0.06788063049316406,3.1877479553222656
137,100,70,10,0.7,0.7,0.3,0.3,34506.44387757766,34506.44387703199,0.13005328178405762,7.332927465438843
138,50,24,10,0.9,0.9,0.1,0.1,40078.777781437806,40078.77778129939,0.020634174346923828,0.05763125419616699
139,50,50,16,0.625,0.625,0.375,0.375,253568.3502695146,253568.35035146982,0.09827947616577148,364.80716013908386
140,50,50,12,0.9166666666666666,0.5833333333333334,0.08333333333333333,0.4166666666666667,46635.69169089999,131762.76911636157,0.06474900245666504,48.59234547615051
141,100,50,8,1.0,1.0,0.0,0.0,13408.405789046086,13408.405789042721,0.09381675720214844,0.3001275062561035
142,50,50,7,0.7142857142857143,0.7142857142857143,0.2857142857142857,0.2857142857142857,12263.674931242267,12263.674931114047,0.037599802017211914,5.278387784957886
143,50,59,10,0.8,0.6,0.2,0.4,28711.69270447545,80502.06479971568,0.10062122344970703,3601.120756149292
144,50,20,10,0.7,0.8,0.3,0.2,14519.548221497433,12018.907262377481,0.03167247772216797,0.3011143207550049
145,100,55,10,0.8,0.8,0.2,0.2,10278.339005290034,11760.085503314733,0.10926318168640137,2.0016860961914062
146,50,23,10,0.8,0.8,0.2,0.2,13831.987486571854,13831.98748570006,0.029219388961791992,0.07522988319396973
147,100,30,10,0.9,0.9,0.1,0.1,11270.625577560944,11270.62557752817,0.04950571060180664,0.06455707550048828
148,50,30,10,0.7,0.7,0.3,0.3,10639.851768944112,10639.851769094836,0.0460054874420166,2.1090924739837646
149,50,50,14,0.5,0.6428571428571429,0.5,0.35714285714285715,285892.0861287154,322683.81981784216,0.09054994583129883,234.90061593055725
150,100,50,19,0.8421052631578947,0.8421052631578947,0.15789473684210525,0.15789473684210525,30399.04432878131,30399.04432799442,0.1867673397064209,7.581350326538086
151,50,43,10,0.8,0.8,0.2,0.2,28776.1909747748,34492.12621344494,0.0484163761138916,3.714769124984741
152,50,42,10,0.9,0.9,0.1,0.1,72552.20702650982,72552.20702567685,0.06230807304382324,4.572226524353027
153,50,25,10,0.8,0.9,0.2,0.1,43477.82761959995,44954.81706009692,0.01920175552368164,0.16418814659118652
154,100,50,15,0.9333333333333333,0.8666666666666667,0.06666666666666667,0.13333333333333333,18814.78936617772,18332.636267932332,0.13814401626586914,6.7612855434417725
155,50,62,10,0.7,0.7,0.3,0.3,20335.105432812594,27836.806750619726,0.07886362075805664,3601.998197555542
156,50,61,10,1.0,1.0,0.0,0.0,14728.416947507256,14728.416947557,0.10261249542236328,3601.41357755661
157,50,50,4,0.75,0.75,0.25,0.25,3692.844111915744,3692.8441119159097,0.025725126266479492,0.37289857864379883
158,50,27,10,0.9,1.0,0.1,0.0,9550.710071171716,9648.313462423695,0.03563070297241211,0.09948372840881348
159,50,26,10,0.7,0.7,0.3,0.3,50582.458448959995,50582.45844114154,0.027654647827148438,0.2579915523529053
160,100,110,10,0.8,0.8,0.2,0.2,19434.487673482923,19434.48767400751,0.2832512855529785,3602.8696372509003
161,50,46,10,0.7,0.8,0.3,0.2,13561.272858695034,19354.012057653144,0.048749685287475586,14.274717330932617
162,50,29,10,0.9,0.9,0.1,0.1,42361.109147381125,28827.72091634036,0.0276947021484375,0.1098489761352539
163,50,45,10,0.7,0.7,0.3,0.3,20047.04091107171,20047.040910760843,0.06554627418518066,12.25848126411438
164,50,28,10,1.0,1.0,0.0,0.0,13337.846590304849,13337.846590756515,0.09692525863647461,0.14859437942504883
165,50,50,15,0.7333333333333333,0.7333333333333333,0.26666666666666666,0.26666666666666666,69051.37178294205,65500.80882548052,0.08124470710754395,285.8250904083252
166,50,65,10,0.6,0.6,0.4,0.4,20847.678131916637,15802.09355970538,0.06919002532958984,3602.5958189964294
167,100,50,11,0.9090909090909091,0.9090909090909091,0.09090909090909091,0.09090909090909091,17812.193176130273,17812.193175613058,0.07718539237976074,0.5281953811645508
168,50,44,10,0.7,0.7,0.3,0.3,31171.9259346274,31171.925934571853,0.0628814697265625,6.01354455947876
169,50,68,10,0.7,1.0,0.3,0.0,182543.85002561627,74049.90485789663,0.1053917407989502,3601.7350487709045
170,100,75,10,0.6,0.6,0.4,0.4,12149.00490899209,12149.004908983334,0.12770676612854004,47.56958818435669
171,50,63,10,0.7,0.6,0.3,0.4,41273.842136600964,78865.90611817768,0.06422924995422363,3601.42711186409
172,100,50,18,0.7222222222222222,0.7222222222222222,0.2777777777777778,0.2777777777777778,23852.834817759864,23852.83482058303,0.1662740707397461,29.146315336227417
173,100,20,10,0.8,0.8,0.2,0.2,12413.087489537606,12413.087489537862,0.02487039566040039,0.03318643569946289
174,50,50,17,0.5882352941176471,0.47058823529411764,0.4117647058823529,0.5294117647058824,123441.42368621359,169597.76456020406,0.09314942359924316,853.1856372356415
175,100,50,13,0.7692307692307693,0.7692307692307693,0.23076923076923078,0.23076923076923078,24496.955671680193,24496.955667720697,0.09108662605285645,2.179723024368286
176,100,50,14,0.7857142857142857,0.8571428571428571,0.21428571428571427,0.14285714285714285,27879.317130021565,21152.954564610376,0.10428619384765625,0.6770262718200684
177,100,35,10,0.8,0.8,0.2,0.2,5280.559361009442,5280.5593610505675,0.052103281021118164,0.3381030559539795
178,50,64,10,0.7,0.7,0.3,0.3,46136.91537505698,46136.91537569828,0.06882619857788086,3601.0807361602783
179,50,47,10,1.0,1.0,0.0,0.0,38562.733644340224,38562.73364452843,0.04433798789978027,11.994336605072021

180,50,66,10,0.7,0.7,0.3,0.3,15583.522698563367,20737.58145146421,0.12130951881408691,3601.9839251041412
181,50,49,10,0.8,0.8,0.2,0.2,23255.86762349269,23255.867623403043,0.05333113670349121,121.45487928390503
182,50,50,10,0.7,0.9,0.3,0.1,36642.45554514879,35830.894295301536,0.056015968322753906,73.38224792480469
183,50,48,10,0.9,0.9,0.1,0.1,27057.337902376206,27057.33790112391,0.07385730743408203,14.050333976745605
184,50,50,9,0.7777777777777778,0.7777777777777778,0.2222222222222222,0.2222222222222222,7636.973232651219,10300.448331762393,0.06139874458312988,28.811076164245605
185,50,67,10,0.6,0.6,0.4,0.4,16786.51599032245,16786.515990409516,0.07451367378234863,3601.452045440674
186,100,50,6,1.0,1.0,0.0,0.0,1385.7518679651234,1385.7518679219081,0.0735619068145752,0.3619225025177002
187,100,40,10,1.0,1.0,0.0,0.0,16396.019332963988,16396.019332961314,0.0719752311706543,0.11987805366516113
188,50,50,5,0.6,0.6,0.4,0.4,16047.168212909955,16047.168212910407,0.03618192672729492,1.7320270538330078
189,100,50,1,1.0,1.0,0.0,0.0,2250.798332763032,2250.798332763031,0.022444963455200195,0.15276479721069336
190,100,80,10,0.8,0.8,0.2,0.2,17372.30475808954,17372.304757527218,0.16840791702270508,28.57229971885681
191,50,50,20,0.65,0.7,0.35,0.3,279826.6264269497,330817.9704283126,0.15013527870178223,472.5156309604645
192,100,50,16,0.75,0.75,0.25,0.25,25001.818643751554,25001.81864297747,0.1842184066772461,2.0015668869018555
193,100,50,12,0.8333333333333334,0.8333333333333334,0.16666666666666666,0.16666666666666666,21957.641349569272,21957.641349097823,0.12721967697143555,2.089055061340332
194,50,50,2,1.0,1.0,0.0,0.0,2923.540285150437,2923.540285150416,0.019913673400878906,0.1602003574371338
195,50,69,10,0.8,0.8,0.2,0.2,48116.06738905894,31688.37481599491,0.09148931503295898,3602.957111120224
196,100,50,7,0.8571428571428571,0.8571428571428571,0.14285714285714285,0.14285714285714285,6353.595230652125,6353.595230654313,0.0611729621887207,0.22719836235046387
197,100,95,10,0.8,0.8,0.2,0.2,16469.582798828364,16469.582798717172,0.22522997856140137,647.3656933307648
198,50,32,10,0.8,0.8,0.2,0.2,76409.53991989429,76409.53992019333,0.02757740020751953,0.5837695598602295
199,50,52,10,0.8,0.8,0.2,0.2,32750.79567512808,32750.79567511148,0.0782163143157959,64.08099579811096
200,50,35,10,0.6,0.6,0.4,0.4,12057.733855514862,9595.382248420729,0.03315925598144531,1.2651400566101074
201,100,25,10,0.9,0.9,0.1,0.1,17525.5748670364,17525.574867016214,0.042049407958984375,0.10294890403747559
202,100,50,9,0.8888888888888888,0.8888888888888888,0.1111111111111111,0.1111111111111111,6020.076623108072,6020.076623100843,0.09598827362060547,0.7973127365112305
203,50,54,10,0.5,0.5,0.5,0.5,31651.095692498388,31651.095692533894,0.07373309135437012,178.4865162372589
204,50,50,8,0.875,0.75,0.125,0.25,31262.62504883104,51741.82671461282,0.05386471748352051,20.663344144821167
205,100,50,4,0.75,0.75,0.25,0.25,2502.3279810675735,2502.3279810670365,0.057205915451049805,0.3257901668548584
206,50,50,3,0.6666666666666666,0.6666666666666666,0.3333333333333333,0.3333333333333333,22853.862451127097,22853.862451102817,0.02608036994934082,0.23647427558898926
207,50,31,10,0.7,0.6,0.3,0.4,18991.356394772512,24975.42994642495,0.029964208602905273,0.2530083656311035
208,50,38,10,0.7,0.7,0.3,0.3,30596.462424894744,13142.746210599795,0.0323333740234375,0.9046127796173096
209,50,21,10,0.8,0.8,0.2,0.2,29921.583634047238,22969.757984159725,0.01893758773803711,0.11330938339233398
210,100,45,10,0.8,0.8,0.2,0.2,7554.293117723186,7554.293117854223,0.05922245979309082,0.7270936965942383
211,50,50,19,0.631578947368421,0.6842105263157895,0.3684210526315789,0.3157894736842105,109188.29172132006,191643.26726482128,0.1761627197265625,1495.0088188648224
212,100,65,10,0.9,0.9,0.1,0.1,16726.219387449142,16726.219386967536,0.08709383010864258,4.154881715774536
213,50,33,10,0.8,0.8,0.2,0.2,29132.468609271502,30324.667523776046,0.03686881065368652,0.5702126026153564
214,50,57,10,0.7,0.5,0.3,0.5,44194.38108274152,70307.25739677227,0.07508659362792969,1128.4023897647858
215,50,40,10,0.7,0.8,0.3,0.2,44752.19602647871,51373.961139561914,0.03138232231140137,2.6270134449005127
216,50,34,10,0.8,0.8,0.2,0.2,9918.711624769545,14323.701982569622,0.04546380043029785,0.3243422508239746
217,100,50,17,0.8235294117647058,0.8235294117647058,0.17647058823529413,0.17647058823529413,19202.717674623313,19202.717666688386,0.11264538764953613,19.773287057876587
218,50,53,10,0.7,0.7,0.3,0.3,26261.67890584204,26037.66451961935,0.06822633743286133,74.74375677108765
219,50,36,10,0.8,0.8,0.2,0.2,74343.86092117893,74343.86092310252,0.028684139251708984,2.380164861679077
220,50,50,11,0.7272727272727273,0.7272727272727273,0.2727272727272727,0.2727272727272727,51073.39753969658,51073.39750284524,0.06097221374511719,155.0331220626831
221,100,100,10,0.8,0.8,0.2,0.2727272727272727,20164.280906221105,20164.28090829681,0.27567124366760254,3600.4237408638
222,50,51,10,0.5,0.6,0.5,0.4,14951.18763949494,16131.743954239471,0.054941654205322266,59.92033767700195
223,100,90,10,0.9,0.9,0.1,0.1,11962.077602254389,11962.077602421561,0.1690216064453125,204.86806082725525
224,50,50,18,0.7222222222222222,0.5555555555555556,0.2777777777777778,0.4444444444444444,136837.0043143925,398527.71383763745,0.08727812767028809,557.5130677223206
225,100,50,3,1.0,1.0,0.0,0.0,1991.6851837850918,1991.6851837850859,0.03258085250854492,0.1271522045135498
226,50,70,10,0.5,0.5,0.5,0.5,9129.656390053062,6693.133052678675,0.08973240852355957,3603.211776971817
227,50,50,13,0.7692307692307693,0.6923076923076923,0.23076923076923078,0.3076923076923077,51050.34450458385,46850.812926736864,0.0736689567565918,117.18946194648743
228,100,60,10,1.0,1.0,0.0,0.0,8540.740215081041,8540.740215082593,0.08359456062316895,1.774444818496704
229,50,60,10,0.7,0.7,0.3,0.3,52075.16687655412,52075.166875937415,0.08129048347473145,3601.5871663093567
230,100,50,10,0.7,0.7,0.3,0.3,20605.41036375421,20605.410364088086,0.08071613311767578,3.381582021713257
231,50,55,10,0.8,0.8,0.2,0.2,55272.08745062993,55272.0874500535,0.08011317253112793,216.97708320617676
232,50,37,10,0.7,0.7,0.3,0.3,19508.88126594106,19508.881266207856,0.03654742240905762,0.7106931209564209
233,100,50,5,1.0,1.0,0.0,0.0,2054.9354092646067,2054.9354092641547,0.0482330322265625,0.17740488052368164
234,100,50,20,0.75,0.75,0.25,0.25,30776.828474439604,30776.82848700724,0.17410659790039062,8.761086702346802
235,50,39,10,0.8,0.8,0.2,0.2,27562.571499592792,27562.57150032452,0.026427030563354492,0.3855140209197998
236,50,58,10,0.8,0.8,0.2,0.2,24121.517434688267,24121.51743505811,0.07288265228271484,1100.6135213375092
237,50,50,6,0.8333333333333334,0.8333333333333334,0.16666666666666666,0.2857142857142857,25590.153941672495,25590.153942716257,0.03402829170227051,2.421750068664551
238,100,50,2,0.5,0.5,0.5,0.5,3440.940211277711,3440.9402112776997,0.036193132400512695,0.15001630783081055
239,100,85,10,0.8,0.7,0.2,0.3,7285.404664765355,8272.4825092667,0.23136520385742188,52.56006932258606
240,50,22,10,0.9,0.8,0.1,0.2,23493.104595501176,42083.927023007855,0.026654481887817383,0.09726476669311523
241,50,50,1,1.0,1.0,0.0,0.0,16.4833600121378,16.483360011943052,0.018322467803955078,0.14081048965454102
242,100,105,10,1.0,1.0,0.0,0.09090909090909091,26774.73745742678,26774.73745378551,0.17434334754943848,3602.3749697208405
243,50,56,10,0.7,0.7,0.3,0.3,22239.365672017768,22239.365671930347,0.052616119384765625,328.60728788375854
244,50,41,10,0.7,0.7,0.3,0.3,39038.13533364401,35680.34801610261,0.04117465019226074,1.53114652633667
245,100,70,10,0.9,0.9,0.1,0.1,13039.93687327005,13039.936871715146,0.15137362480163574,3.3120081424713135
246,50,24,10,1.0,1.0,0.0,0.0,10770.493634525163,10770.493634724258,0.022649288177490234,0.08471846580505371
247,50,50,16,0.6875,0.6875,0.3125,0.3125,128853.5536023997,127889.44129661117,0.15070033073425293,1697.7565257549286
248,50,50,12,0.75,0.6666666666666666,0.25,0.3333333333333333,18647.096601211746,36007.76344441796,0.06833839416503906,134.90107226371765
249,100,50,8,0.875,0.875,0.125,0.125,5590.292865089266,5590.292864732757,0.07686686515808105,0.44063258171081543
250,50,50,7,0.7142857142857143,0.7142857142857143,0.2857142857142857,0.2857142857142857,14432.528840782168,14432.528840775261,0.032158851623535156,5.93578577041626
251,50,59,10,0.6,0.5,0.4,0.5,37035.42523244459,59174.96965327965,0.06861305236816406,1398.8616905212402
252,50,20,10,0.9,0.9,0.1,0.1,42875.61050957777,42875.61050572974,0.0209810733795166,0.05575847625732422
253,100,55,10,0.9,0.8,0.1,0.2,9090.852278477701,6893.23970604663,0.08495879173278809,2.1295430660247803
254,50,23,10,0.7,0.7,0.3,0.3,22630.3004499366,22630.30044989456,0.0299069881439209,0.07996678352355957
255,100,30,10,0.9,0.9,0.1,0.1,15155.073850810008,15155.073852126254,0.03653597831726074,0.07908058166503906
256,50,30,10,0.7,0.7,0.3,0.3,77999.40685863348,77999.40685918323,0.03539228439331055,0.2754666805267334
257,50,50,14,0.6428571428571429,0.6428571428571429,0.35714285714285715,0.35714285714285715,29100.48219750019,29100.482198596816,0.07638311386108398,334.7056505680084
258,100,50,19,0.6842105263157895,0.631578947368421,0.3157894736842105,0.3684210526315789,22683.729040851642,24051.53014257836,0.2119457721710205,37.74616003036499
259,50,43,10,0.7,0.6,0.3,0.4,40731.04069712779,49686.68067312134,0.04250049591064453,3.70818829536438
260,50,42,10,0.8,0.8,0.2,0.2,37153.47726697236,37153.47726687346,0.038062334060668945,3.965841054916382
261,50,25,10,0.9,0.9,0.1,0.1,31765.687066051752,30006.51847131491,0.017207860946655273,0.08903908729553223
262,100,50,15,0.8,0.7333333333333333,0.2,0.26666666666666666,30508.91669010138,33008.772128539305,0.12802743911743164,3.113554000854492
263,50,62,10,0.9,0.9,0.1,0.1,67101.83260936283,67101.83260938492,0.055020809173583984,3601.3645951747894
264,50,61,10,0.8,0.8,0.2,0.2,46574.50812677888,46574.50812846946,0.11641836166381836,3601.3003907203674
265,50,50,4,0.5,0.5,0.5,0.5,11834.20501552987,11413.971527312546,0.0310208797454834,0.7489607334136963
266,50,27,10,0.8,0.8,0.2,0.2,56640.16921024154,56640.1691702037,0.0334622859954834,0.07198786735534668
267,50,26,10,0.8,0.8,0.2,0.2,18197.007604863462,18197.007604383416,0.027606487274169922,0.0570068359375
268,100,110,10,0.7,0.7,0.3,0.3,18297.205802312375,18297.205802311855,0.17678165435791016,3605.0782747268677
269,50,46,10,0.9,0.7,0.1,0.3,26421.130154141305,88967.86482618941,0.031854867935180664,11.684724569320679
270,50,29,10,0.8,0.8,0.2,0.2,19001.05900305535,24659.022084873308,0.028138160705566406,0.10395383834838867
271,50,45,10,0.9,0.9,0.1,0.1,35545.40252773439,35545.4025276932,0.05078005790710449,10.035860538482666
272,50,28,10,0.9,0.8,0.1,0.2,31623.991747145064,63230.892364468986,0.027239322662353516,0.5131282806396484
273,50,50,15,0.5333333333333333,0.5333333333333333,0.4666666666666667,0.4666666666666667,270553.8764158556,270553.8764165592,0.11803174018859863,259.2731239795685
274,50,65,10,0.7,0.7,0.3,0.3,46392.619637509575,46392.61960239244,0.10052037239074707,3601.421175956726
275,100,50,11,0.9090909090909091,0.9090909090909091,0.09090909090909091,0.09090909090909091,6986.997324521265,6986.997324676253,0.10897541046142578,2.2397584915161133
276,50,44,10,0.9,0.8,0.1,0.2,76794.59122729837,81254.924141941,0.04587888717651367,21.280235767364502
277,50,68,10,0.7,0.7,0.3,0.3,88786.75964304255,88786.75964283671,0.10489010810852051,3602.0367720127106
278,100,75,10,0.8,0.8,0.2,0.2,13019.39572787111,13019.395727782743,0.18500232696533203,14.230008602142334
279,50,63,10,0.8,0.8,0.2,0.2,53909.50291632868,53909.50291480211,0.0566716194152832,3601.740560531616
280,100,50,18,0.8888888888888888,0.9444444444444444,0.1111111111111111,0.05555555555555555,33913.70976840967,26512.7821707804,0.17272043228149414,3.9845786094665527
281,100,20,10,0.9,0.9,0.1,0.1,7943.160065289785,7943.160064991415,0.04988574981689453,0.060663700103759766
282,50,50,17,0.5294117647058824,0.5882352941176471,0.47058823529411764,0.4117647058823529,174786.58098874736,371902.63834096474,0.20606470108032227,557.8936426639557
283,100,50,13,0.8461538461538461,0.8461538461538461,0.15384615384615385,0.15384615384615385,19513.76864167219,19513.76863560484,0.1493537425994873,1.503105640411377
284,100,50,14,0.8571428571428571,0.8571428571428571,0.14285714285714285,0.14285714285714285,29888.17811422276,29888.178114285536,0.16133952140808105,1.764848232269287
285,100,35,10,0.8,0.8,0.2,0.2,10587.67073259833,10587.670732662398,0.06897258758544922,0.15619874000549316
286,50,64,10,0.8,0.8,0.2,0.2,32998.673717736834,32998.67371542043,0.07520270347595215,3606.626264333725
287,50,47,10,0.8,0.8,0.2,0.5294117647058824,42874.17130467066,42874.1713047209,0.0592646598815918,19.106759309768677
288,50,66,10,0.6,0.6,0.4,0.4,12843.585083378366,12843.585092184052,0.07101655006408691,3601.5607039928436
289,50,49,10,0.9,0.9,0.1,0.1,6176.618838582857,6176.618838578619,0.0595550537109375,8.29693055152893
290,50,50,10,0.9,1.0,0.1,0.16666666666666666,70006.14981578497,70006.14981578101,0.054673194885253906,14.185487747192383
291,50,48,10,0.7,0.6,0.3,0.4,19326.027310903777,51331.041064514546,0.05366373062133789,8.971099853515625
292,50,50,9,1.0,1.0,0.0,0.0,42917.91309553823,42917.91309623352,0.06234931945800781,64.6573212146759
293,50,67,10,0.9,0.8,0.1,0.2,36702.16113737353,34827.91097340229,0.07124066352844238,3602.645867586136
294,100,50,6,0.8333333333333334,0.8333333333333334,0.16666666666666666,0.16666666666666666,11195.957077877883,11195.957077778423,0.04743671417236328,0.19000720977783203
295,100,40,10,0.9,0.9,0.1,0.1,9610.779725181175,9610.779724907185,0.06691765785217285,0.19083142280578613
296,50,50,5,0.6,0.6,0.4,0.4,8142.419444494706,8142.419444497564,0.0330052375793457,2.4397618770599365
297,100,50,1,1.0,1.0,0.0,0.0,247.71014951092326,247.71014951092315,0.026798009872436523,0.15599441528320312
298,100,80,10,0.9,0.9,0.1,0.1,26510.985021127148,26510.985019824187,0.18472075462341309,10.614673614501953
299,50,50,20,0.45,0.6,0.55,0.4,199628.53296766515,144724.30035513733,0.1645190715789795,441.528685092926
300,100,50,16,0.6875,0.6875,0.3125,0.3125,22030.404667616844,22030.404801854456,0.15848326683044434,47.91564726829529
301,100,50,12,0.9166666666666666,0.9166666666666666,0.08333333333333333,0.08333333333333333,13154.06944433558,13154.069443499135,0.11840629577636719,4.946457862854004
302,50,50,2,1.0,1.0,0.0,0.0,1270.413709835381,1270.4137098352592,0.01911187171936035,0.17738938331604004
303,50,69,10,0.8,0.8,0.2,0.2,48689.09716784595,48689.09716725596,0.08436226844787598,3602.472432374954
304,100,50,7,0.8571428571428571,0.8571428571428571,0.14285714285714285,0.14285714285714285,12660.514240202503,12660.514240205533,0.04313063621520996,0.4502108097076416
305,100,95,10,0.8,0.8,0.2,0.2,44496.292562048824,44496.29256198485,0.19029664993286133,227.5644974708557
306,50,32,10,0.7,0.7,0.3,0.3,23762.817613650943,23762.817613651758,0.0263822078704834,0.16756224632263184
307,50,52,10,0.7,0.7,0.3,0.3,77664.51114662008,61684.33816451321,0.09795570373535156,67.0594003200531
308,50,35,10,0.9,1.0,0.1,0.0,18890.2398618863,10229.145599731868,0.03799557685852051,1.4412860870361328
309,100,25,10,0.9,0.9,0.1,0.1,2098.0405186028615,2098.0405186061944,0.040241241455078125,0.04868936538696289
310,100,50,9,0.8888888888888888,0.8888888888888888,0.1111111111111111,0.1111111111111111,22409.083186662403,14564.299113602543,0.06783771514892578,0.6541674137115479
311,50,54,10,0.7,0.8,0.3,0.2,60435.16965936274,27957.819965573457,0.05240654945373535,306.41224455833435
312,50,50,8,0.5,0.5,0.5,0.5,67304.59320226437,67304.59320042285,0.0793616771697998,22.43846607208252
313,100,50,4,1.0,1.0,0.0,0.0,5417.941770291975,5417.94177029058,0.048078060150146484,0.18783211708068848
314,50,50,3,0.6666666666666666,0.6666666666666666,0.3333333333333333,0.3333333333333333,2417.1592557699614,2417.1592557699405,0.027976036071777344,0.22546601295471191
315,50,31,10,0.7,0.7,0.3,0.3,59221.32148926589,48901.70792674974,0.028720617294311523,1.0651888847351074
316,50,38,10,0.7,0.7,0.3,0.3,50875.622333229185,50875.62233341219,0.05672430992126465,0.7371394634246826
317,50,21,10,0.9,0.9,0.1,0.1,35174.21742240868,35174.21741954344,0.018631696701049805,0.03759622573852539
318,100,45,10,0.9,0.9,0.1,0.1,15761.007160366269,15761.007160638392,0.13166356086730957,0.316605806350708
319,50,50,19,0.6842105263157895,0.631578947368421,0.3157894736842105,0.3684210526315789,93933.58775486413,134706.28333491544,0.11469602584838867,213.9287407398224
320,100,65,10,0.8,0.7,0.2,0.3,8331.703073783292,12733.174006561789,0.17252874374389648,13.172105550765991
321,50,33,10,0.7,0.6,0.3,0.4,15477.157086845345,4326.5962043327845,0.03387022018432617,0.7466275691986084
322,50,57,10,0.7,0.7,0.3,0.3,33680.333965172365,33680.33396566663,0.0668630599975586,1333.8491616249084
323,50,40,10,0.8,0.7,0.2,0.3,26053.27028248221,34609.671007138284,0.04879450798034668,7.095121622085571
324,50,34,10,0.8,0.8,0.2,0.2,7758.075579280994,7837.6761820270085,0.04198455810546875,0.5197422504425049
325,100,50,17,0.8235294117647058,0.8235294117647058,0.17647058823529413,0.17647058823529413,34432.7420590554,34432.74202628527,0.11950564384460449,20.038259267807007
326,50,53,10,0.7,0.7,0.3,0.3,88127.46741209117,88127.4674107614,0.07612037658691406,105.69171953201294
327,50,36,10,0.7,0.7,0.3,0.3,10176.238896384593,10176.2388963936,0.053727149963378906,0.3777649402618408
328,50,50,11,0.5454545454545454,0.5454545454545454,0.45454545454545453,0.45454545454545453,55211.30110638515,55211.30112166953,0.06502699851989746,77.71158409118652
329,100,100,10,0.9,0.9,0.1,0.25,9837.256061272305,9837.25606131706,0.19467926025390625,2098.223147392273
330,50,51,10,0.8,0.7,0.2,0.3,22609.595921480115,14196.761174212505,0.04699110984802246,71.71112561225891
331,100,90,10,0.8,0.8,0.2,0.2,15973.354285793428,15973.354285615156,0.2808041572570801,303.680184841156
332,50,50,18,0.5555555555555556,0.6111111111111112,0.4444444444444444,0.3888888888888889,91144.7990579688,89400.99096768371,0.09583425521850586,348.7299385070801
333,100,50,3,1.0,1.0,0.0,0.0,197.3488610384283,197.3488610384953,0.027843713760375977,0.16049432754516602
334,50,70,10,0.6,0.6,0.4,0.4,18418.153096069535,20215.651519972354,0.08048701286315918,3601.5098927021027
335,50,50,13,0.7692307692307693,0.6153846153846154,0.23076923076923078,0.38461538461538464,58281.87267322758,126123.81612989612,0.057085514068603516,462.6052896976471
336,100,60,10,0.9,0.9,0.1,0.1,11870.317053498062,11870.317053417715,0.1130373477935791,4.739223957061768
337,50,60,10,0.7,0.6,0.3,0.4,24038.649883897095,43751.53979678277,0.08012843132019043,3601.705420255661
338,100,50,10,0.8,0.9,0.2,0.1,17331.407565488913,17388.02852494774,0.09365701675415039,0.6569581031799316
339,50,55,10,0.9,0.9,0.1,0.1,19731.67407221737,19731.674074461378,0.05808591842651367,487.21942257881165
340,50,37,10,0.8,0.8,0.2,0.2,40037.704899828714,33048.09691887784,0.04890918731689453,2.518916606903076
341,100,50,5,1.0,1.0,0.0,0.0,4957.348351997245,4957.348351997278,0.04636240005493164,0.17914938926696777
342,100,50,20,0.75,0.8,0.25,0.2,38895.496749750644,46653.13387883078,0.15531158447265625,9.43142056465149
343,50,39,10,1.0,0.8,0.0,0.2,27629.05657777493,27228.58621203801,0.03834390640258789,1.5758304595947266
344,50,58,10,0.7,0.8,0.3,0.2,39710.723821830274,31641.154241395892,0.06422686576843262,2222.9046483039856
345,50,50,6,1.0,1.0,0.0,0.0,21687.148534246902,21687.14853425284,0.03703594207763672,3.6637234687805176
346,100,50,2,1.0,1.0,0.0,0.0,2607.319797490574,2607.3197974905247,0.029577255249023438,0.15355467796325684
347,100,85,10,0.9,0.9,0.1,0.1,14242.156254723555,14242.156255202985,0.16992616653442383,50.76888036727905
348,50,22,10,0.7,0.7,0.3,0.3,38191.49082336624,34389.93290889916,0.023834943771362305,0.09560942649841309
349,50,50,1,1.0,1.0,0.0,0.0,888.5143954836736,888.5143954836734,0.013870000839233398,0.11244320869445801
350,100,105,10,0.8,0.8,0.2,0.2,12115.653680941276,12115.653680958745,0.2835071086883545,2782.0790541172028
351,50,56,10,0.9,0.9,0.1,0.1,13031.56150872237,13031.561508659554,0.07384252548217773,610.5790476799011
352,50,41,10,0.9,0.9,0.1,0.1,4663.550396511577,4663.550393423052,0.042799949645996094,0.6808111667633057
353,100,70,10,0.9,0.9,0.1,0.1,10325.256917021947,10325.256916453456,0.14789676666259766,8.334218978881836
354,50,24,10,0.6,0.6,0.4,0.4,4446.6042598563345,4446.60425812896,0.031061410903930664,0.06778669357299805
355,50,50,16,0.6875,0.8125,0.3125,0.1875,31132.308015938608,93391.47909206685,0.09308099746704102,201.76839518547058
356,50,50,12,0.75,0.5833333333333334,0.25,0.4166666666666667,39622.247937323686,78110.18647379766,0.06765174865722656,143.38398051261902
357,100,50,8,1.0,1.0,0.0,0.0,10602.651481347655,10602.651482773497,0.07978534698486328,0.5737254619598389
358,50,50,7,0.7142857142857143,0.7142857142857143,0.2857142857142857,0.2857142857142857,14308.978773372606,12080.55374176585,0.04990983009338379,6.577667474746704
359,50,59,10,0.8,0.7,0.2,0.3,35358.54423393828,45738.45781710544,0.06454110145568848,3600.4577503204346
360,50,20,10,0.8,0.8,0.2,0.2,28588.258878805973,28588.258879001707,0.019846200942993164,0.0732429027557373
361,100,55,10,0.9,0.9,0.1,0.1,8561.98594612013,8561.985946045867,0.08858728408813477,5.2032928466796875
362,50,23,10,0.8,0.8,0.2,0.2,17224.91024822765,18587.198600917473,0.023669719696044922,0.08937692642211914
363,100,30,10,0.8,0.8,0.2,0.2,10487.5952109822,10487.595210963727,0.05250406265258789,0.139495849609375
364,50,30,10,0.7,0.7,0.3,0.3,19486.282567345253,19486.282567411916,0.039852142333984375,0.1415717601776123
365,50,50,14,0.5714285714285714,0.5714285714285714,0.42857142857142855,0.42857142857142855,131203.21618166252,157360.31491658013,0.0735769271850586,762.1772646903992
366,100,50,19,0.7894736842105263,0.7894736842105263,0.21052631578947367,0.21052631578947367,24552.941429672122,24552.94143071815,0.20131826400756836,10.451673030853271
367,50,43,10,0.6,0.7,0.4,0.3,26984.16506205989,33393.30670841106,0.07245230674743652,5.481814622879028
368,50,42,10,0.9,0.9,0.1,0.1,67593.45749315943,67593.45749589137,0.055194854736328125,7.654009580612183
369,50,25,10,0.8,0.8,0.2,0.2,15920.336063322437,15920.3360629907,0.023352384567260742,0.09309172630310059
370,100,50,15,0.7333333333333333,0.7333333333333333,0.26666666666666666,0.26666666666666666,24583.013023597785,24583.01303076422,0.15922904014587402,3.1159377098083496
371,50,62,10,0.7,0.8,0.3,0.2,44198.94572891473,41255.85727278979,0.06951165199279785,3601.544298171997
372,50,61,10,0.8,0.7,0.2,0.3,24695.717502046395,26875.021167781215,0.05352044105529785,3600.622913122177
373,50,50,4,0.5,0.5,0.5,0.5,4531.8074565442985,4531.807456543605,0.026656389236450195,1.4932115077972412
374,50,27,10,0.9,0.9,0.1,0.1,24776.519536409072,33222.71719617205,0.01626133918762207,0.11380648612976074
375,50,26,10,0.8,0.8,0.2,0.2,20154.57460202749,20154.57460206127,0.030204296112060547,0.09366965293884277
376,100,110,10,0.8,0.8,0.2,0.2,12787.821461831112,12787.821461818961,0.2102501392364502,3601.8568692207336
377,50,46,10,0.7,0.5,0.3,0.5,10196.793158459983,30842.046034219635,0.0375363826751709,19.17405605316162
378,50,29,10,0.8,0.8,0.2,0.2,23998.929966480417,19276.480111383127,0.02320265769958496,0.3773977756500244
379,50,45,10,0.9,0.9,0.1,0.1,32958.24321649244,32958.243216557996,0.04663252830505371,5.66759467124939
380,50,28,10,0.9,0.9,0.1,0.1,43466.64773165292,43466.64773410912,0.0236971378326416,0.23335886001586914
381,50,50,15,0.5333333333333333,0.7333333333333333,0.4666666666666667,0.26666666666666666,51844.26846173972,32465.199741576944,0.07062888145446777,352.71080350875854
382,50,65,10,0.7,0.6,0.3,0.4,44318.26011145867,68746.0480853979,0.08529973030090332,3601.485615968704
383,100,50,11,0.9090909090909091,0.9090909090909091,0.09090909090909091,0.09090909090909091,12765.016596812897,12765.016597071659,0.0745692253112793,1.280024528503418
384,50,44,10,0.7,0.7,0.3,0.3,21710.41264622876,21710.412645962013,0.04590559005737305,4.323405504226685
385,50,68,10,0.7,0.9,0.3,0.1,59430.407825146896,25877.93237418319,0.06867694854736328,3602.250988960266
386,100,75,10,0.8,0.8,0.2,0.2,6931.2828305902785,7333.999347478673,0.16942620277404785,21.28601574897766
387,50,63,10,0.8,0.7,0.2,0.3,43548.80141782336,70583.68225173616,0.055364131927490234,3601.3397574424744
388,100,50,18,0.8888888888888888,0.8333333333333334,0.1111111111111111,0.16666666666666666,54572.545831152005,44337.77139627234,0.12928271293640137,7.0835089683532715
389,100,20,10,0.9,0.9,0.1,0.1,16433.127996639214,16433.127996654082,0.031807661056518555,0.06876993179321289
390,50,50,17,0.8235294117647058,0.7647058823529411,0.17647058823529413,0.23529411764705882,62858.5782650874,72479.01335639766,0.1217660903930664,230.19375205039978
391,100,50,13,0.7692307692307693,0.8461538461538461,0.23076923076923078,0.15384615384615385,14856.874391949092,12889.461901571605,0.0908052921295166,22.414062023162842
392,100,50,14,0.8571428571428571,0.8571428571428571,0.14285714285714285,0.14285714285714285,23203.46030783439,23203.460306485886,0.0755312442779541,0.35691380500793457
393,100,35,10,0.9,0.9,0.1,0.1,17359.50093138488,17359.5009315373,0.04194903373718262,0.09957170486450195
394,50,64,10,0.8,0.8,0.2,0.2,54897.06777194831,54897.06777114859,0.05960965156555176,3601.3667044639587
395,50,47,10,0.6,0.7,0.4,0.3,43398.956481796355,72458.66470871819,0.05489945411682129,8.854895830154419
396,50,66,10,0.8,0.8,0.2,0.2,56229.7835138796,56229.78351395864,0.08577966690063477,3601.3070435523987
397,50,49,10,0.7,0.7,0.3,0.3,15437.00537112458,17679.55172390656,0.05222582817077637,6.613259553909302
398,50,50,10,0.8,0.8,0.2,0.2,35240.53617481715,34432.995569892686,0.05821371078491211,41.23077702522278
399,50,48,10,0.7,0.9,0.3,0.1,44508.106442314864,19105.826272767612,0.045351505279541016,20.829193115234375
400,50,50,9,0.8888888888888888,0.7777777777777778,0.1111111111111111,0.2222222222222222,37073.412597231014,37452.45699982804,0.059101104736328125,18.053407430648804
401,50,67,10,0.5,0.4,0.5,0.6,80068.23585390933,121639.9646153235,0.05736565589904785,3602.645117998123
402,100,50,6,0.8333333333333334,0.8333333333333334,0.16666666666666666,0.16666666666666666,4362.799735623815,4362.799735593711,0.07763242721557617,0.33019113540649414
403,100,40,10,0.9,0.9,0.1,0.1,17948.575256443622,17948.575255144176,0.05658578872680664,0.15142416954040527
404,50,50,5,1.0,1.0,0.0,0.0,7005.759589342097,7005.759589342857,0.032361745834350586,1.3689465522766113
405,100,50,1,1.0,1.0,0.0,0.0,1461.6293559000787,1461.6293559000792,0.024853229522705078,0.12755227088928223
406,100,80,10,0.9,0.9,0.1,0.1,10566.827885635232,10566.827885674056,0.16778230667114258,104.35879611968994
407,50,50,20,0.7,0.65,0.3,0.35,60546.850183452756,169854.1368091663,0.11963224411010742,454.0972023010254
408,100,50,16,0.875,0.875,0.125,0.125,24456.93969430299,24456.939692823755,0.1336667537689209,18.050265312194824
409,100,50,12,0.8333333333333334,0.8333333333333334,0.16666666666666666,0.16666666666666666,13172.631545010718,13172.631544949338,0.10308194160461426,11.141798257827759
410,50,50,2,0.5,0.5,0.5,0.5,4689.773798881843,4689.7737988824365,0.02693486213684082,0.16290283203125
411,50,69,10,0.8,0.8,0.2,0.2,42577.014171586154,42577.01417339107,0.06740307807922363,3601.8122074604034
412,100,50,7,0.7142857142857143,0.7142857142857143,0.2857142857142857,0.2857142857142857,8634.228624648582,8634.228624649135,0.07168722152709961,0.3535184860229492
413,100,95,10,0.8,0.8,0.2,0.2,14496.83667292487,14496.836672871304,0.24385929107666016,437.2416479587555
414,50,32,10,0.9,0.9,0.1,0.1,6358.056451202728,6358.056451186258,0.03265118598937988,0.31604552268981934
415,50,52,10,0.6,0.6,0.4,0.4,78223.93959562617,78223.93960256877,0.06446719169616699,40.42191171646118
416,50,35,10,0.7,0.8,0.3,0.2,25049.690832015556,33414.67633924249,0.04029560089111328,0.648085355758667
417,100,25,10,0.8,0.8,0.2,0.2,7617.548079560869,7617.54807855663,0.0400240421295166,0.04913616180419922
418,100,50,9,0.7777777777777778,0.7777777777777778,0.2222222222222222,0.2222222222222222,12948.904871123432,12948.904871183204,0.06585216522216797,3.4185757637023926
419,50,54,10,0.8,0.8,0.2,0.2,22407.291091209823,43249.198707723874,0.05738639831542969,259.21279788017273
420,50,50,8,0.75,0.75,0.25,0.25,41828.03875451033,41828.038754508365,0.03677845001220703,7.421661853790283
421,100,50,4,1.0,1.0,0.0,0.0,6022.585690817059,6022.585690811267,0.043524742126464844,0.13967370986938477
422,50,50,3,0.6666666666666666,0.6666666666666666,0.3333333333333333,0.3333333333333333,5998.923837528773,5998.923837533802,0.020999908447265625,0.26187562942504883
423,50,31,10,0.8,0.7,0.2,0.3,40566.87466629321,41865.75371031601,0.033380746841430664,0.7898197174072266
424,50,38,10,1.0,1.0,0.0,0.0,22900.779766876694,22900.77976652307,0.03173232078552246,0.5263402462005615
425,50,21,10,0.8,0.8,0.2,0.2,16672.602925176783,16672.602925272855,0.020836830139160156,0.06065225601196289
426,100,45,10,1.0,1.0,0.0,0.0,9431.853704629952,9431.853704632744,0.07523846626281738,0.13360142707824707
427,50,50,19,0.631578947368421,0.631578947368421,0.3684210526315789,0.3684210526315789,44223.813108427814,32940.622529469954,0.16959095001220703,820.3800404071808
428,100,65,10,0.8,0.8,0.2,0.2,13644.898266640856,13644.898265736967,0.1513371467590332,6.757803916931152
429,50,33,10,0.9,0.7,0.1,0.3,36955.49684197698,52578.0776503959,0.04387092590332031,0.45280027389526367
430,50,57,10,0.5,0.5,0.5,0.5,70126.56291539024,70126.56291666355,0.1409287452697754,727.545964717865
431,50,40,10,0.8,0.8,0.2,0.2,15774.899707267574,15774.899707385626,0.056070804595947266,3.0908312797546387
432,50,34,10,0.8,0.8,0.2,0.2,41281.951973813884,41281.95197262861,0.03349661827087402,0.197418212890625
433,100,50,17,0.7058823529411765,0.6470588235294118,0.29411764705882354,0.35294117647058826,36221.95955173063,37143.62012341058,0.1556389331817627,7.941512823104858
434,50,53,10,0.7,0.7,0.3,0.3,26494.348545936013,26494.348546175333,0.07426238059997559,124.55001664161682
435,50,36,10,0.7,0.7,0.3,0.3,47294.8030185215,47294.803011069765,0.058028221130371094,0.1950678825378418
436,50,50,11,0.8181818181818182,0.8181818181818182,0.18181818181818182,0.18181818181818182,66607.89801413064,56696.64534502565,0.05714750289916992,185.00747656822205
437,100,100,10,0.8,0.8,0.2,0.2,10528.9886812662,11747.695358017345,0.1902153491973877,2521.6132934093475
438,50,51,10,0.5,0.5,0.5,0.5,92136.62787585618,92136.62788252156,0.044557809829711914,88.42428827285767
439,100,90,10,0.9,0.9,0.1,0.1,16900.14470843137,16900.144708323587,0.21026349067687988,118.11949491500854
440,50,50,18,0.7222222222222222,0.6666666666666666,0.2777777777777778,0.3333333333333333,90943.4310670897,149533.28122687186,0.1406099796295166,741.641833782196
441,100,50,3,1.0,1.0,0.0,0.0,3014.520710052953,3014.5207100529865,0.04422903060913086,0.14496922492980957
442,50,70,10,0.9,0.9,0.1,0.1,27574.842160037824,31909.31942866598,0.07212018966674805,3602.285342693329
443,50,50,13,0.9230769230769231,0.9230769230769231,0.07692307692307693,0.07692307692307693,54134.525660773,54134.52566301831,0.060071706771850586,325.7197813987732
444,100,60,10,0.8,0.8,0.2,0.2,7924.0008349649,7924.000834947484,0.09352636337280273,3.217477798461914
445,50,60,10,0.6,0.6,0.4,0.4,49633.043712588114,81381.81356939896,0.06668519973754883,3601.4604167938232
446,100,50,10,1.0,1.0,0.0,0.0,7750.031345056095,7750.031345022367,0.07776427268981934,1.5514349937438965
447,50,55,10,0.7,0.7,0.3,0.3,36785.67552466273,52329.77590489518,0.05197787284851074,990.1925384998322
448,50,37,10,0.7,0.7,0.3,0.3,12140.912664745858,12574.939738846322,0.053920745849609375,1.6226074695587158
449,100,50,5,1.0,1.0,0.0,0.0,8328.049958374526,8328.0499583448,0.056711435317993164,0.2624697685241699
450,100,50,20,0.75,0.75,0.25,0.25,26967.818747560545,26967.818729132756,0.32284998893737793,31.058209657669067
451,50,39,10,0.8,0.8,0.2,0.2,16271.891710620741,17019.31939631722,0.04355645179748535,2.2806971073150635
452,50,58,10,0.8,0.7,0.2,0.3,19617.779471964757,46100.24925165854,0.08283162117004395,1866.2406034469604
453,50,50,6,0.8333333333333334,0.8333333333333334,0.16666666666666666,0.16666666666666666,13342.23514464113,13342.235144652328,0.032647132873535156,1.5618627071380615
454,100,50,2,1.0,1.0,0.0,0.0,437.2369495883184,437.2369495883093,0.026929140090942383,0.15927791595458984
455,100,85,10,1.0,1.0,0.0,0.0,11813.732992621199,11813.732992664645,0.15193963050842285,42.6418993473053
456,50,22,10,0.8,0.8,0.2,0.2,45280.20457988933,45280.2045702408,0.03291153907775879,0.03986644744873047
457,50,50,1,1.0,1.0,0.0,0.0,15.301825456374724,15.301825456374718,0.018008708953857422,0.11150169372558594
458,100,105,10,0.9,0.9,0.1,0.1,8359.683488762203,8359.683488801467,0.24052715301513672,3602.3156447410583
459,50,56,10,0.8,0.8,0.2,0.2,29081.968635315425,29081.96863362153,0.03833293914794922,643.7488632202148
460,50,41,10,0.7,0.7,0.3,0.3,54107.52549669036,54107.5254963264,0.038869619369506836,1.8717410564422607
461,100,70,10,0.6,0.6,0.4,0.4,6844.191160705499,6844.191160791755,0.15289926528930664,153.07611632347107
462,50,24,10,0.7,0.8,0.3,0.2,31698.220886291383,17807.327802844975,0.020015716552734375,0.10706567764282227
463,50,50,16,0.75,0.75,0.25,0.25,84726.25052717284,90361.23607475679,0.0998375415802002,334.6861367225647
464,50,50,12,0.6666666666666666,0.75,0.3333333333333333,0.25,74360.66849090488,124755.0345047629,0.0628817081451416,32.092418909072876
465,100,50,8,0.875,0.75,0.125,0.25,6657.543429981105,6336.811607902748,0.0702207088470459,5.846980094909668
466,50,50,7,0.5714285714285714,0.5714285714285714,0.42857142857142855,0.42857142857142855,15160.849525982605,15160.849526023589,0.04390907287597656,36.44772982597351
467,50,59,10,0.7,0.7,0.3,0.3,74104.61690693785,74104.61690690069,0.1288621425628662,3601.255730867386
468,50,20,10,0.8,0.8,0.2,0.2,29433.9087578803,29433.90875851125,0.0194854736328125,0.04382920265197754
469,100,55,10,0.9,0.9,0.1,0.1,9341.686792371856,9341.686792933839,0.09082674980163574,0.8833332061767578
470,50,23,10,0.9,0.9,0.1,0.1,11153.27540868476,11153.275408494625,0.02265167236328125,0.20768094062805176
471,100,30,10,1.0,1.0,0.0,0.0,15910.819183740114,15910.819183518874,0.04217529296875,0.05648469924926758
472,50,30,10,0.9,0.9,0.1,0.1,19956.335806576237,19956.335808750806,0.02996540069580078,0.16439175605773926
473,50,50,14,0.6428571428571429,0.7142857142857143,0.35714285714285715,0.2857142857142857,66298.23024489987,83111.42680706555,0.0781562328338623,478.9956908226013
474,100,50,19,0.8421052631578947,0.8421052631578947,0.15789473684210525,0.15789473684210525,29549.14338927986,29549.14338810742,0.15553855895996094,3.8430092334747314
475,50,43,10,0.6,0.6,0.4,0.4,7521.013657352751,7521.0136573596155,0.048821210861206055,3.878302574157715
476,50,42,10,0.7,0.7,0.3,0.3,28928.212264181133,22686.43021150944,0.043323516845703125,3.522972822189331
477,50,25,10,0.7,0.7,0.3,0.3,9420.289302234385,9420.289302225257,0.022066354751586914,0.10512971878051758
478,100,50,15,0.9333333333333333,0.7333333333333333,0.06666666666666667,0.26666666666666666,11605.29460263757,14143.175744265734,0.14830493927001953,5.333401441574097
479,50,62,10,0.6,0.5,0.4,0.5,42823.0413911642,57410.67347018978,0.07344293594360352,3601.3123219013214
480,50,61,10,0.9,0.9,0.1,0.1,63484.02797512695,63484.027976003665,0.06313419342041016,3602.1905682086945
481,50,50,4,1.0,1.0,0.0,0.0,16309.94397709362,16309.943977093286,0.025140762329101562,0.41187334060668945
482,50,27,10,0.9,0.8,0.1,0.2,33367.72076894943,24519.81601442674,0.02524256706237793,0.07471346855163574
483,50,26,10,0.8,0.8,0.2,0.2,43686.336371654055,43686.33636612672,0.022055625915527344,0.06661248207092285
484,100,110,10,0.7,0.7,0.3,0.3,12006.549419541143,12006.5494195242,0.2780478000640869,3601.8661704063416
485,50,46,10,0.8,0.8,0.2,0.2,58040.41348326134,58040.41348274405,0.049573421478271484,6.25397801399231
486,50,29,10,0.7,0.7,0.3,0.3,6007.160636744635,9389.790231293777,0.02955317497253418,0.15094876289367676
487,50,45,10,0.9,0.9,0.1,0.1,22183.037316743314,22183.037315093778,0.03747701644897461,2.6669440269470215
488,50,28,10,0.9,0.9,0.1,0.1,37204.19949221966,37204.199493397886,0.0315403938293457,0.12176132202148438
489,50,50,15,0.6666666666666666,0.8,0.3333333333333333,0.2,280534.8981861704,155073.3836569895,0.08768987655639648,201.29638671875
490,50,65,10,0.7,0.7,0.3,0.3,32236.34772693458,32236.347726691696,0.05201578140258789,3601.165449619293
491,100,50,11,0.7272727272727273,0.6363636363636364,0.2727272727272727,0.36363636363636365,12630.896057173597,15660.422966667767,0.07099103927612305,2.7647178173065186
492,50,44,10,0.7,0.8,0.3,0.2,91038.38240328616,77643.59516530484,0.04299044609069824,6.3934104442596436
493,50,68,10,0.4,0.4,0.6,0.6,271722.72509493947,307736.39312542515,0.07534122467041016,3601.620368242264
494,100,75,10,1.0,1.0,0.0,0.0,17031.315667971583,17031.315668282557,0.09236526489257812,3.498121738433838
495,50,63,10,0.6,0.6,0.4,0.4,87521.5667160968,116738.03807118861,0.0784006118774414,3601.427510738373
496,100,50,18,0.8888888888888888,0.8888888888888888,0.1111111111111111,0.1111111111111111,27652.81326779435,32318.40479050111,0.15395641326904297,29.119991779327393
497,100,20,10,0.8,0.8,0.2,0.2,10790.131701267692,10790.13170206258,0.026065587997436523,0.06313252449035645
498,50,50,17,0.6470588235294118,0.6470588235294118,0.35294117647058826,0.35294117647058826,90050.6569063353,90050.65685264893,0.09887981414794922,822.6684079170227
499,100,50,13,1.0,1.0,0.0,0.0,13538.350233634386,13538.350233610448,0.09385848045349121,2.711090326309204
500,100,50,14,0.8571428571428571,0.8571428571428571,0.14285714285714285,0.14285714285714285,21633.158628580557,21633.158630495953,0.1172642707824707,3.860710382461548
501,100,35,10,1.0,1.0,0.0,0.0,12923.095793285764,12923.095793298733,0.04195261001586914,0.09879326820373535
502,50,64,10,0.9,0.9,0.1,0.1,11966.171145500235,11966.171145844872,0.07417750358581543,3602.7673597335815
503,50,47,10,0.5,0.5,0.5,0.5,45026.5389686757,36206.595552514234,0.05327749252319336,13.208152294158936
504,50,66,10,0.8,0.8,0.2,0.2,37999.47612976714,38943.723827020156,0.062010765075683594,3601.752852201462
505,50,49,10,0.8,0.8,0.2,0.2,54808.62625765598,54808.62625750273,0.042562246322631836,11.335618495941162
506,50,50,10,0.8,0.8,0.2,0.2,14815.478316074736,26228.710897534136,0.04704880714416504,66.43015623092651
507,50,48,10,0.7,0.7,0.3,0.3,24947.85144919407,42687.13560212997,0.06051826477050781,59.34437608718872
508,50,50,9,0.5555555555555556,0.8888888888888888,0.4444444444444444,0.1111111111111111,152312.40278058592,38806.093960925784,0.05179286003112793,26.52621030807495
509,50,67,10,0.7,0.7,0.3,0.3,35462.533547218816,73348.49722814195,0.06705713272094727,3602.2994422912598
510,100,50,6,0.8333333333333334,0.8333333333333334,0.16666666666666666,0.16666666666666666,6036.977233103827,7061.107302436501,0.059549808502197266,0.27193140983581543
511,100,40,10,0.7,0.7,0.3,0.3,5524.0307828450395,5000.702497539866,0.05536150932312012,3.708261728286743
512,50,50,5,1.0,1.0,0.0,0.0,11113.564049254075,11113.564049138247,0.027431249618530273,0.7837002277374268
513,100,50,1,1.0,1.0,0.0,0.0,2201.8677843895866,2201.8677843895857,0.024297237396240234,0.10690093040466309
514,100,80,10,0.9,0.9,0.1,0.1,11519.5113578171,11519.511358380627,0.1959390640258789,131.59282851219177
515,50,50,20,0.8,0.6,0.2,0.4,185143.71355925576,294410.17623165436,0.08692240715026855,791.6511106491089
516,100,50,16,0.9375,0.9375,0.0625,0.0625,23440.61382870407,23440.613827057918,0.0821373462677002,4.373034954071045
517,100,50,12,0.9166666666666666,0.9166666666666666,0.08333333333333333,0.08333333333333333,15583.698710429022,15583.698710419038,0.0666658878326416,0.7597088813781738
518,50,50,2,1.0,1.0,0.0,0.0,787.9580467553285,787.9580467553253,0.020399808883666992,0.1392066478729248
519,50,69,10,0.7,0.7,0.3,0.3,102676.9052605192,102676.90526070693,0.09002447128295898,3601.761080265045
520,100,50,7,0.7142857142857143,0.7142857142857143,0.2857142857142857,0.2857142857142857,2629.6757433307093,2629.6757433012053,0.06574201583862305,0.2776298522949219
521,100,95,10,1.0,1.0,0.0,0.0,11640.14609100256,11640.146091747663,0.25553464889526367,361.53943395614624
522,50,32,10,0.8,0.8,0.2,0.2,37379.96206033084,37379.962060017635,0.0273592472076416,0.33971214294433594
523,50,52,10,0.8,0.8,0.2,0.2,16721.112754287922,16721.11275415288,0.05545377731323242,69.78256893157959
524,50,35,10,0.7,0.7,0.3,0.3,42016.8837685696,42016.88376377282,0.04081106185913086,1.1956899166107178
525,100,25,10,0.8,0.8,0.2,0.2,8315.820894650291,8315.820894646584,0.036156415939331055,0.0857539176940918
526,100,50,9,0.7777777777777778,0.7777777777777778,0.2222222222222222,0.2222222222222222,3577.54509684242,3577.545096839366,0.114776611328125,0.6611754894256592
527,50,54,10,0.8,0.7,0.2,0.3,24564.155447853293,42616.220579161476,0.06806087493896484,547.5244719982147
528,50,50,8,0.75,0.75,0.25,0.25,25197.210884977423,25197.21088505329,0.048521995544433594,10.7106294631958
529,100,50,4,1.0,1.0,0.0,0.0,6411.23479456124,6411.234794561572,0.05574154853820801,0.17719006538391113
530,50,50,3,1.0,1.0,0.0,0.0,13489.777317375769,13489.777317375763,0.026154041290283203,0.3224303722381592
531,50,31,10,0.7,0.6,0.3,0.4,35029.19357360317,59464.81382172442,0.04321002960205078,0.4682636260986328
532,50,38,10,0.7,0.7,0.3,0.3,17362.104631820002,16940.280653603288,0.045551300048828125,1.5106351375579834
533,50,21,10,0.9,0.9,0.1,0.1,61082.21279304558,61082.21279831753,0.018578529357910156,0.07030963897705078
534,100,45,10,0.8,0.8,0.2,0.2,7256.466591446585,7256.466591445882,0.10577058792114258,2.818509578704834
535,50,50,19,0.7894736842105263,0.7894736842105263,0.21052631578947367,0.21052631578947367,37046.952677280715,44343.59050125371,0.08749794960021973,621.1582183837891
536,100,65,10,0.8,0.8,0.2,0.42857142857142855,6899.509809242249,6899.509809227561,0.12685823440551758,5.510935544967651
537,50,33,10,0.7,0.8,0.3,0.2,29734.276400503273,26284.94129255701,0.03232431411743164,0.30936169624328613
538,50,57,10,0.6,0.8,0.4,0.2,75237.82549800558,169763.15860752022,0.06715846061706543,1939.5338430404663
539,50,40,10,1.0,1.0,0.0,0.0,28726.677739030438,28726.67773933893,0.045256853103637695,2.3936736583709717