,n,p,k,sigma,autodiff_accuracy,lasso_accuracy,autodiff_time,lasso_time,best_lambda,lasso_1_accuracy,lasso_10_accuracy
0,100,5,1,0.4472135954999579,1.0,1.0,12.074107885360718,0.4696483612060547,1.0,1.0,1.0
1,100,15,1,0.4472135954999579,1.0,1.0,213.31113696098328,2.3491408824920654,3.1622776601683795,0.0,1.0
2,100,4,1,0.4472135954999579,1.0,1.0,3.3754515647888184,0.14223742485046387,1.0,1.0,0.0
3,100,11,1,0.4472135954999579,1.0,1.0,78.162921667099,0.4292106628417969,1.0,1.0,1.0
4,100,1,5,0.4472135954999579,0.5,0.3333333333333333,0.7258079051971436,0.6077420711517334,1.0,0.3333333333333333,0.16666666666666666
5,100,19,5,0.4472135954999579,1.0,1.0,1092.772723197937,4.388021230697632,3.1622776601683795,0.16666666666666666,0.8333333333333334
6,100,2,5,0.4472135954999579,0.6666666666666666,0.5,1.8271114826202393,0.3379843235015869,1.0,0.5,0.16666666666666666
7,100,17,1,0.4472135954999579,1.0,1.0,346.9690885543823,4.535325527191162,3.1622776601683795,0.0,1.0
8,100,18,5,0.4472135954999579,1.0,1.0,1361.8379383087158,4.794609546661377,3.1622776601683795,0.0,0.8333333333333334
9,100,19,1,0.4472135954999579,1.0,1.0,519.9808585643768,3.3538756370544434,3.1622776601683795,0.0,1.0
10,100,7,5,0.4472135954999579,0.8333333333333334,0.8333333333333334,60.3903386592865,2.7917730808258057,3.1622776601683795,0.3333333333333333,0.3333333333333333
11,100,1,1,0.4472135954999579,1.0,1.0,0.10056805610656738,0.3730330467224121,1.0,1.0,0.0
12,100,12,5,0.4472135954999579,1.0,0.8333333333333334,299.1267569065094,2.6254634857177734,3.1622776601683795,0.16666666666666666,0.8333333333333334
13,100,6,5,0.4472135954999579,0.8333333333333334,0.8333333333333334,43.093788623809814,2.822803258895874,3.1622776601683795,0.0,0.5
14,100,8,5,0.4472135954999579,1.0,1.0,105.70529675483704,2.6954822540283203,3.1622776601683795,0.0,0.6666666666666666
15,100,7,1,0.4472135954999579,1.0,1.0,26.67268180847168,0.6473209857940674,1.0,1.0,1.0
16,100,20,5,0.4472135954999579,1.0,1.0,1515.9528226852417,2.8047115802764893,3.1622776601683795,0.0,0.8333333333333334
17,100,3,5,0.4472135954999579,0.5,0.6666666666666666,5.873958349227905,0.6745786666870117,1.0,0.6666666666666666,0.5
18,100,2,1,0.4472135954999579,1.0,1.0,0.9969601631164551,0.15519356727600098,1.0,1.0,0.0
19,100,18,1,0.4472135954999579,1.0,1.0,330.40256929397583,2.434229612350464,3.1622776601683795,0.0,1.0
20,100,6,1,0.4472135954999579,1.0,1.0,16.236015558242798,0.6734232902526855,1.0,1.0,1.0
21,100,20,1,0.4472135954999579,1.0,1.0,516.480340719223,2.4454891681671143,3.1622776601683795,0.0,1.0
22,100,14,5,0.4472135954999579,1.0,1.0,515.8493676185608,3.4460244178771973,3.1622776601683795,0.0,0.8333333333333334
23,100,5,5,0.4472135954999579,0.8333333333333334,0.8333333333333334,25.042779207229614,4.284027099609375,3.1622776601683795,0.0,0.5
24,100,13,5,0.4472135954999579,1.0,1.0,359.3195984363556,5.121827602386475,3.1622776601683795,0.0,0.8333333333333334
25,100,12,1,0.4472135954999579,1.0,1.0,102.63375568389893,0.43254542350769043,1.0,1.0,1.0
26,100,10,5,0.4472135954999579,1.0,1.0,203.86224150657654,4.768452882766724,3.1622776601683795,0.16666666666666666,0.8333333333333334
27,100,3,1,0.4472135954999579,0.0,0.0,1.5665044784545898,0.19979000091552734,1.0,0.0,0.0
28,100,4,5,0.4472135954999579,1.0,0.8333333333333334,14.344866514205933,2.890984535217285,3.1622776601683795,0.0,0.5
29,100,8,1,0.4472135954999579,1.0,1.0,30.702386140823364,0.4153604507446289,1.0,1.0,1.0
30,100,16,5,0.4472135954999579,1.0,1.0,719.7074937820435,4.568568706512451,3.1622776601683795,0.3333333333333333,0.8333333333333334
31,100,13,1,0.4472135954999579,1.0,1.0,147.05584025382996,2.490380048751831,3.1622776601683795,0.0,1.0
32,100,9,5,0.4472135954999579,0.8333333333333334,0.6666666666666666,155.4279625415802,3.0026869773864746,3.1622776601683795,0.16666666666666666,0.5
33,100,11,5,0.4472135954999579,1.0,1.0,249.1256890296936,3.2290780544281006,3.1622776601683795,0.0,0.6666666666666666
34,100,15,5,0.4472135954999579,0.8333333333333334,1.0,445.2522554397583,3.845698118209839,3.1622776601683795,0.0,0.8333333333333334
35,100,10,1,0.4472135954999579,1.0,1.0,72.05914115905762,0.3949453830718994,1.0,1.0,1.0
36,100,14,1,0.4472135954999579,1.0,1.0,229.82327961921692,0.8651771545410156,1.0,1.0,1.0
37,100,16,1,0.4472135954999579,1.0,1.0,307.68573093414307,3.6025443077087402,3.1622776601683795,0.0,1.0
38,100,9,1,0.4472135954999579,1.0,1.0,55.00107789039612,0.6308276653289795,1.0,1.0,1.0
39,100,17,5,0.4472135954999579,1.0,1.0,874.167985200882,4.949932098388672,3.1622776601683795,0.16666666666666666,0.8333333333333334
40,100,5,1,0.4472135954999579,1.0,1.0,9.897456407546997,0.24789142608642578,1.0,1.0,1.0
41,100,15,1,0.4472135954999579,1.0,1.0,224.54601192474365,3.842362642288208,3.1622776601683795,0.0,1.0
42,100,4,1,0.4472135954999579,1.0,1.0,4.267341375350952,0.32404017448425293,1.0,1.0,0.0
43,100,11,1,0.4472135954999579,1.0,1.0,83.5109076499939,0.6010866165161133,1.0,1.0,1.0
44,100,1,5,0.4472135954999579,0.5,0.3333333333333333,0.5931506156921387,0.6042978763580322,1.0,0.3333333333333333,0.16666666666666666
45,100,19,5,0.4472135954999579,1.0,1.0,889.054057598114,3.9354100227355957,3.1622776601683795,0.16666666666666666,0.8333333333333334
46,100,2,5,0.4472135954999579,0.6666666666666666,0.5,2.977482557296753,0.6409869194030762,1.0,0.5,0.16666666666666666
47,100,17,1,0.4472135954999579,1.0,1.0,307.09678316116333,2.199312210083008,3.1622776601683795,0.0,1.0
48,100,18,5,0.4472135954999579,1.0,1.0,1040.747777223587,3.050165891647339,3.1622776601683795,0.0,0.8333333333333334
49,100,19,1,0.4472135954999579,1.0,1.0,374.7016360759735,2.613487482070923,3.1622776601683795,0.0,1.0
50,100,7,5,0.4472135954999579,0.8333333333333334,0.8333333333333334,65.00612783432007,3.0595059394836426,3.1622776601683795,0.3333333333333333,0.3333333333333333
51,100,1,1,0.4472135954999579,1.0,1.0,0.165419340133667,0.3215494155883789,1.0,1.0,0.0
52,100,12,5,0.4472135954999579,1.0,0.8333333333333334,295.32713770866394,2.762575626373291,3.1622776601683795,0.16666666666666666,0.8333333333333334
53,100,6,5,0.4472135954999579,0.8333333333333334,0.8333333333333334,48.93587255477905,3.3759572505950928,3.1622776601683795,0.0,0.5
54,100,8,5,0.4472135954999579,1.0,1.0,100.48921823501587,2.4451067447662354,3.1622776601683795,0.0,0.6666666666666666
55,100,7,1,0.4472135954999579,1.0,1.0,32.77968621253967,0.3978004455566406,1.0,1.0,1.0
56,100,20,5,0.4472135954999579,1.0,1.0,1872.9131021499634,4.2997331619262695,3.1622776601683795,0.0,0.8333333333333334
57,100,3,5,0.4472135954999579,0.5,0.6666666666666666,8.011077165603638,0.8502390384674072,1.0,0.6666666666666666,0.5
58,100,2,1,0.4472135954999579,1.0,1.0,1.2041540145874023,0.24326133728027344,1.0,1.0,0.0
59,100,18,1,0.4472135954999579,1.0,1.0,433.7932221889496,2.9531431198120117,3.1622776601683795,0.0,1.0
60,100,6,1,0.4472135954999579,1.0,1.0,16.56143593788147,0.31345486640930176,1.0,1.0,1.0
61,100,20,1,0.4472135954999579,1.0,1.0,518.2717196941376,2.8860721588134766,3.1622776601683795,0.0,1.0
62,100,14,5,0.4472135954999579,1.0,1.0,465.5637867450714,4.172633647918701,3.1622776601683795,0.0,0.8333333333333334
63,100,5,5,0.4472135954999579,0.8333333333333334,0.8333333333333334,17.792716026306152,3.0997283458709717,3.1622776601683795,0.0,0.5
64,100,13,5,0.4472135954999579,1.0,1.0,332.7991063594818,2.4855291843414307,3.1622776601683795,0.0,0.8333333333333334
65,100,12,1,0.4472135954999579,1.0,1.0,126.11971402168274,0.9417295455932617,1.0,1.0,1.0
66,100,10,5,0.4472135954999579,1.0,1.0,204.1927387714386,2.3952083587646484,3.1622776601683795,0.16666666666666666,0.8333333333333334
67,100,3,1,0.4472135954999579,0.0,0.0,2.179640293121338,0.2927281856536865,1.0,0.0,0.0
68,100,4,5,0.4472135954999579,1.0,0.8333333333333334,12.617084980010986,2.722064256668091,3.1622776601683795,0.0,0.5
69,100,8,1,0.4472135954999579,1.0,1.0,25.779666900634766,0.3692052364349365,1.0,1.0,1.0
70,100,16,5,0.4472135954999579,1.0,1.0,866.2370777130127,4.400477647781372,3.1622776601683795,0.3333333333333333,0.8333333333333334
71,100,13,1,0.4472135954999579,1.0,1.0,154.05233454704285,2.4898126125335693,3.1622776601683795,0.0,1.0
72,100,9,5,0.4472135954999579,0.8333333333333334,0.6666666666666666,173.69816970825195,2.8788247108459473,3.1622776601683795,0.16666666666666666,0.5
73,100,11,5,0.4472135954999579,1.0,1.0,253.88949847221375,3.2762322425842285,3.1622776601683795,0.0,0.6666666666666666
74,100,15,5,0.4472135954999579,0.8333333333333334,1.0,433.72331523895264,3.0920028686523438,3.1622776601683795,0.0,0.8333333333333334
75,100,10,1,0.4472135954999579,1.0,1.0,74.71184253692627,0.3946549892425537,1.0,1.0,1.0
76,100,14,1,0.4472135954999579,1.0,1.0,157.50236082077026,0.44579529762268066,1.0,1.0,1.0
77,100,16,1,0.4472135954999579,1.0,1.0,241.84767770767212,4.19840669631958,3.1622776601683795,0.0,1.0
78,100,9,1,0.4472135954999579,1.0,1.0,44.72213959693909,0.5206480026245117,1.0,1.0,1.0
79,100,17,5,0.4472135954999579,1.0,1.0,708.3105185031891,2.5538413524627686,3.1622776601683795,0.16666666666666666,0.8333333333333334
80,100,5,1,0.4472135954999579,1.0,1.0,9.178917169570923,0.5417027473449707,1.0,1.0,1.0
81,100,15,1,0.4472135954999579,1.0,1.0,223.72835755348206,4.284486293792725,3.1622776601683795,0.0,1.0
82,100,4,1,0.4472135954999579,1.0,1.0,6.6996235847473145,0.14321565628051758,1.0,1.0,0.0
83,100,11,1,0.4472135954999579,1.0,1.0,79.70918369293213,0.33100295066833496,1.0,1.0,1.0
84,100,1,5,0.4472135954999579,0.5,0.3333333333333333,0.3115720748901367,0.6446664333343506,1.0,0.3333333333333333,0.16666666666666666
85,100,19,5,0.4472135954999579,1.0,1.0,905.0706341266632,2.6290981769561768,3.1622776601683795,0.16666666666666666,0.8333333333333334
86,100,2,5,0.4472135954999579,0.6666666666666666,0.5,1.8525924682617188,0.3411099910736084,1.0,0.5,0.16666666666666666
87,100,17,1,0.4472135954999579,1.0,1.0,284.8213438987732,3.1416444778442383,3.1622776601683795,0.0,1.0
88,100,18,5,0.4472135954999579,1.0,1.0,1109.0071890354156,2.8476412296295166,3.1622776601683795,0.0,0.8333333333333334
89,100,19,1,0.4472135954999579,1.0,1.0,412.5873680114746,2.382190704345703,3.1622776601683795,0.0,1.0
90,100,7,5,0.4472135954999579,0.8333333333333334,0.8333333333333334,61.1290283203125,3.893585443496704,3.1622776601683795,0.3333333333333333,0.3333333333333333
91,100,1,1,0.4472135954999579,1.0,1.0,0.2935953140258789,0.37419605255126953,1.0,1.0,0.0
92,100,12,5,0.4472135954999579,1.0,0.8333333333333334,301.17392349243164,3.258955240249634,3.1622776601683795,0.16666666666666666,0.8333333333333334
93,100,6,5,0.4472135954999579,0.8333333333333334,0.8333333333333334,50.78477740287781,4.148273706436157,3.1622776601683795,0.0,0.5
94,100,8,5,0.4472135954999579,1.0,1.0,101.54953360557556,2.660508632659912,3.1622776601683795,0.0,0.6666666666666666
95,100,7,1,0.4472135954999579,1.0,1.0,30.77128314971924,0.6165177822113037,1.0,1.0,1.0
96,100,20,5,0.4472135954999579,1.0,1.0,1838.8089392185211,3.2024126052856445,3.1622776601683795,0.0,0.8333333333333334
97,100,3,5,0.4472135954999579,0.5,0.6666666666666666,7.662945747375488,0.9288034439086914,1.0,0.6666666666666666,0.5
98,100,2,1,0.4472135954999579,1.0,1.0,0.8313887119293213,0.18449878692626953,1.0,1.0,0.0
99,100,18,1,0.4472135954999579,1.0,1.0,454.7676827907562,4.367224216461182,3.1622776601683795,0.0,1.0
100,100,6,1,0.4472135954999579,1.0,1.0,18.00811767578125,0.2924981117248535,1.0,1.0,1.0
101,100,20,1,0.4472135954999579,1.0,1.0,628.0577094554901,4.305480480194092,3.1622776601683795,0.0,1.0
102,100,14,5,0.4472135954999579,1.0,1.0,583.7045781612396,5.678269624710083,3.1622776601683795,0.0,0.8333333333333334
103,100,5,5,0.4472135954999579,0.8333333333333334,0.8333333333333334,25.4663302898407,4.867264270782471,3.1622776601683795,0.0,0.5
104,100,13,5,0.4472135954999579,1.0,1.0,401.6140396595001,3.8237106800079346,3.1622776601683795,0.0,0.8333333333333334
105,100,12,1,0.4472135954999579,1.0,1.0,110.8647952079773,0.7478370666503906,1.0,1.0,1.0
106,100,10,5,0.4472135954999579,1.0,1.0,201.92103552818298,4.645970582962036,3.1622776601683795,0.16666666666666666,0.8333333333333334
107,100,3,1,0.4472135954999579,0.0,0.0,2.3405280113220215,0.18815088272094727,1.0,0.0,0.0
108,100,4,5,0.4472135954999579,1.0,0.8333333333333334,14.541722297668457,3.252276659011841,3.1622776601683795,0.0,0.5
109,100,8,1,0.4472135954999579,1.0,1.0,26.14824390411377,0.3739035129547119,1.0,1.0,1.0
110,100,16,5,0.4472135954999579,1.0,1.0,720.9354133605957,3.7408058643341064,3.1622776601683795,0.3333333333333333,0.8333333333333334
111,100,13,1,0.4472135954999579,1.0,1.0,144.4639196395874,2.7656049728393555,3.1622776601683795,0.0,1.0
112,100,9,5,0.4472135954999579,0.8333333333333334,0.6666666666666666,166.69530868530273,2.49234676361084,3.1622776601683795,0.16666666666666666,0.5
113,100,11,5,0.4472135954999579,1.0,1.0,253.03069067001343,3.9678001403808594,3.1622776601683795,0.0,0.6666666666666666
114,100,15,5,0.4472135954999579,0.8333333333333334,1.0,437.16856241226196,2.94372820854187,3.1622776601683795,0.0,0.8333333333333334
115,100,10,1,0.4472135954999579,1.0,1.0,72.10693097114563,0.796215295791626,1.0,1.0,1.0
116,100,14,1,0.4472135954999579,1.0,1.0,177.83023190498352,0.5304782390594482,1.0,1.0,1.0
117,100,16,1,0.4472135954999579,1.0,1.0,235.5007200241089,2.217283010482788,3.1622776601683795,0.0,1.0
118,100,9,1,0.4472135954999579,1.0,1.0,46.51646900177002,0.5771200656890869,1.0,1.0,1.0
119,100,17,5,0.4472135954999579,1.0,1.0,748.7581026554108,3.8934683799743652,3.1622776601683795,0.16666666666666666,0.8333333333333334
120,100,5,1,0.4472135954999579,1.0,1.0,11.84990644454956,0.5911386013031006,1.0,1.0,1.0
121,100,15,1,0.4472135954999579,1.0,1.0,263.6978085041046,2.2847068309783936,3.1622776601683795,0.0,1.0
122,100,4,1,0.4472135954999579,1.0,1.0,5.249793767929077,0.29529857635498047,1.0,1.0,0.0
123,100,11,1,0.4472135954999579,1.0,1.0,112.5193440914154,0.2629506587982178,1.0,1.0,1.0
124,100,1,5,0.4472135954999579,0.5,0.3333333333333333,0.29577207565307617,0.578392505645752,1.0,0.3333333333333333,0.16666666666666666
125,100,19,5,0.4472135954999579,1.0,1.0,1059.4634003639221,3.468736410140991,3.1622776601683795,0.16666666666666666,0.8333333333333334
126,100,2,5,0.4472135954999579,0.6666666666666666,0.5,3.0968337059020996,0.9034197330474854,1.0,0.5,0.16666666666666666
127,100,17,1,0.4472135954999579,1.0,1.0,381.8721568584442,3.9586637020111084,3.1622776601683795,0.0,1.0
128,100,18,5,0.4472135954999579,1.0,1.0,1381.7357256412506,4.257883310317993,3.1622776601683795,0.0,0.8333333333333334
129,100,19,1,0.4472135954999579,1.0,1.0,490.9620864391327,4.042981863021851,3.1622776601683795,0.0,1.0
130,100,7,5,0.4472135954999579,0.8333333333333334,0.8333333333333334,68.07008528709412,2.6748833656311035,3.1622776601683795,0.3333333333333333,0.3333333333333333
131,100,1,1,0.4472135954999579,1.0,1.0,0.10768556594848633,0.38501834869384766,1.0,1.0,0.0
132,100,12,5,0.4472135954999579,1.0,0.8333333333333334,309.69474601745605,3.0136842727661133,3.1622776601683795,0.16666666666666666,0.8333333333333334
133,100,6,5,0.4472135954999579,0.8333333333333334,0.8333333333333334,49.67002058029175,3.4385733604431152,3.1622776601683795,0.0,0.5
134,100,8,5,0.4472135954999579,1.0,1.0,94.37651228904724,3.5651488304138184,3.1622776601683795,0.0,0.6666666666666666
135,100,7,1,0.4472135954999579,1.0,1.0,25.157024145126343,0.5320122241973877,1.0,1.0,1.0
136,100,20,5,0.4472135954999579,1.0,1.0,1842.0891704559326,3.827711582183838,3.1622776601683795,0.0,0.8333333333333334
137,100,3,5,0.4472135954999579,0.5,0.6666666666666666,10.035918474197388,0.852435827255249,1.0,0.6666666666666666,0.5
138,100,2,1,0.4472135954999579,1.0,1.0,1.0697078704833984,0.15568923950195312,1.0,1.0,0.0
139,100,18,1,0.4472135954999579,1.0,1.0,459.6456108093262,4.442009449005127,3.1622776601683795,0.0,1.0
140,100,6,1,0.4472135954999579,1.0,1.0,18.43078374862671,0.302501916885376,1.0,1.0,1.0
141,100,20,1,0.4472135954999579,1.0,1.0,503.668009519577,4.189045667648315,3.1622776601683795,0.0,1.0
142,100,14,5,0.4472135954999579,1.0,1.0,508.42772126197815,2.543065309524536,3.1622776601683795,0.0,0.8333333333333334
143,100,5,5,0.4472135954999579,0.8333333333333334,0.8333333333333334,19.58386731147766,2.486264228820801,3.1622776601683795,0.0,0.5
144,100,13,5,0.4472135954999579,1.0,1.0,353.05049538612366,3.276752233505249,3.1622776601683795,0.0,0.8333333333333334
145,100,12,1,0.4472135954999579,1.0,1.0,117.54947924613953,0.756950855255127,1.0,1.0,1.0
146,100,10,5,0.4472135954999579,1.0,1.0,208.5079665184021,3.026963233947754,3.1622776601683795,0.16666666666666666,0.8333333333333334
147,100,3,1,0.4472135954999579,0.0,0.0,1.5300443172454834,0.11820650100708008,1.0,0.0,0.0
148,100,4,5,0.4472135954999579,1.0,0.8333333333333334,10.502945899963379,2.2182812690734863,3.1622776601683795,0.0,0.5
149,100,8,1,0.4472135954999579,1.0,1.0,26.324618816375732,0.5901319980621338,1.0,1.0,1.0
150,100,16,5,0.4472135954999579,1.0,1.0,703.7306592464447,3.7987477779388428,3.1622776601683795,0.3333333333333333,0.8333333333333334
151,100,13,1,0.4472135954999579,1.0,1.0,136.9942967891693,4.547983407974243,3.1622776601683795,0.0,1.0
152,100,9,5,0.4472135954999579,0.8333333333333334,0.6666666666666666,160.84034514427185,3.563847780227661,3.1622776601683795,0.16666666666666666,0.5
153,100,11,5,0.4472135954999579,1.0,1.0,271.3240737915039,4.272859573364258,3.1622776601683795,0.0,0.6666666666666666
154,100,15,5,0.4472135954999579,0.8333333333333334,1.0,441.54379439353943,4.666248083114624,3.1622776601683795,0.0,0.8333333333333334
155,100,10,1,0.4472135954999579,1.0,1.0,73.67365622520447,0.9031224250793457,1.0,1.0,1.0
156,100,14,1,0.4472135954999579,1.0,1.0,163.69420909881592,0.4483928680419922,1.0,1.0,1.0
157,100,16,1,0.4472135954999579,1.0,1.0,257.82796025276184,2.6211416721343994,3.1622776601683795,0.0,1.0
158,100,9,1,0.4472135954999579,1.0,1.0,47.03430199623108,0.3744971752166748,1.0,1.0,1.0
159,100,17,5,0.4472135954999579,1.0,1.0,808.4102258682251,2.7330029010772705,3.1622776601683795,0.16666666666666666,0.8333333333333334
160,100,5,1,0.4472135954999579,1.0,1.0,10.93123984336853,0.22571802139282227,1.0,1.0,1.0
161,100,15,1,0.4472135954999579,1.0,1.0,282.8296136856079,4.211963653564453,3.1622776601683795,0.0,1.0
162,100,4,1,0.4472135954999579,1.0,1.0,5.90248703956604,0.2630324363708496,1.0,1.0,0.0
163,100,11,1,0.4472135954999579,1.0,1.0,91.93226766586304,0.6203985214233398,1.0,1.0,1.0
164,100,1,5,0.4472135954999579,0.5,0.3333333333333333,0.682903528213501,0.7327909469604492,1.0,0.3333333333333333,0.16666666666666666
165,100,19,5,0.4472135954999579,1.0,1.0,876.4657700061798,3.9670233726501465,3.1622776601683795,0.16666666666666666,0.8333333333333334
166,100,2,5,0.4472135954999579,0.6666666666666666,0.5,3.1428706645965576,0.6579711437225342,1.0,0.5,0.16666666666666666
167,100,17,1,0.4472135954999579,1.0,1.0,360.7855305671692,4.622396230697632,3.1622776601683795,0.0,1.0
168,100,18,5,0.4472135954999579,1.0,1.0,1168.6968221664429,2.611586093902588,3.1622776601683795,0.0,0.8333333333333334
169,100,19,1,0.4472135954999579,1.0,1.0,422.719007730484,2.200014591217041,3.1622776601683795,0.0,1.0
170,100,7,5,0.4472135954999579,0.8333333333333334,0.8333333333333334,61.085038900375366,2.76043438911438,3.1622776601683795,0.3333333333333333,0.3333333333333333
171,100,1,1,0.4472135954999579,1.0,1.0,0.24717473983764648,0.3924221992492676,1.0,1.0,0.0
172,100,12,5,0.4472135954999579,1.0,0.8333333333333334,305.97120332717896,2.774249792098999,3.1622776601683795,0.16666666666666666,0.8333333333333334
173,100,6,5,0.4472135954999579,0.8333333333333334,0.8333333333333334,49.99442434310913,2.506446599960327,3.1622776601683795,0.0,0.5
174,100,8,5,0.4472135954999579,1.0,1.0,100.896479845047,2.8640897274017334,3.1622776601683795,0.0,0.6666666666666666
175,100,7,1,0.4472135954999579,1.0,1.0,26.220186710357666,0.339968204498291,1.0,1.0,1.0
176,100,20,5,0.4472135954999579,1.0,1.0,1536.895667552948,2.5044102668762207,3.1622776601683795,0.0,0.8333333333333334
177,100,3,5,0.4472135954999579,0.5,0.6666666666666666,6.2680206298828125,0.5078370571136475,1.0,0.6666666666666666,0.5
178,100,2,1,0.4472135954999579,1.0,1.0,0.5174891948699951,0.1552412509918213,1.0,1.0,0.0
179,100,18,1,0.4472135954999579,1.0,1.0,325.9465205669403,4.979562997817993,3.1622776601683795,0.0,1.0
180,100,6,1,0.4472135954999579,1.0,1.0,18.433870792388916,0.6753854751586914,1.0,1.0,1.0
181,100,20,1,0.4472135954999579,1.0,1.0,603.8913459777832,4.394596338272095,3.1622776601683795,0.0,1.0
182,100,14,5,0.4472135954999579,1.0,1.0,526.2732448577881,2.5188918113708496,3.1622776601683795,0.0,0.8333333333333334
183,100,5,5,0.4472135954999579,0.8333333333333334,0.8333333333333334,19.941083908081055,2.382246255874634,3.1622776601683795,0.0,0.5
184,100,13,5,0.4472135954999579,1.0,1.0,328.51552629470825,2.840200185775757,3.1622776601683795,0.0,0.8333333333333334
185,100,12,1,0.4472135954999579,1.0,1.0,116.61213874816895,0.3980591297149658,1.0,1.0,1.0
186,100,10,5,0.4472135954999579,1.0,1.0,205.25453305244446,2.3813910484313965,3.1622776601683795,0.16666666666666666,0.8333333333333334
187,100,3,1,0.4472135954999579,0.0,0.0,1.908989429473877,0.3410155773162842,1.0,0.0,0.0
188,100,4,5,0.4472135954999579,1.0,0.8333333333333334,11.069037675857544,4.000741720199585,3.1622776601683795,0.0,0.5
189,100,8,1,0.4472135954999579,1.0,1.0,28.536486864089966,0.4972221851348877,1.0,1.0,1.0
190,100,16,5,0.4472135954999579,1.0,1.0,807.6714370250702,4.871495008468628,3.1622776601683795,0.3333333333333333,0.8333333333333334
191,100,13,1,0.4472135954999579,1.0,1.0,131.16998100280762,3.433375835418701,3.1622776601683795,0.0,1.0
192,100,9,5,0.4472135954999579,0.8333333333333334,0.6666666666666666,158.24771928787231,4.272920370101929,3.1622776601683795,0.16666666666666666,0.5
193,100,11,5,0.4472135954999579,1.0,1.0,234.00249123573303,3.7793660163879395,3.1622776601683795,0.0,0.6666666666666666
194,100,15,5,0.4472135954999579,0.8333333333333334,1.0,434.66996598243713,2.610142230987549,3.1622776601683795,0.0,0.8333333333333334
195,100,10,1,0.4472135954999579,1.0,1.0,67.75456714630127,0.7286350727081299,1.0,1.0,1.0
196,100,14,1,0.4472135954999579,1.0,1.0,168.36979866027832,0.43155407905578613,1.0,1.0,1.0
197,100,16,1,0.4472135954999579,1.0,1.0,234.56742072105408,2.64461088180542,3.1622776601683795,0.0,1.0
198,100,9,1,0.4472135954999579,1.0,1.0,45.701032400131226,0.3832712173461914,1.0,1.0,1.0
199,100,17,5,0.4472135954999579,1.0,1.0,753.4499502182007,2.5792558193206787,3.1622776601683795,0.16666666666666666,0.8333333333333334
200,100,5,1,0.4472135954999579,1.0,1.0,10.0179922580719,0.3209402561187744,1.0,1.0,1.0
201,100,15,1,0.4472135954999579,1.0,1.0,201.45255756378174,0.5939631462097168,1.0,1.0,1.0
202,100,4,1,0.4472135954999579,0.0,0.0,4.5204222202301025,0.3587319850921631,1.0,0.0,0.0
203,100,11,1,0.4472135954999579,1.0,1.0,82.60410976409912,0.3981437683105469,1.0,1.0,1.0
204,100,1,5,0.4472135954999579,0.6666666666666666,0.5,0.3750016689300537,0.4747200012207031,1.0,0.5,0.0
205,100,19,5,0.4472135954999579,1.0,1.0,1327.9562997817993,4.5133867263793945,3.1622776601683795,0.0,0.8333333333333334
206,100,2,5,0.4472135954999579,0.3333333333333333,0.16666666666666666,1.56388258934021,0.19091486930847168,1.0,0.16666666666666666,0.0
207,100,17,1,0.4472135954999579,1.0,1.0,292.0158987045288,2.4140021800994873,3.1622776601683795,0.0,1.0
208,100,18,5,0.4472135954999579,0.6666666666666666,1.0,852.7285058498383,2.569570302963257,3.1622776601683795,0.0,1.0
209,100,19,1,0.4472135954999579,1.0,1.0,406.79831767082214,3.9781336784362793,3.1622776601683795,0.0,1.0
210,100,7,5,0.4472135954999579,1.0,1.0,100.62223958969116,2.3559939861297607,3.1622776601683795,0.0,0.6666666666666666
211,100,1,1,0.4472135954999579,0.0,0.0,0.10880160331726074,0.18302083015441895,1.0,0.0,0.0
212,100,12,5,0.4472135954999579,1.0,1.0,418.80804800987244,2.8178791999816895,3.1622776601683795,0.16666666666666666,0.5
213,100,6,5,0.4472135954999579,1.0,0.8333333333333334,49.533193826675415,2.491345167160034,3.1622776601683795,0.0,0.8333333333333334
214,100,8,5,0.4472135954999579,1.0,0.8333333333333334,90.1256012916565,2.732617139816284,3.1622776601683795,0.16666666666666666,0.6666666666666666
215,100,7,1,0.4472135954999579,1.0,1.0,23.40581727027893,0.4304835796356201,1.0,1.0,1.0
216,100,20,5,0.4472135954999579,1.0,1.0,1106.6290199756622,4.3382956981658936,3.1622776601683795,0.16666666666666666,0.8333333333333334
217,100,3,5,0.4472135954999579,0.6666666666666666,0.5,7.563701629638672,0.4442896842956543,1.0,0.5,0.3333333333333333
218,100,2,1,0.4472135954999579,1.0,1.0,1.1496846675872803,0.37743306159973145,1.0,1.0,0.0
219,100,18,1,0.4472135954999579,1.0,1.0,358.2403779029846,4.0351784229278564,3.1622776601683795,0.0,1.0
220,100,6,1,0.4472135954999579,1.0,1.0,11.639383792877197,0.2137758731842041,1.0,1.0,1.0
221,100,20,1,0.4472135954999579,1.0,1.0,470.6577332019806,3.425191879272461,3.1622776601683795,0.0,1.0
222,100,14,5,0.4472135954999579,1.0,0.8333333333333334,386.57158279418945,2.9793708324432373,3.1622776601683795,0.16666666666666666,0.6666666666666666
223,100,5,5,0.4472135954999579,1.0,0.8333333333333334,22.60899066925049,2.825576066970825,3.1622776601683795,0.0,0.0
224,100,13,5,0.4472135954999579,1.0,1.0,479.6549642086029,2.5337398052215576,3.1622776601683795,0.0,0.5
225,100,12,1,0.4472135954999579,1.0,1.0,101.57382607460022,0.3796868324279785,1.0,1.0,1.0
226,100,10,5,0.4472135954999579,0.8333333333333334,1.0,113.7412314414978,3.5617542266845703,3.1622776601683795,0.0,0.3333333333333333
227,100,3,1,0.4472135954999579,1.0,1.0,1.7420587539672852,0.46977806091308594,1.0,1.0,0.0
228,100,4,5,0.4472135954999579,0.6666666666666666,0.6666666666666666,20.716710329055786,0.9896647930145264,1.0,0.6666666666666666,0.3333333333333333
229,100,8,1,0.4472135954999579,1.0,1.0,40.197190284729004,0.49517178535461426,1.0,1.0,1.0
230,100,16,5,0.4472135954999579,1.0,0.8333333333333334,910.5497035980225,4.776972532272339,3.1622776601683795,0.16666666666666666,0.8333333333333334
231,100,13,1,0.4472135954999579,1.0,1.0,138.8943953514099,2.4522030353546143,3.1622776601683795,0.0,1.0
232,100,9,5,0.4472135954999579,1.0,1.0,172.5146837234497,3.589643955230713,3.1622776601683795,0.16666666666666666,0.5
233,100,11,5,0.4472135954999579,1.0,1.0,240.218989610672,3.9007863998413086,3.1622776601683795,0.16666666666666666,0.8333333333333334
234,100,15,5,0.4472135954999579,1.0,1.0,625.4597687721252,4.753704071044922,3.1622776601683795,0.16666666666666666,0.8333333333333334
235,100,10,1,0.4472135954999579,1.0,1.0,67.4416069984436,0.6004905700683594,1.0,1.0,0.0
236,100,14,1,0.4472135954999579,1.0,1.0,174.31211280822754,0.3317878246307373,1.0,1.0,1.0
237,100,16,1,0.4472135954999579,1.0,1.0,250.09179544448853,0.47011232376098633,1.0,1.0,1.0
238,100,9,1,0.4472135954999579,1.0,1.0,44.44691061973572,0.7209675312042236,1.0,1.0,1.0
239,100,17,5,0.4472135954999579,1.0,0.8333333333333334,724.6299664974213,2.5736074447631836,3.1622776601683795,0.0,0.8333333333333334
240,100,5,1,0.4472135954999579,1.0,1.0,10.53466272354126,0.7331657409667969,1.0,1.0,1.0
241,100,15,1,0.4472135954999579,1.0,1.0,270.8172969818115,1.0353913307189941,1.0,1.0,1.0
242,100,4,1,0.4472135954999579,0.0,0.0,5.02453875541687,0.17880940437316895,1.0,0.0,0.0
243,100,11,1,0.4472135954999579,1.0,1.0,104.17005562782288,0.9780874252319336,1.0,1.0,1.0
244,100,1,5,0.4472135954999579,0.6666666666666666,0.5,0.6957478523254395,0.5615711212158203,1.0,0.5,0.0
245,100,19,5,0.4472135954999579,1.0,1.0,1306.1366703510284,2.4917752742767334,3.1622776601683795,0.0,0.8333333333333334
246,100,2,5,0.4472135954999579,0.3333333333333333,0.16666666666666666,1.9432592391967773,0.4810166358947754,1.0,0.16666666666666666,0.0
247,100,17,1,0.4472135954999579,1.0,1.0,280.0892059803009,2.5484676361083984,3.1622776601683795,0.0,1.0
248,100,18,5,0.4472135954999579,0.6666666666666666,1.0,858.229629278183,2.8826045989990234,3.1622776601683795,0.0,1.0
249,100,19,1,0.4472135954999579,1.0,1.0,432.0487926006317,3.4128878116607666,3.1622776601683795,0.0,1.0
250,100,7,5,0.4472135954999579,1.0,0.6666666666666666,65.49103426933289,3.293043613433838,10.0,0.0,0.6666666666666666
251,100,1,1,0.4472135954999579,0.0,0.0,0.18327999114990234,0.35344839096069336,1.0,0.0,0.0
252,100,12,5,0.4472135954999579,0.8333333333333334,0.8333333333333334,276.2344603538513,3.6414694786071777,3.1622776601683795,0.16666666666666666,0.8333333333333334
253,100,6,5,0.4472135954999579,1.0,0.8333333333333334,46.61685872077942,3.653127908706665,3.1622776601683795,0.16666666666666666,0.5
254,100,8,5,0.4472135954999579,0.6666666666666666,0.6666666666666666,138.35215067863464,3.1077284812927246,3.1622776601683795,0.0,0.5
255,100,7,1,0.4472135954999579,1.0,1.0,19.635299921035767,0.36368346214294434,1.0,1.0,1.0
256,100,20,5,0.4472135954999579,1.0,1.0,1148.206447839737,2.5626611709594727,3.1622776601683795,0.0,0.8333333333333334
257,100,3,5,0.4472135954999579,0.8333333333333334,0.8333333333333334,6.302638292312622,0.39750146865844727,1.0,0.8333333333333334,0.0
258,100,2,1,0.4472135954999579,1.0,1.0,0.5461573600769043,0.20165681838989258,1.0,1.0,0.0
259,100,18,1,0.4472135954999579,1.0,1.0,328.66920471191406,3.0982093811035156,3.1622776601683795,0.0,1.0
260,100,6,1,0.4472135954999579,1.0,1.0,16.652729749679565,0.4311072826385498,1.0,1.0,1.0
261,100,20,1,0.4472135954999579,1.0,1.0,512.906370639801,3.1568667888641357,3.1622776601683795,0.0,1.0
262,100,14,5,0.4472135954999579,1.0,0.8333333333333334,405.4649407863617,2.581681489944458,3.1622776601683795,0.16666666666666666,0.8333333333333334
263,100,5,5,0.4472135954999579,0.8333333333333334,1.0,24.945632457733154,0.5134758949279785,1.0,1.0,0.3333333333333333
264,100,13,5,0.4472135954999579,1.0,1.0,356.30469393730164,3.913008213043213,3.1622776601683795,0.16666666666666666,0.8333333333333334
265,100,12,1,0.4472135954999579,1.0,1.0,103.60139203071594,0.2919604778289795,1.0,1.0,1.0
266,100,10,5,0.4472135954999579,1.0,1.0,162.1165153980255,2.718653917312622,3.1622776601683795,0.0,0.8333333333333334
267,100,3,1,0.4472135954999579,1.0,1.0,1.572239875793457,0.23800277709960938,1.0,1.0,0.0
268,100,4,5,0.4472135954999579,0.5,0.8333333333333334,11.345869064331055,0.7218348979949951,1.0,0.8333333333333334,0.16666666666666666
269,100,8,1,0.4472135954999579,1.0,1.0,29.20502233505249,0.3820011615753174,1.0,1.0,1.0
270,100,16,5,0.4472135954999579,1.0,1.0,899.3461165428162,3.1512911319732666,3.1622776601683795,0.16666666666666666,0.8333333333333334
271,100,13,1,0.4472135954999579,1.0,1.0,131.32688689231873,3.645820140838623,3.1622776601683795,0.0,1.0
272,100,9,5,0.4472135954999579,0.8333333333333334,1.0,105.33174729347229,2.3925912380218506,3.1622776601683795,0.0,0.8333333333333334
273,100,11,5,0.4472135954999579,1.0,0.8333333333333334,212.72153854370117,2.3716397285461426,3.1622776601683795,0.16666666666666666,0.5
274,100,15,5,0.4472135954999579,0.8333333333333334,1.0,523.4491810798645,2.5927586555480957,3.1622776601683795,0.0,0.8333333333333334
275,100,10,1,0.4472135954999579,1.0,1.0,59.793099880218506,0.2743377685546875,1.0,1.0,1.0
276,100,14,1,0.4472135954999579,1.0,1.0,161.02385663986206,0.843132495880127,1.0,1.0,1.0
277,100,16,1,0.4472135954999579,1.0,1.0,236.46065640449524,0.8788197040557861,1.0,1.0,1.0
278,100,9,1,0.4472135954999579,1.0,1.0,45.46085596084595,0.5055150985717773,1.0,1.0,1.0
279,100,17,5,0.4472135954999579,1.0,1.0,780.4138734340668,4.525642156600952,3.1622776601683795,0.0,0.8333333333333334
280,100,5,1,0.4472135954999579,1.0,1.0,7.63584041595459,0.2003493309020996,1.0,1.0,1.0
281,100,15,1,0.4472135954999579,1.0,1.0,206.97940468788147,2.5682740211486816,3.1622776601683795,0.0,1.0
282,100,4,1,0.4472135954999579,1.0,1.0,3.552941083908081,0.38816118240356445,1.0,1.0,1.0
283,100,11,1,0.4472135954999579,1.0,1.0,81.88575005531311,0.8269386291503906,1.0,1.0,1.0
284,100,1,5,0.4472135954999579,0.5,0.5,0.5325281620025635,0.7981734275817871,1.0,0.5,0.0
285,100,19,5,0.4472135954999579,1.0,1.0,1044.7401928901672,4.264707088470459,3.1622776601683795,0.16666666666666666,0.8333333333333334
286,100,2,5,0.4472135954999579,0.6666666666666666,0.6666666666666666,2.0871036052703857,0.2665436267852783,1.0,0.6666666666666666,0.0
287,100,17,1,0.4472135954999579,1.0,1.0,388.5166232585907,3.098682165145874,3.1622776601683795,0.0,1.0
288,100,18,5,0.4472135954999579,1.0,1.0,1375.9946730136871,3.0398313999176025,3.1622776601683795,0.16666666666666666,0.8333333333333334
289,100,19,1,0.4472135954999579,1.0,1.0,496.0045907497406,2.1641440391540527,3.1622776601683795,0.0,1.0
290,100,7,5,0.4472135954999579,0.8333333333333334,0.8333333333333334,68.0203025341034,3.1147372722625732,3.1622776601683795,0.16666666666666666,0.3333333333333333
291,100,1,1,0.4472135954999579,0.0,0.0,0.09380030632019043,0.1470787525177002,1.0,0.0,0.0
292,100,12,5,0.4472135954999579,1.0,1.0,364.7234880924225,2.7016637325286865,3.1622776601683795,0.0,0.8333333333333334
293,100,6,5,0.4472135954999579,0.8333333333333334,0.6666666666666666,39.09228515625,3.5017576217651367,3.1622776601683795,0.0,0.6666666666666666
294,100,8,5,0.4472135954999579,1.0,0.6666666666666666,98.2883894443512,1.6315183639526367,3.1622776601683795,0.8333333333333334,0.5
295,100,7,1,0.4472135954999579,1.0,1.0,20.966228485107422,0.7577362060546875,1.0,1.0,1.0
296,100,20,5,0.4472135954999579,1.0,1.0,1269.9670672416687,2.822572708129883,3.1622776601683795,0.0,0.8333333333333334
297,100,3,5,0.4472135954999579,1.0,0.8333333333333334,5.253303050994873,1.761913537979126,3.1622776601683795,0.8333333333333334,0.5
298,100,2,1,0.4472135954999579,1.0,1.0,0.5189666748046875,0.09599590301513672,1.0,1.0,0.0
299,100,18,1,0.4472135954999579,1.0,1.0,318.4001693725586,2.756648063659668,3.1622776601683795,0.0,1.0
300,100,6,1,0.4472135954999579,1.0,1.0,16.997108697891235,0.19298648834228516,1.0,1.0,1.0
301,100,20,1,0.4472135954999579,1.0,1.0,493.8732976913452,2.245373249053955,3.1622776601683795,0.0,1.0
302,100,14,5,0.4472135954999579,1.0,1.0,526.3122642040253,3.1262922286987305,3.1622776601683795,0.16666666666666666,0.8333333333333334
303,100,5,5,0.4472135954999579,0.8333333333333334,0.8333333333333334,21.946436643600464,4.414576053619385,3.1622776601683795,0.16666666666666666,0.6666666666666666
304,100,13,5,0.4472135954999579,1.0,0.8333333333333334,375.45460271835327,3.1941683292388916,3.1622776601683795,0.0,0.8333333333333334
305,100,12,1,0.4472135954999579,1.0,1.0,105.5916600227356,1.9191854000091553,3.1622776601683795,0.0,1.0
306,100,10,5,0.4472135954999579,1.0,1.0,175.00844073295593,2.3661277294158936,3.1622776601683795,0.0,0.8333333333333334
307,100,3,1,0.4472135954999579,1.0,1.0,2.932169198989868,0.3002612590789795,1.0,1.0,0.0
308,100,4,5,0.4472135954999579,0.8333333333333334,0.6666666666666666,15.200949430465698,2.4293007850646973,3.1622776601683795,0.16666666666666666,0.3333333333333333
309,100,8,1,0.4472135954999579,1.0,1.0,32.562180042266846,0.44861316680908203,1.0,1.0,1.0
310,100,16,5,0.4472135954999579,1.0,1.0,616.5904242992401,3.314819574356079,3.1622776601683795,0.16666666666666666,0.8333333333333334
311,100,13,1,0.4472135954999579,1.0,1.0,128.02377271652222,2.7599899768829346,3.1622776601683795,0.0,1.0
312,100,9,5,0.4472135954999579,1.0,0.8333333333333334,96.88552451133728,3.4511072635650635,3.1622776601683795,0.0,0.6666666666666666
313,100,11,5,0.4472135954999579,1.0,0.8333333333333334,210.66600036621094,3.089740514755249,10.0,0.16666666666666666,0.8333333333333334
314,100,15,5,0.4472135954999579,1.0,1.0,413.93139123916626,3.0233540534973145,3.1622776601683795,0.16666666666666666,0.8333333333333334
315,100,10,1,0.4472135954999579,1.0,1.0,63.20950770378113,0.4576907157897949,1.0,1.0,1.0
316,100,14,1,0.4472135954999579,1.0,1.0,167.52099800109863,0.6916985511779785,1.0,1.0,1.0
317,100,16,1,0.4472135954999579,1.0,1.0,233.21362495422363,2.308454751968384,3.1622776601683795,0.0,1.0
318,100,9,1,0.4472135954999579,1.0,1.0,47.430209159851074,2.6631877422332764,3.1622776601683795,0.0,1.0
319,100,17,5,0.4472135954999579,1.0,1.0,860.259194612503,3.0772223472595215,3.1622776601683795,0.3333333333333333,0.8333333333333334
320,100,5,1,0.4472135954999579,1.0,1.0,9.907263040542603,0.4389514923095703,1.0,1.0,0.0
321,100,15,1,0.4472135954999579,1.0,1.0,210.1985878944397,2.161435604095459,3.1622776601683795,0.0,1.0
322,100,4,1,0.4472135954999579,1.0,1.0,3.380136013031006,0.15309858322143555,1.0,1.0,1.0
323,100,11,1,0.4472135954999579,1.0,1.0,88.57193303108215,0.6807410717010498,1.0,1.0,1.0
324,100,1,5,0.4472135954999579,0.5,0.3333333333333333,0.46071600914001465,0.4514470100402832,1.0,0.3333333333333333,0.0
325,100,19,5,0.4472135954999579,1.0,1.0,1129.925010919571,2.7210476398468018,3.1622776601683795,0.16666666666666666,0.8333333333333334
326,100,2,5,0.4472135954999579,0.8333333333333334,0.8333333333333334,1.768503189086914,0.3632655143737793,1.0,0.8333333333333334,0.16666666666666666
327,100,17,1,0.4472135954999579,1.0,1.0,288.39226245880127,2.795779228210449,3.1622776601683795,0.0,1.0
328,100,18,5,0.4472135954999579,1.0,1.0,1085.7647562026978,2.3499858379364014,3.1622776601683795,0.16666666666666666,0.8333333333333334
329,100,19,1,0.4472135954999579,1.0,1.0,416.6525311470032,2.263929605484009,3.1622776601683795,0.0,1.0
330,100,7,5,0.4472135954999579,1.0,0.6666666666666666,71.97074389457703,2.8602957725524902,3.1622776601683795,0.16666666666666666,0.6666666666666666
331,100,1,1,0.4472135954999579,1.0,1.0,0.2487926483154297,0.5364060401916504,1.0,1.0,0.0
332,100,12,5,0.4472135954999579,0.8333333333333334,1.0,210.8907129764557,2.552090883255005,3.1622776601683795,0.16666666666666666,0.8333333333333334
333,100,6,5,0.4472135954999579,0.8333333333333334,0.5,37.772987604141235,2.799022912979126,3.1622776601683795,0.0,0.3333333333333333
334,100,8,5,0.4472135954999579,0.6666666666666666,0.8333333333333334,79.54090762138367,2.3248860836029053,3.1622776601683795,0.16666666666666666,0.6666666666666666
335,100,7,1,0.4472135954999579,1.0,1.0,21.31524634361267,0.300384521484375,1.0,1.0,1.0
336,100,20,5,0.4472135954999579,1.0,1.0,1386.1003677845001,2.9969401359558105,3.1622776601683795,0.16666666666666666,0.8333333333333334
337,100,3,5,0.4472135954999579,0.8333333333333334,0.6666666666666666,4.842256784439087,0.42079758644104004,1.0,0.6666666666666666,0.16666666666666666
338,100,2,1,0.4472135954999579,1.0,1.0,0.5157196521759033,0.16825628280639648,1.0,1.0,0.0
339,100,18,1,0.4472135954999579,1.0,1.0,332.3868103027344,2.655714750289917,3.1622776601683795,0.0,1.0
340,100,6,1,0.4472135954999579,1.0,1.0,12.130032062530518,0.5283670425415039,1.0,1.0,1.0
341,100,20,1,0.4472135954999579,1.0,1.0,478.1875593662262,2.843693256378174,3.1622776601683795,0.0,1.0
342,100,14,5,0.4472135954999579,1.0,1.0,533.4371263980865,4.196944952011108,3.1622776601683795,0.3333333333333333,0.8333333333333334
343,100,5,5,0.4472135954999579,0.6666666666666666,0.8333333333333334,24.526788234710693,2.873159646987915,3.1622776601683795,0.0,0.16666666666666666
344,100,13,5,0.4472135954999579,1.0,0.8333333333333334,378.331885099411,2.5956976413726807,3.1622776601683795,0.0,0.8333333333333334
345,100,12,1,0.4472135954999579,1.0,1.0,102.48692035675049,0.8047983646392822,1.0,1.0,1.0
346,100,10,5,0.4472135954999579,1.0,1.0,213.13398814201355,3.1270546913146973,3.1622776601683795,0.16666666666666666,0.8333333333333334
347,100,3,1,0.4472135954999579,1.0,1.0,1.5341100692749023,0.13438868522644043,1.0,1.0,0.0
348,100,4,5,0.4472135954999579,0.6666666666666666,0.5,11.657759666442871,0.430804967880249,1.0,0.5,0.16666666666666666
349,100,8,1,0.4472135954999579,0.0,0.0,25.65799570083618,0.2952730655670166,1.0,0.0,0.0
350,100,16,5,0.4472135954999579,1.0,1.0,709.3563756942749,3.1030619144439697,3.1622776601683795,0.0,0.8333333333333334
351,100,13,1,0.4472135954999579,1.0,1.0,130.3863399028778,4.106191873550415,3.1622776601683795,0.0,1.0
352,100,9,5,0.4472135954999579,1.0,0.8333333333333334,141.8176290988922,2.390909194946289,3.1622776601683795,0.16666666666666666,0.6666666666666666
353,100,11,5,0.4472135954999579,1.0,1.0,329.6670229434967,3.1847386360168457,3.1622776601683795,0.16666666666666666,0.6666666666666666
354,100,15,5,0.4472135954999579,1.0,1.0,456.74011278152466,2.970472812652588,3.1622776601683795,0.16666666666666666,0.8333333333333334
355,100,10,1,0.4472135954999579,1.0,1.0,75.95198249816895,0.41095590591430664,1.0,1.0,1.0
356,100,14,1,0.4472135954999579,1.0,1.0,155.24637508392334,0.4948084354400635,1.0,1.0,1.0
357,100,16,1,0.4472135954999579,1.0,1.0,234.65756034851074,2.4632387161254883,3.1622776601683795,0.0,1.0
358,100,9,1,0.4472135954999579,1.0,1.0,43.4232964515686,0.31373167037963867,1.0,1.0,1.0
359,100,17,5,0.4472135954999579,1.0,1.0,895.8003530502319,2.512293815612793,3.1622776601683795,0.0,0.8333333333333334
360,100,5,1,0.4472135954999579,1.0,1.0,9.48630428314209,0.19375157356262207,1.0,1.0,0.0
361,100,15,1,0.4472135954999579,1.0,1.0,240.57615280151367,3.180413007736206,3.1622776601683795,0.0,1.0
362,100,4,1,0.4472135954999579,1.0,1.0,5.836787462234497,0.15256404876708984,1.0,1.0,1.0
363,100,11,1,0.4472135954999579,1.0,1.0,92.83682155609131,0.7456295490264893,1.0,1.0,1.0
364,100,1,5,0.4472135954999579,0.5,0.3333333333333333,0.4481840133666992,0.5095031261444092,1.0,0.3333333333333333,0.0
365,100,19,5,0.4472135954999579,1.0,1.0,1341.5390424728394,3.5379865169525146,3.1622776601683795,0.0,0.8333333333333334
366,100,2,5,0.4472135954999579,0.5,0.5,2.8515748977661133,0.5501508712768555,1.0,0.5,0.0
367,100,17,1,0.4472135954999579,1.0,1.0,281.3876750469208,3.191293954849243,3.1622776601683795,0.0,1.0
368,100,18,5,0.4472135954999579,1.0,1.0,899.7914478778839,2.4674293994903564,3.1622776601683795,0.3333333333333333,0.8333333333333334
369,100,19,1,0.4472135954999579,1.0,1.0,396.80586862564087,2.425313949584961,3.1622776601683795,0.0,1.0
370,100,7,5,0.4472135954999579,0.8333333333333334,1.0,41.2710075378418,2.8986949920654297,3.1622776601683795,0.0,0.5
371,100,1,1,0.4472135954999579,1.0,1.0,0.09742498397827148,0.3610494136810303,1.0,1.0,0.0
372,100,12,5,0.4472135954999579,1.0,1.0,323.2581856250763,2.6174988746643066,3.1622776601683795,0.16666666666666666,0.8333333333333334
373,100,6,5,0.4472135954999579,0.8333333333333334,0.8333333333333334,34.51359939575195,2.2621846199035645,3.1622776601683795,0.0,0.5
374,100,8,5,0.4472135954999579,0.6666666666666666,0.5,74.50463557243347,3.300872325897217,3.1622776601683795,0.0,0.16666666666666666
375,100,7,1,0.4472135954999579,1.0,1.0,29.877461910247803,0.19003868103027344,1.0,1.0,1.0
376,100,20,5,0.4472135954999579,1.0,1.0,1798.982435464859,4.930661916732788,3.1622776601683795,0.16666666666666666,0.8333333333333334
377,100,3,5,0.4472135954999579,0.8333333333333334,0.8333333333333334,9.042404174804688,0.5762777328491211,1.0,0.8333333333333334,0.16666666666666666
378,100,2,1,0.4472135954999579,1.0,1.0,1.0981051921844482,0.1573963165283203,1.0,1.0,0.0
379,100,18,1,0.4472135954999579,1.0,1.0,418.8833954334259,4.981213092803955,3.1622776601683795,0.0,1.0
380,100,6,1,0.4472135954999579,1.0,1.0,16.30713200569153,0.25736188888549805,1.0,1.0,1.0
381,100,20,1,0.4472135954999579,1.0,1.0,477.0078890323639,3.0733468532562256,3.1622776601683795,0.0,1.0
382,100,14,5,0.4472135954999579,1.0,1.0,473.2810561656952,2.566756010055542,3.1622776601683795,0.16666666666666666,0.8333333333333334
383,100,5,5,0.4472135954999579,0.6666666666666666,0.6666666666666666,22.311356782913208,2.4872777462005615,3.1622776601683795,0.0,0.3333333333333333
384,100,13,5,0.4472135954999579,1.0,0.8333333333333334,304.3311448097229,3.7464699745178223,3.1622776601683795,0.0,0.8333333333333334
385,100,12,1,0.4472135954999579,1.0,1.0,91.95532417297363,0.5576009750366211,1.0,1.0,1.0
386,100,10,5,0.4472135954999579,1.0,1.0,191.11683011054993,3.7171802520751953,3.1622776601683795,0.16666666666666666,0.6666666666666666
387,100,3,1,0.4472135954999579,1.0,1.0,2.2219574451446533,0.4152357578277588,1.0,1.0,1.0
388,100,4,5,0.4472135954999579,0.6666666666666666,0.6666666666666666,13.315944194793701,0.873816967010498,1.0,0.6666666666666666,0.3333333333333333
389,100,8,1,0.4472135954999579,1.0,1.0,33.74161243438721,0.5532283782958984,1.0,1.0,0.0
390,100,16,5,0.4472135954999579,1.0,1.0,582.8693451881409,4.426861524581909,3.1622776601683795,0.0,0.8333333333333334
391,100,13,1,0.4472135954999579,1.0,1.0,127.44718980789185,2.7463672161102295,3.1622776601683795,0.0,1.0
392,100,9,5,0.4472135954999579,1.0,0.8333333333333334,141.9133825302124,3.1819920539855957,3.1622776601683795,0.16666666666666666,0.3333333333333333
393,100,11,5,0.4472135954999579,1.0,0.8333333333333334,201.48451113700867,2.605908155441284,10.0,0.16666666666666666,0.8333333333333334
394,100,15,5,0.4472135954999579,1.0,1.0,594.738498210907,4.276246786117554,3.1622776601683795,0.0,0.6666666666666666
395,100,10,1,0.4472135954999579,1.0,1.0,59.717559814453125,0.8386235237121582,1.0,1.0,1.0
396,100,14,1,0.4472135954999579,1.0,1.0,167.16099452972412,4.4832963943481445,3.1622776601683795,0.0,1.0
397,100,16,1,0.4472135954999579,1.0,1.0,239.77461552619934,2.274698495864868,3.1622776601683795,0.0,1.0
398,100,9,1,0.4472135954999579,1.0,1.0,48.14080548286438,2.0536417961120605,3.1622776601683795,0.0,1.0
399,100,17,5,0.4472135954999579,1.0,1.0,829.307247877121,4.414876461029053,3.1622776601683795,0.0,0.8333333333333334
400,100,5,1,0.4472135954999579,1.0,1.0,7.320247411727905,0.19432687759399414,1.0,1.0,0.0
401,100,15,1,0.4472135954999579,1.0,1.0,192.3606481552124,0.42953062057495117,1.0,1.0,1.0
402,100,4,1,0.4472135954999579,1.0,1.0,3.4056403636932373,0.18803691864013672,1.0,1.0,1.0
403,100,11,1,0.4472135954999579,1.0,1.0,79.56222152709961,0.4608769416809082,1.0,1.0,1.0
404,100,1,5,0.4472135954999579,0.3333333333333333,0.16666666666666666,0.304368257522583,0.8706645965576172,1.0,0.16666666666666666,0.16666666666666666
405,100,19,5,0.4472135954999579,1.0,1.0,1151.5789732933044,4.579128265380859,3.1622776601683795,0.0,0.8333333333333334
406,100,2,5,0.4472135954999579,0.6666666666666666,0.8333333333333334,3.3082988262176514,0.2853872776031494,1.0,0.8333333333333334,0.0
407,100,17,1,0.4472135954999579,1.0,1.0,289.97440218925476,2.1427841186523438,3.1622776601683795,0.0,1.0
408,100,18,5,0.4472135954999579,1.0,1.0,914.8481833934784,2.914952278137207,3.1622776601683795,0.16666666666666666,0.8333333333333334
409,100,19,1,0.4472135954999579,1.0,1.0,397.77399802207947,2.4610016345977783,3.1622776601683795,0.0,1.0
410,100,7,5,0.4472135954999579,1.0,0.8333333333333334,62.44786834716797,3.7663352489471436,3.1622776601683795,0.16666666666666666,0.5
411,100,1,1,0.4472135954999579,0.0,0.0,0.16298985481262207,0.1706218719482422,1.0,0.0,0.0
412,100,12,5,0.4472135954999579,1.0,1.0,266.95335149765015,4.396862983703613,3.1622776601683795,0.16666666666666666,0.8333333333333334
413,100,6,5,0.4472135954999579,1.0,0.8333333333333334,38.064369916915894,2.4081177711486816,3.1622776601683795,0.16666666666666666,0.6666666666666666
414,100,8,5,0.4472135954999579,0.8333333333333334,0.8333333333333334,116.66422724723816,2.400374412536621,3.1622776601683795,0.16666666666666666,0.6666666666666666
415,100,7,1,0.4472135954999579,1.0,1.0,21.07939577102661,0.23014545440673828,1.0,1.0,0.0
416,100,20,5,0.4472135954999579,1.0,1.0,1234.0549762248993,2.9184391498565674,3.1622776601683795,0.0,1.0
417,100,3,5,0.4472135954999579,0.6666666666666666,0.6666666666666666,10.735164403915405,0.8322763442993164,1.0,0.6666666666666666,0.16666666666666666
418,100,2,1,0.4472135954999579,1.0,1.0,0.6785497665405273,0.09337592124938965,1.0,1.0,0.0
419,100,18,1,0.4472135954999579,1.0,1.0,305.2163300514221,2.4886350631713867,3.1622776601683795,0.0,1.0
420,100,6,1,0.4472135954999579,1.0,1.0,12.233009099960327,0.22491073608398438,1.0,1.0,1.0
421,100,20,1,0.4472135954999579,1.0,1.0,493.9113063812256,2.2360801696777344,3.1622776601683795,0.0,1.0
422,100,14,5,0.4472135954999579,1.0,1.0,409.10169792175293,3.358522415161133,3.1622776601683795,0.16666666666666666,0.6666666666666666
423,100,5,5,0.4472135954999579,0.8333333333333334,0.6666666666666666,31.021241188049316,3.736147880554199,3.1622776601683795,0.3333333333333333,0.16666666666666666
424,100,13,5,0.4472135954999579,1.0,1.0,451.07015109062195,3.5749690532684326,3.1622776601683795,0.16666666666666666,0.8333333333333334
425,100,12,1,0.4472135954999579,1.0,1.0,113.51273202896118,4.103835821151733,3.1622776601683795,0.0,1.0
426,100,10,5,0.4472135954999579,1.0,0.8333333333333334,228.50009632110596,4.250273942947388,3.1622776601683795,0.16666666666666666,0.5
427,100,3,1,0.4472135954999579,1.0,1.0,1.7658634185791016,0.23852825164794922,1.0,1.0,0.0
428,100,4,5,0.4472135954999579,0.6666666666666666,0.6666666666666666,12.898342370986938,0.5836911201477051,1.0,0.6666666666666666,0.16666666666666666
429,100,8,1,0.4472135954999579,1.0,1.0,31.759337425231934,0.2781844139099121,1.0,1.0,1.0
430,100,16,5,0.4472135954999579,1.0,1.0,615.817013502121,4.193174839019775,3.1622776601683795,0.0,0.8333333333333334
431,100,13,1,0.4472135954999579,1.0,1.0,142.06079936027527,4.0868682861328125,3.1622776601683795,0.0,1.0
432,100,9,5,0.4472135954999579,1.0,0.8333333333333334,135.03949856758118,2.4099514484405518,3.1622776601683795,0.16666666666666666,0.3333333333333333
433,100,11,5,0.4472135954999579,1.0,0.8333333333333334,216.27693819999695,3.054840087890625,10.0,0.16666666666666666,0.8333333333333334
434,100,15,5,0.4472135954999579,1.0,1.0,568.7037408351898,3.298020839691162,3.1622776601683795,0.0,0.6666666666666666
435,100,10,1,0.4472135954999579,1.0,1.0,58.253111124038696,2.35036301612854,3.1622776601683795,0.0,1.0
436,100,14,1,0.4472135954999579,1.0,1.0,165.7418019771576,2.382106065750122,3.1622776601683795,0.0,1.0
437,100,16,1,0.4472135954999579,1.0,1.0,237.507577419281,0.5175094604492188,1.0,1.0,1.0
438,100,9,1,0.4472135954999579,1.0,1.0,41.49986457824707,0.26555347442626953,1.0,1.0,1.0
439,100,17,5,0.4472135954999579,1.0,1.0,832.2775683403015,2.7193603515625,3.1622776601683795,0.16666666666666666,0.6666666666666666
440,100,5,1,0.4472135954999579,1.0,1.0,10.34057331085205,0.3795933723449707,1.0,1.0,1.0
441,100,15,1,0.4472135954999579,1.0,1.0,263.70549511909485,0.8816847801208496,1.0,1.0,1.0
442,100,4,1,0.4472135954999579,1.0,1.0,8.283640384674072,0.19462299346923828,1.0,1.0,1.0
443,100,11,1,0.4472135954999579,1.0,1.0,109.63517189025879,2.027250051498413,3.1622776601683795,0.0,1.0
444,100,1,5,0.4472135954999579,0.5,0.3333333333333333,0.34183812141418457,1.4083809852600098,1.0,0.3333333333333333,0.16666666666666666
445,100,19,5,0.4472135954999579,1.0,1.0,1412.4178199768066,5.53947377204895,10.0,0.16666666666666666,1.0
446,100,2,5,0.4472135954999579,0.5,0.3333333333333333,2.7185471057891846,0.9276564121246338,1.0,0.3333333333333333,0.16666666666666666
447,100,17,1,0.4472135954999579,1.0,1.0,291.52389216423035,2.251791000366211,3.1622776601683795,0.0,1.0
448,100,18,5,0.4472135954999579,1.0,1.0,1051.8097400665283,2.6119799613952637,3.1622776601683795,0.0,0.8333333333333334
449,100,19,1,0.4472135954999579,1.0,1.0,323.7555236816406,2.271920680999756,3.1622776601683795,0.0,1.0
450,100,7,5,0.4472135954999579,1.0,0.8333333333333334,67.8698468208313,2.289841651916504,3.1622776601683795,0.16666666666666666,0.5
451,100,1,1,0.4472135954999579,0.0,0.0,0.1037750244140625,0.200486421585083,1.0,0.0,0.0
452,100,12,5,0.4472135954999579,1.0,1.0,276.4322714805603,2.745814085006714,3.1622776601683795,0.0,0.8333333333333334
453,100,6,5,0.4472135954999579,0.8333333333333334,0.6666666666666666,28.378735065460205,2.5321242809295654,3.1622776601683795,0.16666666666666666,0.3333333333333333
454,100,8,5,0.4472135954999579,1.0,1.0,96.28949356079102,2.5518364906311035,3.1622776601683795,0.0,0.6666666666666666
455,100,7,1,0.4472135954999579,1.0,1.0,22.346794366836548,0.2959311008453369,1.0,1.0,1.0
456,100,20,5,0.4472135954999579,1.0,1.0,1289.3731644153595,3.2282748222351074,3.1622776601683795,0.0,0.8333333333333334
457,100,3,5,0.4472135954999579,0.8333333333333334,0.8333333333333334,5.39157509803772,0.4755856990814209,1.0,0.8333333333333334,0.0
458,100,2,1,0.4472135954999579,1.0,1.0,0.9346709251403809,0.18276238441467285,1.0,1.0,1.0
459,100,18,1,0.4472135954999579,1.0,1.0,340.1082081794739,2.7839765548706055,3.1622776601683795,0.0,1.0
460,100,6,1,0.4472135954999579,1.0,1.0,17.36391544342041,0.4145040512084961,1.0,1.0,1.0
461,100,20,1,0.4472135954999579,1.0,1.0,484.19743609428406,3.0850961208343506,3.1622776601683795,0.0,1.0
462,100,14,5,0.4472135954999579,1.0,1.0,430.87577843666077,2.5531206130981445,3.1622776601683795,0.0,0.8333333333333334
463,100,5,5,0.4472135954999579,1.0,1.0,23.170692682266235,3.2930076122283936,3.1622776601683795,0.0,0.5
464,100,13,5,0.4472135954999579,1.0,0.8333333333333334,325.68568539619446,3.803908109664917,10.0,0.16666666666666666,0.8333333333333334
465,100,12,1,0.4472135954999579,1.0,1.0,88.93589687347412,0.476701021194458,1.0,1.0,1.0
466,100,10,5,0.4472135954999579,0.6666666666666666,0.6666666666666666,169.89971780776978,3.7033627033233643,3.1622776601683795,0.16666666666666666,0.5
467,100,3,1,0.4472135954999579,1.0,1.0,1.9795913696289062,0.12812137603759766,1.0,1.0,0.0
468,100,4,5,0.4472135954999579,0.8333333333333334,0.8333333333333334,10.10050630569458,0.546165943145752,1.0,0.8333333333333334,0.16666666666666666
469,100,8,1,0.4472135954999579,1.0,1.0,27.193937301635742,0.2772510051727295,1.0,1.0,1.0
470,100,16,5,0.4472135954999579,1.0,1.0,687.9502384662628,2.6191470623016357,3.1622776601683795,0.16666666666666666,0.8333333333333334
471,100,13,1,0.4472135954999579,1.0,1.0,162.37350249290466,0.7716548442840576,1.0,1.0,1.0
472,100,9,5,0.4472135954999579,0.8333333333333334,0.8333333333333334,154.2415955066681,2.595503807067871,3.1622776601683795,0.0,0.5
473,100,11,5,0.4472135954999579,0.8333333333333334,0.8333333333333334,304.0314335823059,4.9185895919799805,3.1622776601683795,0.0,0.8333333333333334
474,100,15,5,0.4472135954999579,1.0,1.0,630.0630850791931,3.8838014602661133,3.1622776601683795,0.0,0.6666666666666666
475,100,10,1,0.4472135954999579,1.0,1.0,64.55507206916809,0.3471651077270508,1.0,1.0,1.0
476,100,14,1,0.4472135954999579,1.0,1.0,150.76647806167603,0.4668765068054199,1.0,1.0,1.0
477,100,16,1,0.4472135954999579,1.0,1.0,246.4184775352478,2.2862915992736816,3.1622776601683795,0.0,1.0
478,100,9,1,0.4472135954999579,1.0,1.0,39.01228356361389,0.337893009185791,1.0,1.0,0.0
479,100,17,5,0.4472135954999579,1.0,1.0,718.0357568264008,4.684321641921997,3.1622776601683795,0.16666666666666666,0.8333333333333334
480,100,5,1,0.4472135954999579,1.0,1.0,11.67853045463562,0.610358715057373,1.0,1.0,0.0
481,100,15,1,0.4472135954999579,1.0,1.0,239.9619607925415,2.381680965423584,3.1622776601683795,0.0,1.0
482,100,4,1,0.4472135954999579,1.0,1.0,5.702824592590332,0.49410009384155273,1.0,1.0,1.0
483,100,11,1,0.4472135954999579,1.0,1.0,96.72017168998718,0.30008697509765625,1.0,1.0,1.0
484,100,1,5,0.4472135954999579,0.3333333333333333,0.6666666666666666,0.2924327850341797,0.9295427799224854,1.0,0.6666666666666666,0.0
485,100,19,5,0.4472135954999579,1.0,1.0,1728.8935897350311,6.76045560836792,10.0,0.16666666666666666,1.0
486,100,2,5,0.4472135954999579,0.5,0.3333333333333333,2.392451286315918,0.38962674140930176,1.0,0.3333333333333333,0.16666666666666666
487,100,17,1,0.4472135954999579,1.0,1.0,377.3837139606476,4.567572116851807,3.1622776601683795,0.0,1.0
488,100,18,5,0.4472135954999579,1.0,1.0,987.5385963916779,2.9612181186676025,3.1622776601683795,0.0,0.8333333333333334
489,100,19,1,0.4472135954999579,1.0,1.0,311.3542904853821,2.7320313453674316,3.1622776601683795,0.0,1.0
490,100,7,5,0.4472135954999579,0.8333333333333334,1.0,99.26784348487854,3.0558714866638184,3.1622776601683795,0.16666666666666666,0.5
491,100,1,1,0.4472135954999579,0.0,0.0,0.5637001991271973,0.25798892974853516,1.0,0.0,0.0
492,100,12,5,0.4472135954999579,1.0,1.0,376.0066442489624,4.5276124477386475,3.1622776601683795,0.16666666666666666,0.6666666666666666
493,100,6,5,0.4472135954999579,1.0,0.8333333333333334,48.33620738983154,4.917526006698608,3.1622776601683795,0.16666666666666666,0.6666666666666666
494,100,8,5,0.4472135954999579,0.8333333333333334,1.0,148.57120990753174,4.093375205993652,3.1622776601683795,0.16666666666666666,0.6666666666666666
495,100,7,1,0.4472135954999579,1.0,1.0,28.68758797645569,0.7059733867645264,1.0,1.0,0.0
496,100,20,5,0.4472135954999579,1.0,1.0,2248.1879663467407,2.49700927734375,3.1622776601683795,0.0,0.8333333333333334
497,100,3,5,0.4472135954999579,1.0,1.0,7.16073751449585,0.5139408111572266,1.0,1.0,0.16666666666666666
498,100,2,1,0.4472135954999579,1.0,1.0,0.859560489654541,0.293628454208374,1.0,1.0,1.0
499,100,18,1,0.4472135954999579,1.0,1.0,307.31768345832825,5.08824610710144,3.1622776601683795,0.0,1.0
500,100,6,1,0.4472135954999579,1.0,1.0,11.186464309692383,0.20429420471191406,1.0,1.0,0.0
501,100,20,1,0.4472135954999579,1.0,1.0,463.7587773799896,3.275897264480591,3.1622776601683795,0.0,1.0
502,100,14,5,0.4472135954999579,1.0,1.0,549.1294040679932,2.7082595825195312,3.1622776601683795,0.0,0.8333333333333334
503,100,5,5,0.4472135954999579,0.8333333333333334,0.8333333333333334,16.06636643409729,2.443356513977051,3.1622776601683795,0.16666666666666666,0.3333333333333333
504,100,13,5,0.4472135954999579,1.0,0.6666666666666666,459.7771053314209,2.7598469257354736,3.1622776601683795,0.16666666666666666,0.5
505,100,12,1,0.4472135954999579,1.0,1.0,92.41047358512878,2.833763360977173,3.1622776601683795,0.0,1.0
506,100,10,5,0.4472135954999579,1.0,0.8333333333333334,200.87561964988708,2.8909285068511963,3.1622776601683795,0.0,0.6666666666666666
507,100,3,1,0.4472135954999579,1.0,1.0,2.075535535812378,0.14222478866577148,1.0,1.0,0.0
508,100,4,5,0.4472135954999579,0.5,0.5,11.181781768798828,3.555694103240967,3.1622776601683795,0.16666666666666666,0.3333333333333333
509,100,8,1,0.4472135954999579,1.0,1.0,33.747063398361206,0.38837480545043945,1.0,1.0,1.0
510,100,16,5,0.4472135954999579,1.0,0.8333333333333334,700.0528509616852,2.992455244064331,3.1622776601683795,0.3333333333333333,0.8333333333333334
511,100,13,1,0.4472135954999579,1.0,1.0,129.7454891204834,3.5956459045410156,3.1622776601683795,0.0,1.0
512,100,9,5,0.4472135954999579,1.0,1.0,151.62183713912964,4.031055212020874,3.1622776601683795,0.0,0.6666666666666666
513,100,11,5,0.4472135954999579,1.0,1.0,260.28006410598755,3.1303985118865967,3.1622776601683795,0.0,0.6666666666666666
514,100,15,5,0.4472135954999579,0.8333333333333334,1.0,566.7516677379608,3.1490888595581055,3.1622776601683795,0.16666666666666666,0.6666666666666666
515,100,10,1,0.4472135954999579,1.0,1.0,62.41303825378418,0.3638942241668701,1.0,1.0,1.0
516,100,14,1,0.4472135954999579,1.0,1.0,168.2184944152832,2.3761067390441895,3.1622776601683795,0.0,1.0
517,100,16,1,0.4472135954999579,1.0,1.0,244.01126074790955,3.8385236263275146,3.1622776601683795,0.0,1.0
518,100,9,1,0.4472135954999579,1.0,1.0,45.40453314781189,0.5554015636444092,1.0,1.0,1.0
519,100,17,5,0.4472135954999579,1.0,1.0,1001.5782186985016,2.661675453186035,3.1622776601683795,0.16666666666666666,0.8333333333333334
520,100,5,1,0.4472135954999579,1.0,1.0,8.30931305885315,0.25016236305236816,1.0,1.0,1.0
521,100,15,1,0.4472135954999579,1.0,1.0,202.72184300422668,0.39490365982055664,1.0,1.0,1.0
522,100,4,1,0.4472135954999579,0.0,0.0,4.144526720046997,0.2025141716003418,1.0,0.0,0.0
523,100,11,1,0.4472135954999579,1.0,1.0,78.87080693244934,2.569005012512207,3.1622776601683795,0.0,1.0
524,100,1,5,0.4472135954999579,0.3333333333333333,0.5,0.2614591121673584,0.4514734745025635,1.0,0.5,0.0
525,100,19,5,0.4472135954999579,1.0,1.0,1067.0230734348297,2.4522759914398193,3.1622776601683795,0.16666666666666666,0.8333333333333334
526,100,2,5,0.4472135954999579,1.0,0.8333333333333334,2.701822519302368,0.39503931999206543,1.0,0.8333333333333334,0.3333333333333333
527,100,17,1,0.4472135954999579,1.0,1.0,284.3042378425598,2.239467144012451,3.1622776601683795,0.0,1.0
528,100,18,5,0.4472135954999579,1.0,1.0,990.8462855815887,2.567700147628784,3.1622776601683795,0.16666666666666666,0.6666666666666666
529,100,19,1,0.4472135954999579,1.0,1.0,325.95712876319885,2.2890524864196777,3.1622776601683795,0.0,1.0
530,100,7,5,0.4472135954999579,1.0,0.8333333333333334,55.535276889801025,2.290987014770508,3.1622776601683795,0.16666666666666666,0.5
531,100,1,1,0.4472135954999579,0.0,0.0,0.14525938034057617,0.2573831081390381,1.0,0.0,0.0
532,100,12,5,0.4472135954999579,1.0,1.0,273.2537832260132,3.6745975017547607,3.1622776601683795,0.16666666666666666,0.8333333333333334
533,100,6,5,0.4472135954999579,0.8333333333333334,0.6666666666666666,47.19293689727783,0.5570857524871826,1.0,0.6666666666666666,0.5
534,100,8,5,0.4472135954999579,1.0,0.8333333333333334,81.36167645454407,2.1752049922943115,3.1622776601683795,0.0,0.5
535,100,7,1,0.4472135954999579,1.0,1.0,22.467464685440063,0.2526571750640869,1.0,1.0,1.0
536,100,20,5,0.4472135954999579,1.0,0.8333333333333334,1103.2673029899597,2.9361772537231445,10.0,0.0,0.8333333333333334
537,100,3,5,0.4472135954999579,0.8333333333333334,0.6666666666666666,4.5876336097717285,0.9472801685333252,1.0,0.6666666666666666,0.16666666666666666
538,100,2,1,0.4472135954999579,1.0,1.0,0.764275312423706,0.21144866943359375,1.0,1.0,0.0
539,100,18,1,0.4472135954999579,1.0,1.0,334.508287191391,2.137343645095825,3.1622776601683795,0.0,1.0
540,100,6,1,0.4472135954999579,0.0,0.0,16.068882703781128,0.27941036224365234,1.0,0.0,0.0
541,100,20,1,0.4472135954999579,1.0,1.0,584.2056481838226,4.427012920379639,3.1622776601683795,0.0,1.0
542,100,14,5,0.4472135954999579,1.0,1.0,531.0828237533569,2.5474205017089844,3.1622776601683795,0.0,0.8333333333333334
543,100,5,5,0.4472135954999579,0.5,0.6666666666666666,15.9730863571167,3.42655348777771,3.1622776601683795,0.16666666666666666,0.0
544,100,13,5,0.4472135954999579,1.0,1.0,509.4729104042053,5.199578523635864,3.1622776601683795,0.16666666666666666,0.6666666666666666
545,100,12,1,0.4472135954999579,1.0,1.0,95.12661933898926,3.0819270610809326,3.1622776601683795,0.0,1.0
546,100,10,5,0.4472135954999579,1.0,1.0,164.0113091468811,5.225955486297607,3.1622776601683795,0.3333333333333333,0.6666666666666666
547,100,3,1,0.4472135954999579,0.0,0.0,2.062962055206299,0.2030019760131836,1.0,0.0,0.0
548,100,4,5,0.4472135954999579,0.8333333333333334,0.8333333333333334,15.475911140441895,0.5782270431518555,1.0,0.8333333333333334,0.16666666666666666
549,100,8,1,0.4472135954999579,1.0,1.0,31.663617372512817,0.6058621406555176,1.0,1.0,1.0
550,100,16,5,0.4472135954999579,1.0,1.0,632.7440176010132,3.3737430572509766,3.1622776601683795,0.16666666666666666,0.8333333333333334
551,100,13,1,0.4472135954999579,1.0,1.0,119.53712368011475,2.5673141479492188,3.1622776601683795,0.0,1.0
552,100,9,5,0.4472135954999579,1.0,1.0,146.0370831489563,2.4157800674438477,3.1622776601683795,0.3333333333333333,0.5
553,100,11,5,0.4472135954999579,1.0,1.0,239.21312427520752,2.9262795448303223,3.1622776601683795,0.0,0.8333333333333334
554,100,15,5,0.4472135954999579,1.0,1.0,539.9241976737976,4.78543758392334,3.1622776601683795,0.16666666666666666,0.6666666666666666
555,100,10,1,0.4472135954999579,1.0,1.0,61.761762380599976,2.3567938804626465,3.1622776601683795,0.0,1.0
556,100,14,1,0.4472135954999579,1.0,1.0,178.49585223197937,2.2729618549346924,3.1622776601683795,0.0,1.0
557,100,16,1,0.4472135954999579,1.0,1.0,225.82352948188782,2.1874144077301025,3.1622776601683795,0.0,1.0
558,100,9,1,0.4472135954999579,1.0,1.0,38.94109034538269,0.362612247467041,1.0,1.0,1.0
559,100,17,5,0.4472135954999579,1.0,1.0,677.2588136196136,3.251560688018799,3.1622776601683795,0.0,0.8333333333333334
560,100,5,1,0.4472135954999579,1.0,1.0,6.841102123260498,0.22827935218811035,1.0,1.0,1.0
561,100,15,1,0.4472135954999579,1.0,1.0,207.6396632194519,0.8750452995300293,1.0,1.0,1.0
562,100,4,1,0.4472135954999579,1.0,1.0,3.7316172122955322,0.11989760398864746,1.0,1.0,0.0
563,100,11,1,0.4472135954999579,1.0,1.0,72.36984252929688,2.1370444297790527,3.1622776601683795,0.0,1.0
564,100,1,5,0.4472135954999579,0.5,0.3333333333333333,0.3631467819213867,0.5393810272216797,1.0,0.3333333333333333,0.0
565,100,19,5,0.4472135954999579,1.0,1.0,1088.8670868873596,4.664161443710327,3.1622776601683795,0.0,0.8333333333333334
566,100,2,5,0.4472135954999579,0.5,0.3333333333333333,3.6502344608306885,2.646406650543213,3.1622776601683795,0.0,0.0
567,100,17,1,0.4472135954999579,1.0,1.0,308.98112320899963,4.526582479476929,3.1622776601683795,0.0,1.0
568,100,18,5,0.4472135954999579,1.0,1.0,918.8558585643768,2.708348274230957,3.1622776601683795,0.0,0.8333333333333334
569,100,19,1,0.4472135954999579,1.0,1.0,312.5527138710022,2.321894884109497,3.1622776601683795,0.0,1.0
570,100,7,5,0.4472135954999579,0.8333333333333334,0.8333333333333334,98.42558264732361,0.7568981647491455,1.0,0.8333333333333334,0.5
571,100,1,1,0.4472135954999579,1.0,1.0,0.10034894943237305,0.3544793128967285,1.0,1.0,0.0
572,100,12,5,0.4472135954999579,1.0,1.0,267.90364170074463,3.645515203475952,3.1622776601683795,0.16666666666666666,0.6666666666666666
573,100,6,5,0.4472135954999579,0.6666666666666666,0.6666666666666666,44.0100371837616,0.5399036407470703,1.0,0.6666666666666666,0.3333333333333333
574,100,8,5,0.4472135954999579,1.0,0.8333333333333334,106.20718955993652,3.8440089225769043,3.1622776601683795,0.0,0.8333333333333334
575,100,7,1,0.4472135954999579,1.0,1.0,21.594985008239746,0.2713162899017334,1.0,1.0,1.0
576,100,20,5,0.4472135954999579,0.8333333333333334,1.0,1144.1579978466034,3.7964861392974854,3.1622776601683795,0.16666666666666666,0.8333333333333334
577,100,3,5,0.4472135954999579,1.0,1.0,6.971386909484863,0.3361856937408447,1.0,1.0,0.0
578,100,2,1,0.4472135954999579,1.0,1.0,0.5294804573059082,0.13458681106567383,1.0,1.0,1.0
579,100,18,1,0.4472135954999579,1.0,1.0,341.9343078136444,2.7233355045318604,3.1622776601683795,0.0,1.0
580,100,6,1,0.4472135954999579,1.0,1.0,16.31348752975464,0.16691017150878906,1.0,1.0,1.0
581,100,20,1,0.4472135954999579,1.0,1.0,471.9723563194275,4.272158861160278,3.1622776601683795,0.0,1.0
582,100,14,5,0.4472135954999579,1.0,0.8333333333333334,407.8169674873352,3.9142978191375732,3.1622776601683795,0.16666666666666666,0.8333333333333334
583,100,5,5,0.4472135954999579,1.0,0.8333333333333334,19.973329067230225,0.4197549819946289,1.0,0.8333333333333334,0.5
584,100,13,5,0.4472135954999579,0.8333333333333334,0.6666666666666666,396.0914685726166,2.541598081588745,3.1622776601683795,0.16666666666666666,0.6666666666666666
585,100,12,1,0.4472135954999579,1.0,1.0,127.15579986572266,0.3849179744720459,1.0,1.0,1.0
586,100,10,5,0.4472135954999579,1.0,1.0,254.85890984535217,3.486638307571411,3.1622776601683795,0.16666666666666666,0.8333333333333334
587,100,3,1,0.4472135954999579,1.0,1.0,1.691805362701416,0.4162018299102783,1.0,1.0,0.0
588,100,4,5,0.4472135954999579,0.5,0.5,18.36896014213562,0.9092602729797363,3.1622776601683795,0.5,0.5
589,100,8,1,0.4472135954999579,1.0,1.0,46.95172357559204,0.4839601516723633,1.0,1.0,1.0
590,100,16,5,0.4472135954999579,1.0,1.0,624.16188621521,3.3903398513793945,3.1622776601683795,0.16666666666666666,0.8333333333333334
591,100,13,1,0.4472135954999579,1.0,1.0,127.57740020751953,1.008122205734253,1.0,1.0,1.0
592,100,9,5,0.4472135954999579,0.6666666666666666,0.5,117.90250635147095,3.2480762004852295,3.1622776601683795,0.16666666666666666,0.3333333333333333
593,100,11,5,0.4472135954999579,1.0,0.8333333333333334,229.0799264907837,2.781568765640259,3.1622776601683795,0.16666666666666666,0.6666666666666666
594,100,15,5,0.4472135954999579,1.0,1.0,504.6298038959503,2.5940754413604736,3.1622776601683795,0.16666666666666666,0.8333333333333334
595,100,10,1,0.4472135954999579,1.0,1.0,57.66630268096924,0.5016031265258789,3.1622776601683795,0.0,1.0
596,100,14,1,0.4472135954999579,1.0,1.0,149.30334305763245,2.240247964859009,3.1622776601683795,0.0,1.0
597,100,16,1,0.4472135954999579,1.0,1.0,210.78030061721802,3.4059152603149414,3.1622776601683795,0.0,1.0
598,100,9,1,0.4472135954999579,1.0,1.0,51.700894355773926,0.3724355697631836,1.0,1.0,1.0
599,100,17,5,0.4472135954999579,1.0,1.0,596.2123577594757,3.1944212913513184,3.1622776601683795,0.0,0.5
600,100,5,1,0.4472135954999579,1.0,1.0,6.563732862472534,0.25303196907043457,1.0,1.0,1.0
601,100,15,1,0.4472135954999579,1.0,1.0,190.973876953125,2.141106605529785,3.1622776601683795,0.0,1.0
602,100,4,1,0.4472135954999579,1.0,1.0,4.517925977706909,0.20155739784240723,1.0,1.0,1.0
603,100,11,1,0.4472135954999579,1.0,1.0,64.57373714447021,0.36730384826660156,1.0,1.0,1.0
604,100,1,5,0.4472135954999579,0.3333333333333333,0.5,0.2945122718811035,0.660559892654419,1.0,0.5,0.0
605,100,19,5,0.4472135954999579,0.8333333333333334,1.0,844.0098178386688,3.186464309692383,3.1622776601683795,0.0,1.0
606,100,2,5,0.4472135954999579,0.6666666666666666,0.6666666666666666,2.400456666946411,0.3531825542449951,1.0,0.6666666666666666,0.5
607,100,17,1,0.4472135954999579,1.0,1.0,293.4007201194763,0.914111852645874,1.0,1.0,1.0
608,100,18,5,0.4472135954999579,1.0,1.0,1041.9510502815247,2.54356050491333,3.1622776601683795,0.16666666666666666,0.8333333333333334
609,100,19,1,0.4472135954999579,1.0,1.0,308.41492795944214,2.2621095180511475,3.1622776601683795,0.0,1.0
610,100,7,5,0.4472135954999579,0.8333333333333334,0.8333333333333334,52.634560346603394,2.429678201675415,3.1622776601683795,0.0,0.6666666666666666
611,100,1,1,0.4472135954999579,1.0,1.0,0.09016966819763184,0.42889952659606934,1.0,1.0,0.0
612,100,12,5,0.4472135954999579,1.0,1.0,243.50458478927612,2.348595142364502,3.1622776601683795,0.0,0.5
613,100,6,5,0.4472135954999579,0.8333333333333334,0.8333333333333334,36.35566735267639,2.3022022247314453,3.1622776601683795,0.0,0.16666666666666666
614,100,8,5,0.4472135954999579,1.0,1.0,89.15693068504333,2.929157018661499,3.1622776601683795,0.16666666666666666,0.5
615,100,7,1,0.4472135954999579,1.0,1.0,20.88242745399475,0.5825357437133789,1.0,1.0,1.0
616,100,20,5,0.4472135954999579,1.0,1.0,1142.37286901474,2.53088641166687,3.1622776601683795,0.0,0.8333333333333334
617,100,3,5,0.4472135954999579,0.6666666666666666,0.8333333333333334,9.338931798934937,0.8887443542480469,3.1622776601683795,0.8333333333333334,0.16666666666666666
618,100,2,1,0.4472135954999579,1.0,1.0,1.292133092880249,0.32630228996276855,1.0,1.0,0.0
619,100,18,1,0.4472135954999579,1.0,1.0,311.6987979412079,2.335954189300537,3.1622776601683795,0.0,1.0
620,100,6,1,0.4472135954999579,1.0,1.0,15.016762018203735,0.4465672969818115,1.0,1.0,0.0
621,100,20,1,0.4472135954999579,1.0,1.0,457.90488290786743,2.8452391624450684,3.1622776601683795,0.0,1.0
622,100,14,5,0.4472135954999579,1.0,1.0,415.20303678512573,3.2224600315093994,3.1622776601683795,0.16666666666666666,0.8333333333333334
623,100,5,5,0.4472135954999579,0.8333333333333334,0.5,33.930368423461914,4.4609153270721436,3.1622776601683795,0.3333333333333333,0.5
624,100,13,5,0.4472135954999579,1.0,1.0,381.43639039993286,3.5817668437957764,3.1622776601683795,0.16666666666666666,0.8333333333333334
625,100,12,1,0.4472135954999579,1.0,1.0,106.1152446269989,0.4020390510559082,1.0,1.0,1.0
626,100,10,5,0.4472135954999579,1.0,1.0,177.77894973754883,3.0715508460998535,3.1622776601683795,0.16666666666666666,0.8333333333333334
627,100,3,1,0.4472135954999579,1.0,1.0,1.654463768005371,0.2182779312133789,1.0,1.0,0.0
628,100,4,5,0.4472135954999579,0.6666666666666666,0.8333333333333334,15.814474821090698,0.3901689052581787,1.0,0.8333333333333334,0.16666666666666666
629,100,8,1,0.4472135954999579,1.0,1.0,33.02804112434387,0.30107808113098145,1.0,1.0,1.0
630,100,16,5,0.4472135954999579,1.0,0.8333333333333334,592.7525043487549,3.0457875728607178,3.1622776601683795,0.16666666666666666,0.8333333333333334
631,100,13,1,0.4472135954999579,1.0,1.0,132.1813292503357,0.8104405403137207,1.0,1.0,1.0
632,100,9,5,0.4472135954999579,0.8333333333333334,0.8333333333333334,131.72574973106384,3.6483981609344482,3.1622776601683795,0.16666666666666666,0.6666666666666666
633,100,11,5,0.4472135954999579,1.0,1.0,284.95585799217224,3.38724684715271,3.1622776601683795,0.16666666666666666,0.8333333333333334
634,100,15,5,0.4472135954999579,1.0,1.0,548.9976592063904,2.7723495960235596,3.1622776601683795,0.16666666666666666,0.8333333333333334
635,100,10,1,0.4472135954999579,1.0,1.0,59.055270195007324,0.5749647617340088,1.0,1.0,1.0
636,100,14,1,0.4472135954999579,1.0,1.0,163.02458333969116,2.882521152496338,3.1622776601683795,0.0,1.0
637,100,16,1,0.4472135954999579,1.0,1.0,241.0239360332489,2.319674015045166,3.1622776601683795,0.0,1.0
638,100,9,1,0.4472135954999579,1.0,1.0,42.3679301738739,0.4861898422241211,1.0,1.0,1.0
639,100,17,5,0.4472135954999579,1.0,1.0,632.0809643268585,3.59610652923584,3.1622776601683795,0.16666666666666666,0.8333333333333334
640,100,5,1,0.4472135954999579,1.0,1.0,9.215670108795166,0.29435276985168457,1.0,1.0,1.0
641,100,15,1,0.4472135954999579,1.0,1.0,256.32745003700256,3.347665548324585,3.1622776601683795,0.0,1.0
642,100,4,1,0.4472135954999579,1.0,1.0,5.525861501693726,0.36303138732910156,1.0,1.0,1.0
643,100,11,1,0.4472135954999579,1.0,1.0,100.8078224658966,3.024714231491089,3.1622776601683795,0.0,1.0
644,100,1,5,0.4472135954999579,0.3333333333333333,0.3333333333333333,0.304746150970459,0.706932783126831,1.0,0.3333333333333333,0.0
645,100,19,5,0.4472135954999579,1.0,1.0,1353.5396890640259,2.8621714115142822,3.1622776601683795,0.0,0.8333333333333334
646,100,2,5,0.4472135954999579,0.5,0.3333333333333333,2.873706579208374,2.5297610759735107,3.1622776601683795,0.0,0.0
647,100,17,1,0.4472135954999579,1.0,1.0,255.94699621200562,3.7579572200775146,3.1622776601683795,0.0,1.0
648,100,18,5,0.4472135954999579,1.0,1.0,876.145370721817,3.377225875854492,3.1622776601683795,0.0,0.8333333333333334
649,100,19,1,0.4472135954999579,1.0,1.0,306.8676247596741,2.5551083087921143,3.1622776601683795,0.0,1.0
650,100,7,5,0.4472135954999579,1.0,0.8333333333333334,63.7511727809906,3.4505600929260254,3.1622776601683795,0.16666666666666666,0.8333333333333334
651,100,1,1,0.4472135954999579,0.0,0.0,0.27163147926330566,0.3266463279724121,1.0,0.0,0.0
652,100,12,5,0.4472135954999579,1.0,1.0,329.1986873149872,2.4149539470672607,3.1622776601683795,0.0,0.6666666666666666
653,100,6,5,0.4472135954999579,0.8333333333333334,1.0,44.105748891830444,0.5585784912109375,1.0,1.0,0.3333333333333333
654,100,8,5,0.4472135954999579,1.0,0.8333333333333334,93.2186279296875,3.3203556537628174,3.1622776601683795,0.0,0.3333333333333333
655,100,7,1,0.4472135954999579,1.0,1.0,17.973753929138184,0.3127288818359375,1.0,1.0,1.0
656,100,20,5,0.4472135954999579,1.0,1.0,1108.1307508945465,4.299860000610352,3.1622776601683795,0.16666666666666666,0.8333333333333334
657,100,3,5,0.4472135954999579,0.6666666666666666,0.8333333333333334,6.501262664794922,0.30530428886413574,1.0,0.8333333333333334,0.16666666666666666
658,100,2,1,0.4472135954999579,1.0,1.0,0.5140564441680908,0.11781716346740723,1.0,1.0,0.0
659,100,18,1,0.4472135954999579,1.0,1.0,292.73660588264465,2.2115817070007324,3.1622776601683795,0.0,1.0
660,100,6,1,0.4472135954999579,1.0,1.0,16.412203550338745,0.2833435535430908,1.0,1.0,1.0
661,100,20,1,0.4472135954999579,1.0,1.0,460.30015420913696,2.5436556339263916,3.1622776601683795,0.0,1.0
662,100,14,5,0.4472135954999579,1.0,0.8333333333333334,580.5202012062073,2.6617281436920166,3.1622776601683795,0.3333333333333333,0.8333333333333334
663,100,5,5,0.4472135954999579,1.0,0.8333333333333334,30.065221548080444,0.8492650985717773,1.0,0.8333333333333334,0.6666666666666666
664,100,13,5,0.4472135954999579,1.0,0.8333333333333334,328.8355071544647,2.5077500343322754,3.1622776601683795,0.16666666666666666,0.8333333333333334
665,100,12,1,0.4472135954999579,1.0,1.0,98.70758748054504,0.5073528289794922,1.0,1.0,1.0
666,100,10,5,0.4472135954999579,1.0,0.8333333333333334,163.51050209999084,3.064664602279663,3.1622776601683795,0.16666666666666666,0.6666666666666666
667,100,3,1,0.4472135954999579,1.0,1.0,1.629744529724121,0.2256333827972412,1.0,1.0,0.0
668,100,4,5,0.4472135954999579,0.6666666666666666,0.6666666666666666,12.524526596069336,2.20377516746521,3.1622776601683795,0.16666666666666666,0.3333333333333333
669,100,8,1,0.4472135954999579,1.0,1.0,34.12511110305786,0.2919776439666748,1.0,1.0,1.0
670,100,16,5,0.4472135954999579,1.0,1.0,678.6162688732147,3.904177188873291,3.1622776601683795,0.16666666666666666,0.6666666666666666
671,100,13,1,0.4472135954999579,1.0,1.0,131.18746137619019,2.2383017539978027,3.1622776601683795,0.0,1.0
672,100,9,5,0.4472135954999579,1.0,0.8333333333333334,156.3943898677826,3.882179021835327,3.1622776601683795,0.0,0.5
673,100,11,5,0.4472135954999579,1.0,0.8333333333333334,216.05074429512024,3.1792383193969727,3.1622776601683795,0.16666666666666666,0.8333333333333334
674,100,15,5,0.4472135954999579,1.0,1.0,477.4447500705719,2.390789270401001,3.1622776601683795,0.16666666666666666,0.6666666666666666
675,100,10,1,0.4472135954999579,1.0,1.0,79.69901442527771,0.35180020332336426,1.0,1.0,1.0
676,100,14,1,0.4472135954999579,1.0,1.0,209.2699694633484,0.3621947765350342,1.0,1.0,1.0
677,100,16,1,0.4472135954999579,1.0,1.0,316.4574933052063,0.6035997867584229,1.0,1.0,1.0
678,100,9,1,0.4472135954999579,1.0,1.0,62.574374198913574,0.49672555923461914,1.0,1.0,0.0
679,100,17,5,0.4472135954999579,1.0,1.0,889.1976404190063,2.450230121612549,3.1622776601683795,0.16666666666666666,0.8333333333333334
680,100,5,1,0.4472135954999579,1.0,1.0,7.152409553527832,0.19619059562683105,1.0,1.0,1.0
681,100,15,1,0.4472135954999579,1.0,1.0,200.5086236000061,3.085655450820923,3.1622776601683795,0.0,1.0
682,100,4,1,0.4472135954999579,1.0,1.0,5.366279363632202,0.47252392768859863,1.0,1.0,0.0
683,100,11,1,0.4472135954999579,1.0,1.0,79.34624338150024,0.8145573139190674,1.0,1.0,1.0
684,100,1,5,0.4472135954999579,0.6666666666666666,0.6666666666666666,0.6159965991973877,0.6612584590911865,1.0,0.6666666666666666,0.0
685,100,19,5,0.4472135954999579,1.0,1.0,955.3508858680725,3.2071471214294434,3.1622776601683795,0.16666666666666666,0.8333333333333334
686,100,2,5,0.4472135954999579,0.3333333333333333,0.5,2.5534169673919678,0.24191069602966309,1.0,0.5,0.0
687,100,17,1,0.4472135954999579,1.0,1.0,248.16123270988464,3.1944868564605713,3.1622776601683795,0.0,1.0
688,100,18,5,0.4472135954999579,1.0,0.8333333333333334,685.4882001876831,2.795957326889038,10.0,0.0,0.8333333333333334
689,100,19,1,0.4472135954999579,1.0,1.0,302.8740234375,2.0465900897979736,3.1622776601683795,0.0,1.0
690,100,7,5,0.4472135954999579,0.8333333333333334,1.0,83.50642251968384,2.4317007064819336,3.1622776601683795,0.16666666666666666,0.3333333333333333
691,100,1,1,0.4472135954999579,1.0,1.0,0.10298800468444824,0.3689556121826172,1.0,1.0,1.0
692,100,12,5,0.4472135954999579,1.0,0.8333333333333334,294.96385502815247,3.292395830154419,3.1622776601683795,0.0,0.6666666666666666
693,100,6,5,0.4472135954999579,0.8333333333333334,1.0,49.689730405807495,0.7128398418426514,1.0,1.0,0.6666666666666666
694,100,8,5,0.4472135954999579,1.0,0.6666666666666666,108.34521222114563,3.779057502746582,3.1622776601683795,0.16666666666666666,0.6666666666666666
695,100,7,1,0.4472135954999579,1.0,1.0,19.17578887939453,0.316178560256958,1.0,1.0,0.0
696,100,20,5,0.4472135954999579,1.0,1.0,1018.2513430118561,3.2139856815338135,3.1622776601683795,0.0,0.8333333333333334
697,100,3,5,0.4472135954999579,0.6666666666666666,0.8333333333333334,5.264228105545044,0.6050610542297363,1.0,0.8333333333333334,0.5
698,100,2,1,0.4472135954999579,1.0,1.0,0.6961512565612793,0.1591181755065918,1.0,1.0,0.0
699,100,18,1,0.4472135954999579,1.0,1.0,281.1280884742737,2.1847290992736816,3.1622776601683795,0.0,1.0
700,100,6,1,0.4472135954999579,1.0,1.0,16.026338815689087,0.48391175270080566,1.0,1.0,1.0
701,100,20,1,0.4472135954999579,1.0,1.0,585.8925275802612,5.191318035125732,3.1622776601683795,0.0,1.0
702,100,14,5,0.4472135954999579,1.0,1.0,432.0533390045166,2.607034206390381,3.1622776601683795,0.0,0.8333333333333334
703,100,5,5,0.4472135954999579,0.6666666666666666,1.0,21.095515251159668,0.8018279075622559,1.0,1.0,0.3333333333333333
704,100,13,5,0.4472135954999579,0.6666666666666666,1.0,304.14913845062256,2.4158663749694824,3.1622776601683795,0.3333333333333333,0.6666666666666666
705,100,12,1,0.4472135954999579,1.0,1.0,102.69852089881897,0.34513163566589355,1.0,1.0,1.0
706,100,10,5,0.4472135954999579,1.0,0.8333333333333334,204.7131621837616,2.9049925804138184,3.1622776601683795,0.0,0.6666666666666666
707,100,3,1,0.4472135954999579,1.0,1.0,1.825624942779541,0.1346909999847412,1.0,1.0,0.0
708,100,4,5,0.4472135954999579,0.8333333333333334,0.6666666666666666,18.940748691558838,2.7683286666870117,3.1622776601683795,0.0,0.5
709,100,8,1,0.4472135954999579,1.0,1.0,41.90002083778381,0.5609939098358154,1.0,1.0,1.0
710,100,16,5,0.4472135954999579,1.0,1.0,628.9510223865509,2.7096023559570312,3.1622776601683795,0.16666666666666666,0.8333333333333334
711,100,13,1,0.4472135954999579,1.0,1.0,128.6739523410797,0.43876028060913086,1.0,1.0,1.0
712,100,9,5,0.4472135954999579,1.0,1.0,147.43414950370789,2.4734370708465576,3.1622776601683795,0.0,0.8333333333333334
713,100,11,5,0.4472135954999579,1.0,1.0,174.496520280838,2.3607633113861084,3.1622776601683795,0.16666666666666666,0.6666666666666666
714,100,15,5,0.4472135954999579,1.0,1.0,521.4353153705597,2.652405023574829,3.1622776601683795,0.16666666666666666,0.8333333333333334
715,100,10,1,0.4472135954999579,1.0,1.0,66.6371009349823,0.3078193664550781,1.0,1.0,1.0
716,100,14,1,0.4472135954999579,1.0,1.0,171.52883887290955,3.4794764518737793,3.1622776601683795,0.0,1.0
717,100,16,1,0.4472135954999579,1.0,1.0,246.1677942276001,4.34261155128479,3.1622776601683795,0.0,1.0
718,100,9,1,0.4472135954999579,1.0,1.0,50.644564151763916,0.30175137519836426,1.0,1.0,1.0
719,100,17,5,0.4472135954999579,1.0,0.8333333333333334,700.027854681015,2.5581552982330322,3.1622776601683795,0.0,0.8333333333333334
720,100,5,1,0.4472135954999579,1.0,1.0,7.654128551483154,0.22896766662597656,1.0,1.0,1.0
721,100,15,1,0.4472135954999579,1.0,1.0,187.53627800941467,2.6038801670074463,3.1622776601683795,0.0,1.0
722,100,4,1,0.4472135954999579,1.0,1.0,4.927705764770508,0.08440876007080078,1.0,1.0,0.0
723,100,11,1,0.4472135954999579,1.0,1.0,81.37711143493652,0.337510347366333,1.0,1.0,1.0
724,100,1,5,0.4472135954999579,0.6666666666666666,0.5,0.3318960666656494,0.5634427070617676,1.0,0.5,0.0
725,100,19,5,0.4472135954999579,1.0,1.0,905.259800195694,2.6109795570373535,3.1622776601683795,0.16666666666666666,0.8333333333333334
726,100,2,5,0.4472135954999579,0.5,0.5,2.066732883453369,0.614701509475708,1.0,0.5,0.5
727,100,17,1,0.4472135954999579,1.0,1.0,240.56736063957214,2.144710063934326,3.1622776601683795,0.0,1.0
728,100,18,5,0.4472135954999579,1.0,0.8333333333333334,736.0670182704926,2.434664487838745,3.1622776601683795,0.0,0.6666666666666666
729,100,19,1,0.4472135954999579,1.0,1.0,297.6440577507019,2.1040592193603516,3.1622776601683795,0.0,1.0
730,100,7,5,0.4472135954999579,0.8333333333333334,0.6666666666666666,99.45788526535034,3.8096377849578857,3.1622776601683795,0.0,0.6666666666666666
731,100,1,1,0.4472135954999579,0.0,0.0,0.253403902053833,0.6850857734680176,1.0,0.0,0.0
732,100,12,5,0.4472135954999579,1.0,1.0,392.67917132377625,3.4177746772766113,3.1622776601683795,0.16666666666666666,0.8333333333333334
733,100,6,5,0.4472135954999579,0.8333333333333334,0.6666666666666666,46.17033100128174,5.398611307144165,3.1622776601683795,0.0,0.5
734,100,8,5,0.4472135954999579,1.0,0.8333333333333334,118.68259859085083,5.284871339797974,3.1622776601683795,0.0,0.5
735,100,7,1,0.4472135954999579,1.0,1.0,22.14764714241028,0.3030271530151367,1.0,1.0,1.0
736,100,20,5,0.4472135954999579,1.0,1.0,1304.0667507648468,2.4437408447265625,3.1622776601683795,0.0,0.8333333333333334
737,100,3,5,0.4472135954999579,0.8333333333333334,0.5,4.599590301513672,2.063518762588501,3.1622776601683795,0.16666666666666666,0.0
738,100,2,1,0.4472135954999579,1.0,1.0,0.5019919872283936,0.09587550163269043,1.0,1.0,0.0
739,100,18,1,0.4472135954999579,1.0,1.0,260.629510641098,2.446831703186035,3.1622776601683795,0.0,1.0
740,100,6,1,0.4472135954999579,1.0,1.0,16.726265907287598,0.3052644729614258,1.0,1.0,1.0
741,100,20,1,0.4472135954999579,1.0,1.0,473.0079200267792,2.92293381690979,3.1622776601683795,0.0,1.0
742,100,14,5,0.4472135954999579,1.0,1.0,392.21208477020264,2.688314914703369,3.1622776601683795,0.16666666666666666,0.8333333333333334
743,100,5,5,0.4472135954999579,0.5,0.5,15.711141347885132,2.161628007888794,3.1622776601683795,0.0,0.3333333333333333
744,100,13,5,0.4472135954999579,1.0,1.0,226.9787459373474,2.583789587020874,3.1622776601683795,0.0,0.8333333333333334
745,100,12,1,0.4472135954999579,1.0,1.0,103.44516897201538,0.3254985809326172,1.0,1.0,1.0
746,100,10,5,0.4472135954999579,0.8333333333333334,0.6666666666666666,202.45872616767883,2.3646247386932373,3.1622776601683795,0.16666666666666666,0.3333333333333333
747,100,3,1,0.4472135954999579,1.0,1.0,2.0402345657348633,0.236039400100708,1.0,1.0,1.0
748,100,4,5,0.4472135954999579,1.0,0.8333333333333334,17.63984727859497,2.593014717102051,3.1622776601683795,0.0,0.3333333333333333
749,100,8,1,0.4472135954999579,1.0,1.0,32.6176233291626,0.5772891044616699,1.0,1.0,1.0
750,100,16,5,0.4472135954999579,1.0,1.0,690.9984214305878,2.9306156635284424,3.1622776601683795,0.0,0.8333333333333334
751,100,13,1,0.4472135954999579,1.0,1.0,117.60758256912231,2.413844347000122,3.1622776601683795,0.0,1.0
752,100,9,5,0.4472135954999579,0.8333333333333334,0.8333333333333334,136.96241354942322,2.3391637802124023,3.1622776601683795,0.0,0.5
753,100,11,5,0.4472135954999579,1.0,0.8333333333333334,213.61924576759338,2.48807692527771,3.1622776601683795,0.16666666666666666,0.8333333333333334
754,100,15,5,0.4472135954999579,1.0,0.8333333333333334,449.4816310405731,2.5577855110168457,3.1622776601683795,0.16666666666666666,0.8333333333333334
755,100,10,1,0.4472135954999579,1.0,1.0,64.84736633300781,0.7002341747283936,1.0,1.0,1.0
756,100,14,1,0.4472135954999579,1.0,1.0,174.93595099449158,3.251202344894409,3.1622776601683795,0.0,1.0
757,100,16,1,0.4472135954999579,1.0,1.0,228.13168907165527,3.4386632442474365,3.1622776601683795,0.0,1.0
758,100,9,1,0.4472135954999579,1.0,1.0,40.862669229507446,0.32227158546447754,1.0,1.0,1.0
759,100,17,5,0.4472135954999579,1.0,0.8333333333333334,747.8553586006165,2.3411881923675537,3.1622776601683795,0.16666666666666666,0.8333333333333334
760,100,5,1,0.4472135954999579,1.0,1.0,8.558872938156128,0.19251585006713867,1.0,1.0,1.0
761,100,15,1,0.4472135954999579,1.0,1.0,197.62280249595642,2.9639246463775635,3.1622776601683795,0.0,1.0
762,100,4,1,0.4472135954999579,1.0,1.0,4.761922121047974,0.5888552665710449,1.0,1.0,1.0
763,100,11,1,0.4472135954999579,1.0,1.0,82.46042442321777,0.3830912113189697,1.0,1.0,1.0
764,100,1,5,0.4472135954999579,0.6666666666666666,0.3333333333333333,0.41755175590515137,0.33716893196105957,1.0,0.3333333333333333,0.0
765,100,19,5,0.4472135954999579,1.0,1.0,887.6329462528229,3.7567214965820312,3.1622776601683795,0.0,0.8333333333333334
766,100,2,5,0.4472135954999579,0.3333333333333333,0.3333333333333333,1.3935120105743408,0.21483182907104492,1.0,0.3333333333333333,0.0
767,100,17,1,0.4472135954999579,1.0,1.0,232.2914161682129,2.8489491939544678,3.1622776601683795,0.0,1.0
768,100,18,5,0.4472135954999579,1.0,1.0,633.6691303253174,2.5007576942443848,3.1622776601683795,0.16666666666666666,0.8333333333333334
769,100,19,1,0.4472135954999579,1.0,1.0,294.7979702949524,2.159771203994751,3.1622776601683795,0.0,1.0
770,100,7,5,0.4472135954999579,0.8333333333333334,1.0,75.67587423324585,3.1021711826324463,3.1622776601683795,0.16666666666666666,0.5
771,100,1,1,0.4472135954999579,0.0,0.0,0.09207987785339355,0.4648299217224121,1.0,0.0,0.0
772,100,12,5,0.4472135954999579,1.0,0.8333333333333334,245.7553253173828,2.7800114154815674,3.1622776601683795,0.16666666666666666,0.6666666666666666
773,100,6,5,0.4472135954999579,0.8333333333333334,0.8333333333333334,39.37091541290283,0.4293346405029297,1.0,0.8333333333333334,0.3333333333333333
774,100,8,5,0.4472135954999579,0.6666666666666666,0.5,65.7114930152893,3.3684256076812744,3.1622776601683795,0.16666666666666666,0.5
775,100,7,1,0.4472135954999579,1.0,1.0,28.269283056259155,0.29983067512512207,1.0,1.0,1.0
776,100,20,5,0.4472135954999579,1.0,1.0,1119.0579752922058,2.5608575344085693,3.1622776601683795,0.16666666666666666,0.8333333333333334
777,100,3,5,0.4472135954999579,0.8333333333333334,0.8333333333333334,3.7598583698272705,0.36429715156555176,1.0,0.8333333333333334,0.16666666666666666
778,100,2,1,0.4472135954999579,0.0,0.0,0.5052666664123535,0.1704881191253662,1.0,0.0,0.0
779,100,18,1,0.4472135954999579,1.0,1.0,267.1612768173218,2.1259818077087402,3.1622776601683795,0.0,1.0
780,100,6,1,0.4472135954999579,1.0,1.0,16.7497398853302,0.6189005374908447,1.0,1.0,1.0
781,100,20,1,0.4472135954999579,1.0,1.0,431.72726941108704,2.231571674346924,3.1622776601683795,0.0,1.0
782,100,14,5,0.4472135954999579,1.0,1.0,341.75289940834045,2.4453227519989014,3.1622776601683795,0.16666666666666666,0.8333333333333334
783,100,5,5,0.4472135954999579,0.5,0.6666666666666666,14.827685594558716,2.555593967437744,3.1622776601683795,0.16666666666666666,0.3333333333333333
784,100,13,5,0.4472135954999579,0.8333333333333334,1.0,264.16306734085083,2.4222872257232666,3.1622776601683795,0.0,0.6666666666666666
785,100,12,1,0.4472135954999579,1.0,1.0,109.4916729927063,0.4795360565185547,1.0,1.0,1.0
786,100,10,5,0.4472135954999579,1.0,0.6666666666666666,181.50318241119385,2.4197988510131836,3.1622776601683795,0.16666666666666666,0.6666666666666666
787,100,3,1,0.4472135954999579,1.0,1.0,1.707413673400879,0.13211393356323242,1.0,1.0,0.0
788,100,4,5,0.4472135954999579,0.6666666666666666,0.5,12.108988761901855,1.0060622692108154,3.1622776601683795,0.5,0.0
789,100,8,1,0.4472135954999579,1.0,1.0,33.868292570114136,0.31551599502563477,1.0,1.0,0.0
790,100,16,5,0.4472135954999579,1.0,1.0,724.9066300392151,3.6660244464874268,3.1622776601683795,0.0,0.8333333333333334
791,100,13,1,0.4472135954999579,1.0,1.0,109.47147750854492,2.9624216556549072,3.1622776601683795,0.0,1.0
792,100,9,5,0.4472135954999579,1.0,1.0,96.38716244697571,2.2169482707977295,3.1622776601683795,0.0,0.5
793,100,11,5,0.4472135954999579,1.0,1.0,187.97300744056702,2.324284791946411,3.1622776601683795,0.16666666666666666,0.8333333333333334
794,100,15,5,0.4472135954999579,1.0,1.0,542.9507701396942,2.5681557655334473,3.1622776601683795,0.0,0.8333333333333334
795,100,10,1,0.4472135954999579,1.0,1.0,59.69592833518982,3.487319231033325,3.1622776601683795,0.0,1.0
796,100,14,1,0.4472135954999579,1.0,1.0,151.14446926116943,2.1416854858398438,3.1622776601683795,0.0,1.0
797,100,16,1,0.4472135954999579,1.0,1.0,207.51141691207886,2.638089895248413,3.1622776601683795,0.0,1.0
798,100,9,1,0.4472135954999579,1.0,1.0,36.59092617034912,0.23637914657592773,1.0,1.0,1.0
799,100,17,5,0.4472135954999579,1.0,0.8333333333333334,652.3959476947784,2.646348714828491,3.1622776601683795,0.16666666666666666,0.8333333333333334
